{
  "type": "FeatureCollection",
  "features": [
    {
      "type": "Feature",
      "properties": {
        "id": "bldg_R_000",
        "layer": "buildings",
        "building_type": "R",
        "source_type": "design_model",
        "confidence": 0.7,
        "geometry_role": "design_layer",
        "footprint_sqm": 3481.0,
        "stories": 4,
        "height_m": 18
      },
      "geometry": {
        "type": "Polygon",
        "coordinates": [
          [
            [
              288.0,
              398.0
            ],
            [
              288.0,
              457.0
            ],
            [
              347.0,
              457.0
            ],
            [
              347.0,
              398.0
            ],
            [
              288.0,
              398.0
            ]
          ]
        ]
      }
    },
    {
      "type": "Feature",
      "properties": {
        "id": "bldg_R_001",
        "layer": "buildings",
        "building_type": "R",
        "source_type": "design_model",
        "confidence": 0.7,
        "geometry_role": "design_layer",
        "footprint_sqm": 3481.0,
        "stories": 4,
        "height_m": 18
      },
      "geometry": {
        "type": "Polygon",
        "coordinates": [
          [
            [
              288.0,
              481.0
            ],
            [
              288.0,
              540.0
            ],
            [
              347.0,
              540.0
            ],
            [
              347.0,
              481.0
            ],
            [
              288.0,
              481.0
            ]
          ]
        ]
      }
    },
    {
      "type": "Feature",
      "properties": {
        "id": "bldg_R_002",
        "layer": "buildings",
        "building_type": "R",
        "source_type": "design_model",
        "confidence": 0.7,
        "geometry_role": "design_layer",
        "footprint_sqm": 3481.0,
        "stories": 4,
        "height_m": 18
      },
      "geometry": {
        "type": "Polygon",
        "coordinates": [
          [
            [
              288.0,
              564.0
            ],
            [
              288.0,
              623.0
            ],
            [
              347.0,
              623.0
            ],
            [
              347.0,
              564.0
            ],
            [
              288.0,
              564.0
            ]
          ]
        ]
      }
    },
    {
      "type": "Feature",
      "properties": {
        "id": "bldg_R_003",
        "layer": "buildings",
        "building_type": "R",
        "source_type": "design_model",
        "confidence": 0.7,
        "geometry_role": "design_layer",
        "footprint_sqm": 3481.0,
        "stories": 4,
        "height_m": 18
      },
      "geometry": {
        "type": "Polygon",
        "coordinates": [
          [
            [
              288.0,
              647.0
            ],
            [
              288.0,
              706.0
            ],
            [
              347.0,
              706.0
            ],
            [
              347.0,
              647.0
            ],
            [
              288.0,
              647.0
            ]
          ]
        ]
      }
    },
    {
      "type": "Feature",
      "properties": {
        "id": "bldg_R_004",
        "layer": "buildings",
        "building_type": "R",
        "source_type": "design_model",
        "confidence": 0.7,
        "geometry_role": "design_layer",
        "footprint_sqm": 3481.0,
        "stories": 4,
        "height_m": 18
      },
      "geometry": {
        "type": "Polygon",
        "coordinates": [
          [
            [
              288.0,
              730.0
            ],
            [
              288.0,
              789.0
            ],
            [
              347.0,
              789.0
            ],
            [
              347.0,
              730.0
            ],
            [
              288.0,
              730.0
            ]
          ]
        ]
      }
    },
    {
      "type": "Feature",
      "properties": {
        "id": "bldg_R_005",
        "layer": "buildings",
        "building_type": "R",
        "source_type": "design_model",
        "confidence": 0.7,
        "geometry_role": "design_layer",
        "footprint_sqm": 3481.0,
        "stories": 4,
        "height_m": 18
      },
      "geometry": {
        "type": "Polygon",
        "coordinates": [
          [
            [
              288.0,
              813.0
            ],
            [
              288.0,
              872.0
            ],
            [
              347.0,
              872.0
            ],
            [
              347.0,
              813.0
            ],
            [
              288.0,
              813.0
            ]
          ]
        ]
      }
    },
    {
      "type": "Feature",
      "properties": {
        "id": "bldg_R_006",
        "layer": "buildings",
        "building_type": "R",
        "source_type": "design_model",
        "confidence": 0.7,
        "geometry_role": "design_layer",
        "footprint_sqm": 3481.0,
        "stories": 4,
        "height_m": 18
      },
      "geometry": {
        "type": "Polygon",
        "coordinates": [
          [
            [
              288.0,
              896.0
            ],
            [
              288.0,
              955.0
            ],
            [
              347.0,
              955.0
            ],
            [
              347.0,
              896.0
            ],
            [
              288.0,
              896.0
            ]
          ]
        ]
      }
    },
    {
      "type": "Feature",
      "properties": {
        "id": "bldg_R_007",
        "layer": "buildings",
        "building_type": "R",
        "source_type": "design_model",
        "confidence": 0.7,
        "geometry_role": "design_layer",
        "footprint_sqm": 3481.0,
        "stories": 4,
        "height_m": 18
      },
      "geometry": {
        "type": "Polygon",
        "coordinates": [
          [
            [
              288.0,
              979.0
            ],
            [
              288.0,
              1038.0
            ],
            [
              347.0,
              1038.0
            ],
            [
              347.0,
              979.0
            ],
            [
              288.0,
              979.0
            ]
          ]
        ]
      }
    },
    {
      "type": "Feature",
      "properties": {
        "id": "bldg_R_008",
        "layer": "buildings",
        "building_type": "R",
        "source_type": "design_model",
        "confidence": 0.7,
        "geometry_role": "design_layer",
        "footprint_sqm": 3481.0,
        "stories": 4,
        "height_m": 18
      },
      "geometry": {
        "type": "Polygon",
        "coordinates": [
          [
            [
              288.0,
              1062.0
            ],
            [
              288.0,
              1121.0
            ],
            [
              347.0,
              1121.0
            ],
            [
              347.0,
              1062.0
            ],
            [
              288.0,
              1062.0
            ]
          ]
        ]
      }
    },
    {
      "type": "Feature",
      "properties": {
        "id": "bldg_R_009",
        "layer": "buildings",
        "building_type": "R",
        "source_type": "design_model",
        "confidence": 0.7,
        "geometry_role": "design_layer",
        "footprint_sqm": 3481.0,
        "stories": 4,
        "height_m": 18
      },
      "geometry": {
        "type": "Polygon",
        "coordinates": [
          [
            [
              288.0,
              1145.0
            ],
            [
              288.0,
              1204.0
            ],
            [
              347.0,
              1204.0
            ],
            [
              347.0,
              1145.0
            ],
            [
              288.0,
              1145.0
            ]
          ]
        ]
      }
    },
    {
      "type": "Feature",
      "properties": {
        "id": "bldg_R_010",
        "layer": "buildings",
        "building_type": "R",
        "source_type": "design_model",
        "confidence": 0.7,
        "geometry_role": "design_layer",
        "footprint_sqm": 3481.0,
        "stories": 4,
        "height_m": 18
      },
      "geometry": {
        "type": "Polygon",
        "coordinates": [
          [
            [
              288.0,
              1228.0
            ],
            [
              288.0,
              1287.0
            ],
            [
              347.0,
              1287.0
            ],
            [
              347.0,
              1228.0
            ],
            [
              288.0,
              1228.0
            ]
          ]
        ]
      }
    },
    {
      "type": "Feature",
      "properties": {
        "id": "bldg_R_011",
        "layer": "buildings",
        "building_type": "R",
        "source_type": "design_model",
        "confidence": 0.7,
        "geometry_role": "design_layer",
        "footprint_sqm": 3481.0,
        "stories": 4,
        "height_m": 18
      },
      "geometry": {
        "type": "Polygon",
        "coordinates": [
          [
            [
              288.0,
              1311.0
            ],
            [
              288.0,
              1370.0
            ],
            [
              347.0,
              1370.0
            ],
            [
              347.0,
              1311.0
            ],
            [
              288.0,
              1311.0
            ]
          ]
        ]
      }
    },
    {
      "type": "Feature",
      "properties": {
        "id": "bldg_R_012",
        "layer": "buildings",
        "building_type": "R",
        "source_type": "design_model",
        "confidence": 0.7,
        "geometry_role": "design_layer",
        "footprint_sqm": 3481.0,
        "stories": 4,
        "height_m": 18
      },
      "geometry": {
        "type": "Polygon",
        "coordinates": [
          [
            [
              288.0,
              1394.0
            ],
            [
              288.0,
              1453.0
            ],
            [
              347.0,
              1453.0
            ],
            [
              347.0,
              1394.0
            ],
            [
              288.0,
              1394.0
            ]
          ]
        ]
      }
    },
    {
      "type": "Feature",
      "properties": {
        "id": "bldg_R_013",
        "layer": "buildings",
        "building_type": "R",
        "source_type": "design_model",
        "confidence": 0.7,
        "geometry_role": "design_layer",
        "footprint_sqm": 3481.0,
        "stories": 4,
        "height_m": 18
      },
      "geometry": {
        "type": "Polygon",
        "coordinates": [
          [
            [
              288.0,
              1477.0
            ],
            [
              288.0,
              1536.0
            ],
            [
              347.0,
              1536.0
            ],
            [
              347.0,
              1477.0
            ],
            [
              288.0,
              1477.0
            ]
          ]
        ]
      }
    },
    {
      "type": "Feature",
      "properties": {
        "id": "bldg_R_014",
        "layer": "buildings",
        "building_type": "R",
        "source_type": "design_model",
        "confidence": 0.7,
        "geometry_role": "design_layer",
        "footprint_sqm": 3481.0,
        "stories": 4,
        "height_m": 18
      },
      "geometry": {
        "type": "Polygon",
        "coordinates": [
          [
            [
              288.0,
              1560.0
            ],
            [
              288.0,
              1619.0
            ],
            [
              347.0,
              1619.0
            ],
            [
              347.0,
              1560.0
            ],
            [
              288.0,
              1560.0
            ]
          ]
        ]
      }
    },
    {
      "type": "Feature",
      "properties": {
        "id": "bldg_R_015",
        "layer": "buildings",
        "building_type": "R",
        "source_type": "design_model",
        "confidence": 0.7,
        "geometry_role": "design_layer",
        "footprint_sqm": 3481.0,
        "stories": 4,
        "height_m": 18
      },
      "geometry": {
        "type": "Polygon",
        "coordinates": [
          [
            [
              288.0,
              1643.0
            ],
            [
              288.0,
              1702.0
            ],
            [
              347.0,
              1702.0
            ],
            [
              347.0,
              1643.0
            ],
            [
              288.0,
              1643.0
            ]
          ]
        ]
      }
    },
    {
      "type": "Feature",
      "properties": {
        "id": "bldg_R_016",
        "layer": "buildings",
        "building_type": "R",
        "source_type": "design_model",
        "confidence": 0.7,
        "geometry_role": "design_layer",
        "footprint_sqm": 3481.0,
        "stories": 4,
        "height_m": 18
      },
      "geometry": {
        "type": "Polygon",
        "coordinates": [
          [
            [
              288.0,
              1726.0
            ],
            [
              288.0,
              1785.0
            ],
            [
              347.0,
              1785.0
            ],
            [
              347.0,
              1726.0
            ],
            [
              288.0,
              1726.0
            ]
          ]
        ]
      }
    },
    {
      "type": "Feature",
      "properties": {
        "id": "bldg_R_017",
        "layer": "buildings",
        "building_type": "R",
        "source_type": "design_model",
        "confidence": 0.7,
        "geometry_role": "design_layer",
        "footprint_sqm": 3481.0,
        "stories": 4,
        "height_m": 18
      },
      "geometry": {
        "type": "Polygon",
        "coordinates": [
          [
            [
              371.0,
              398.0
            ],
            [
              371.0,
              457.0
            ],
            [
              430.0,
              457.0
            ],
            [
              430.0,
              398.0
            ],
            [
              371.0,
              398.0
            ]
          ]
        ]
      }
    },
    {
      "type": "Feature",
      "properties": {
        "id": "bldg_R_018",
        "layer": "buildings",
        "building_type": "R",
        "source_type": "design_model",
        "confidence": 0.7,
        "geometry_role": "design_layer",
        "footprint_sqm": 3481.0,
        "stories": 4,
        "height_m": 18
      },
      "geometry": {
        "type": "Polygon",
        "coordinates": [
          [
            [
              371.0,
              481.0
            ],
            [
              371.0,
              540.0
            ],
            [
              430.0,
              540.0
            ],
            [
              430.0,
              481.0
            ],
            [
              371.0,
              481.0
            ]
          ]
        ]
      }
    },
    {
      "type": "Feature",
      "properties": {
        "id": "bldg_R_019",
        "layer": "buildings",
        "building_type": "R",
        "source_type": "design_model",
        "confidence": 0.7,
        "geometry_role": "design_layer",
        "footprint_sqm": 3481.0,
        "stories": 4,
        "height_m": 18
      },
      "geometry": {
        "type": "Polygon",
        "coordinates": [
          [
            [
              371.0,
              564.0
            ],
            [
              371.0,
              623.0
            ],
            [
              430.0,
              623.0
            ],
            [
              430.0,
              564.0
            ],
            [
              371.0,
              564.0
            ]
          ]
        ]
      }
    },
    {
      "type": "Feature",
      "properties": {
        "id": "bldg_R_020",
        "layer": "buildings",
        "building_type": "R",
        "source_type": "design_model",
        "confidence": 0.7,
        "geometry_role": "design_layer",
        "footprint_sqm": 3481.0,
        "stories": 4,
        "height_m": 18
      },
      "geometry": {
        "type": "Polygon",
        "coordinates": [
          [
            [
              371.0,
              647.0
            ],
            [
              371.0,
              706.0
            ],
            [
              430.0,
              706.0
            ],
            [
              430.0,
              647.0
            ],
            [
              371.0,
              647.0
            ]
          ]
        ]
      }
    },
    {
      "type": "Feature",
      "properties": {
        "id": "bldg_R_021",
        "layer": "buildings",
        "building_type": "R",
        "source_type": "design_model",
        "confidence": 0.7,
        "geometry_role": "design_layer",
        "footprint_sqm": 3481.0,
        "stories": 4,
        "height_m": 18
      },
      "geometry": {
        "type": "Polygon",
        "coordinates": [
          [
            [
              371.0,
              730.0
            ],
            [
              371.0,
              789.0
            ],
            [
              430.0,
              789.0
            ],
            [
              430.0,
              730.0
            ],
            [
              371.0,
              730.0
            ]
          ]
        ]
      }
    },
    {
      "type": "Feature",
      "properties": {
        "id": "bldg_R_022",
        "layer": "buildings",
        "building_type": "R",
        "source_type": "design_model",
        "confidence": 0.7,
        "geometry_role": "design_layer",
        "footprint_sqm": 3481.0,
        "stories": 4,
        "height_m": 18
      },
      "geometry": {
        "type": "Polygon",
        "coordinates": [
          [
            [
              371.0,
              813.0
            ],
            [
              371.0,
              872.0
            ],
            [
              430.0,
              872.0
            ],
            [
              430.0,
              813.0
            ],
            [
              371.0,
              813.0
            ]
          ]
        ]
      }
    },
    {
      "type": "Feature",
      "properties": {
        "id": "bldg_R_023",
        "layer": "buildings",
        "building_type": "R",
        "source_type": "design_model",
        "confidence": 0.7,
        "geometry_role": "design_layer",
        "footprint_sqm": 3481.0,
        "stories": 4,
        "height_m": 18
      },
      "geometry": {
        "type": "Polygon",
        "coordinates": [
          [
            [
              371.0,
              896.0
            ],
            [
              371.0,
              955.0
            ],
            [
              430.0,
              955.0
            ],
            [
              430.0,
              896.0
            ],
            [
              371.0,
              896.0
            ]
          ]
        ]
      }
    },
    {
      "type": "Feature",
      "properties": {
        "id": "bldg_R_024",
        "layer": "buildings",
        "building_type": "R",
        "source_type": "design_model",
        "confidence": 0.7,
        "geometry_role": "design_layer",
        "footprint_sqm": 3481.0,
        "stories": 4,
        "height_m": 18
      },
      "geometry": {
        "type": "Polygon",
        "coordinates": [
          [
            [
              371.0,
              979.0
            ],
            [
              371.0,
              1038.0
            ],
            [
              430.0,
              1038.0
            ],
            [
              430.0,
              979.0
            ],
            [
              371.0,
              979.0
            ]
          ]
        ]
      }
    },
    {
      "type": "Feature",
      "properties": {
        "id": "bldg_R_025",
        "layer": "buildings",
        "building_type": "R",
        "source_type": "design_model",
        "confidence": 0.7,
        "geometry_role": "design_layer",
        "footprint_sqm": 3481.0,
        "stories": 4,
        "height_m": 18
      },
      "geometry": {
        "type": "Polygon",
        "coordinates": [
          [
            [
              371.0,
              1062.0
            ],
            [
              371.0,
              1121.0
            ],
            [
              430.0,
              1121.0
            ],
            [
              430.0,
              1062.0
            ],
            [
              371.0,
              1062.0
            ]
          ]
        ]
      }
    },
    {
      "type": "Feature",
      "properties": {
        "id": "bldg_R_026",
        "layer": "buildings",
        "building_type": "R",
        "source_type": "design_model",
        "confidence": 0.7,
        "geometry_role": "design_layer",
        "footprint_sqm": 3481.0,
        "stories": 4,
        "height_m": 18
      },
      "geometry": {
        "type": "Polygon",
        "coordinates": [
          [
            [
              371.0,
              1145.0
            ],
            [
              371.0,
              1204.0
            ],
            [
              430.0,
              1204.0
            ],
            [
              430.0,
              1145.0
            ],
            [
              371.0,
              1145.0
            ]
          ]
        ]
      }
    },
    {
      "type": "Feature",
      "properties": {
        "id": "bldg_R_027",
        "layer": "buildings",
        "building_type": "R",
        "source_type": "design_model",
        "confidence": 0.7,
        "geometry_role": "design_layer",
        "footprint_sqm": 3481.0,
        "stories": 4,
        "height_m": 18
      },
      "geometry": {
        "type": "Polygon",
        "coordinates": [
          [
            [
              371.0,
              1228.0
            ],
            [
              371.0,
              1287.0
            ],
            [
              430.0,
              1287.0
            ],
            [
              430.0,
              1228.0
            ],
            [
              371.0,
              1228.0
            ]
          ]
        ]
      }
    },
    {
      "type": "Feature",
      "properties": {
        "id": "bldg_R_028",
        "layer": "buildings",
        "building_type": "R",
        "source_type": "design_model",
        "confidence": 0.7,
        "geometry_role": "design_layer",
        "footprint_sqm": 3481.0,
        "stories": 4,
        "height_m": 18
      },
      "geometry": {
        "type": "Polygon",
        "coordinates": [
          [
            [
              371.0,
              1311.0
            ],
            [
              371.0,
              1370.0
            ],
            [
              430.0,
              1370.0
            ],
            [
              430.0,
              1311.0
            ],
            [
              371.0,
              1311.0
            ]
          ]
        ]
      }
    },
    {
      "type": "Feature",
      "properties": {
        "id": "bldg_R_029",
        "layer": "buildings",
        "building_type": "R",
        "source_type": "design_model",
        "confidence": 0.7,
        "geometry_role": "design_layer",
        "footprint_sqm": 3481.0,
        "stories": 4,
        "height_m": 18
      },
      "geometry": {
        "type": "Polygon",
        "coordinates": [
          [
            [
              371.0,
              1394.0
            ],
            [
              371.0,
              1453.0
            ],
            [
              430.0,
              1453.0
            ],
            [
              430.0,
              1394.0
            ],
            [
              371.0,
              1394.0
            ]
          ]
        ]
      }
    },
    {
      "type": "Feature",
      "properties": {
        "id": "bldg_R_030",
        "layer": "buildings",
        "building_type": "R",
        "source_type": "design_model",
        "confidence": 0.7,
        "geometry_role": "design_layer",
        "footprint_sqm": 3481.0,
        "stories": 4,
        "height_m": 18
      },
      "geometry": {
        "type": "Polygon",
        "coordinates": [
          [
            [
              371.0,
              1477.0
            ],
            [
              371.0,
              1536.0
            ],
            [
              430.0,
              1536.0
            ],
            [
              430.0,
              1477.0
            ],
            [
              371.0,
              1477.0
            ]
          ]
        ]
      }
    },
    {
      "type": "Feature",
      "properties": {
        "id": "bldg_R_031",
        "layer": "buildings",
        "building_type": "R",
        "source_type": "design_model",
        "confidence": 0.7,
        "geometry_role": "design_layer",
        "footprint_sqm": 3481.0,
        "stories": 4,
        "height_m": 18
      },
      "geometry": {
        "type": "Polygon",
        "coordinates": [
          [
            [
              371.0,
              1560.0
            ],
            [
              371.0,
              1619.0
            ],
            [
              430.0,
              1619.0
            ],
            [
              430.0,
              1560.0
            ],
            [
              371.0,
              1560.0
            ]
          ]
        ]
      }
    },
    {
      "type": "Feature",
      "properties": {
        "id": "bldg_R_032",
        "layer": "buildings",
        "building_type": "R",
        "source_type": "design_model",
        "confidence": 0.7,
        "geometry_role": "design_layer",
        "footprint_sqm": 3481.0,
        "stories": 4,
        "height_m": 18
      },
      "geometry": {
        "type": "Polygon",
        "coordinates": [
          [
            [
              371.0,
              1643.0
            ],
            [
              371.0,
              1702.0
            ],
            [
              430.0,
              1702.0
            ],
            [
              430.0,
              1643.0
            ],
            [
              371.0,
              1643.0
            ]
          ]
        ]
      }
    },
    {
      "type": "Feature",
      "properties": {
        "id": "bldg_R_033",
        "layer": "buildings",
        "building_type": "R",
        "source_type": "design_model",
        "confidence": 0.7,
        "geometry_role": "design_layer",
        "footprint_sqm": 3481.0,
        "stories": 4,
        "height_m": 18
      },
      "geometry": {
        "type": "Polygon",
        "coordinates": [
          [
            [
              371.0,
              1726.0
            ],
            [
              371.0,
              1785.0
            ],
            [
              430.0,
              1785.0
            ],
            [
              430.0,
              1726.0
            ],
            [
              371.0,
              1726.0
            ]
          ]
        ]
      }
    },
    {
      "type": "Feature",
      "properties": {
        "id": "bldg_R_034",
        "layer": "buildings",
        "building_type": "R",
        "source_type": "design_model",
        "confidence": 0.7,
        "geometry_role": "design_layer",
        "footprint_sqm": 3481.0,
        "stories": 4,
        "height_m": 18
      },
      "geometry": {
        "type": "Polygon",
        "coordinates": [
          [
            [
              371.0,
              1809.0
            ],
            [
              371.0,
              1868.0
            ],
            [
              430.0,
              1868.0
            ],
            [
              430.0,
              1809.0
            ],
            [
              371.0,
              1809.0
            ]
          ]
        ]
      }
    },
    {
      "type": "Feature",
      "properties": {
        "id": "bldg_R_035",
        "layer": "buildings",
        "building_type": "R",
        "source_type": "design_model",
        "confidence": 0.7,
        "geometry_role": "design_layer",
        "footprint_sqm": 3481.0,
        "stories": 4,
        "height_m": 18
      },
      "geometry": {
        "type": "Polygon",
        "coordinates": [
          [
            [
              371.0,
              1892.0
            ],
            [
              371.0,
              1951.0
            ],
            [
              430.0,
              1951.0
            ],
            [
              430.0,
              1892.0
            ],
            [
              371.0,
              1892.0
            ]
          ]
        ]
      }
    },
    {
      "type": "Feature",
      "properties": {
        "id": "bldg_R_036",
        "layer": "buildings",
        "building_type": "R",
        "source_type": "design_model",
        "confidence": 0.7,
        "geometry_role": "design_layer",
        "footprint_sqm": 3481.0,
        "stories": 4,
        "height_m": 18
      },
      "geometry": {
        "type": "Polygon",
        "coordinates": [
          [
            [
              371.0,
              1975.0
            ],
            [
              371.0,
              2034.0
            ],
            [
              430.0,
              2034.0
            ],
            [
              430.0,
              1975.0
            ],
            [
              371.0,
              1975.0
            ]
          ]
        ]
      }
    },
    {
      "type": "Feature",
      "properties": {
        "id": "bldg_R_037",
        "layer": "buildings",
        "building_type": "R",
        "source_type": "design_model",
        "confidence": 0.7,
        "geometry_role": "design_layer",
        "footprint_sqm": 3481.0,
        "stories": 4,
        "height_m": 18
      },
      "geometry": {
        "type": "Polygon",
        "coordinates": [
          [
            [
              371.0,
              2058.0
            ],
            [
              371.0,
              2117.0
            ],
            [
              430.0,
              2117.0
            ],
            [
              430.0,
              2058.0
            ],
            [
              371.0,
              2058.0
            ]
          ]
        ]
      }
    },
    {
      "type": "Feature",
      "properties": {
        "id": "bldg_R_038",
        "layer": "buildings",
        "building_type": "R",
        "source_type": "design_model",
        "confidence": 0.7,
        "geometry_role": "design_layer",
        "footprint_sqm": 3481.0,
        "stories": 4,
        "height_m": 18
      },
      "geometry": {
        "type": "Polygon",
        "coordinates": [
          [
            [
              371.0,
              2141.0
            ],
            [
              371.0,
              2200.0
            ],
            [
              430.0,
              2200.0
            ],
            [
              430.0,
              2141.0
            ],
            [
              371.0,
              2141.0
            ]
          ]
        ]
      }
    },
    {
      "type": "Feature",
      "properties": {
        "id": "bldg_R_039",
        "layer": "buildings",
        "building_type": "R",
        "source_type": "design_model",
        "confidence": 0.7,
        "geometry_role": "design_layer",
        "footprint_sqm": 3481.0,
        "stories": 4,
        "height_m": 18
      },
      "geometry": {
        "type": "Polygon",
        "coordinates": [
          [
            [
              371.0,
              2224.0
            ],
            [
              371.0,
              2283.0
            ],
            [
              430.0,
              2283.0
            ],
            [
              430.0,
              2224.0
            ],
            [
              371.0,
              2224.0
            ]
          ]
        ]
      }
    },
    {
      "type": "Feature",
      "properties": {
        "id": "bldg_R_040",
        "layer": "buildings",
        "building_type": "R",
        "source_type": "design_model",
        "confidence": 0.7,
        "geometry_role": "design_layer",
        "footprint_sqm": 3481.0,
        "stories": 4,
        "height_m": 18
      },
      "geometry": {
        "type": "Polygon",
        "coordinates": [
          [
            [
              371.0,
              2307.0
            ],
            [
              371.0,
              2366.0
            ],
            [
              430.0,
              2366.0
            ],
            [
              430.0,
              2307.0
            ],
            [
              371.0,
              2307.0
            ]
          ]
        ]
      }
    },
    {
      "type": "Feature",
      "properties": {
        "id": "bldg_R_041",
        "layer": "buildings",
        "building_type": "R",
        "source_type": "design_model",
        "confidence": 0.7,
        "geometry_role": "design_layer",
        "footprint_sqm": 3481.0,
        "stories": 4,
        "height_m": 18
      },
      "geometry": {
        "type": "Polygon",
        "coordinates": [
          [
            [
              371.0,
              2390.0
            ],
            [
              371.0,
              2449.0
            ],
            [
              430.0,
              2449.0
            ],
            [
              430.0,
              2390.0
            ],
            [
              371.0,
              2390.0
            ]
          ]
        ]
      }
    },
    {
      "type": "Feature",
      "properties": {
        "id": "bldg_R_042",
        "layer": "buildings",
        "building_type": "R",
        "source_type": "design_model",
        "confidence": 0.7,
        "geometry_role": "design_layer",
        "footprint_sqm": 3481.0,
        "stories": 4,
        "height_m": 18
      },
      "geometry": {
        "type": "Polygon",
        "coordinates": [
          [
            [
              371.0,
              2473.0
            ],
            [
              371.0,
              2532.0
            ],
            [
              430.0,
              2532.0
            ],
            [
              430.0,
              2473.0
            ],
            [
              371.0,
              2473.0
            ]
          ]
        ]
      }
    },
    {
      "type": "Feature",
      "properties": {
        "id": "bldg_R_043",
        "layer": "buildings",
        "building_type": "R",
        "source_type": "design_model",
        "confidence": 0.7,
        "geometry_role": "design_layer",
        "footprint_sqm": 3481.0,
        "stories": 4,
        "height_m": 18
      },
      "geometry": {
        "type": "Polygon",
        "coordinates": [
          [
            [
              454.0,
              398.0
            ],
            [
              454.0,
              457.0
            ],
            [
              513.0,
              457.0
            ],
            [
              513.0,
              398.0
            ],
            [
              454.0,
              398.0
            ]
          ]
        ]
      }
    },
    {
      "type": "Feature",
      "properties": {
        "id": "bldg_R_044",
        "layer": "buildings",
        "building_type": "R",
        "source_type": "design_model",
        "confidence": 0.7,
        "geometry_role": "design_layer",
        "footprint_sqm": 3481.0,
        "stories": 4,
        "height_m": 18
      },
      "geometry": {
        "type": "Polygon",
        "coordinates": [
          [
            [
              454.0,
              481.0
            ],
            [
              454.0,
              540.0
            ],
            [
              513.0,
              540.0
            ],
            [
              513.0,
              481.0
            ],
            [
              454.0,
              481.0
            ]
          ]
        ]
      }
    },
    {
      "type": "Feature",
      "properties": {
        "id": "bldg_R_045",
        "layer": "buildings",
        "building_type": "R",
        "source_type": "design_model",
        "confidence": 0.7,
        "geometry_role": "design_layer",
        "footprint_sqm": 3481.0,
        "stories": 4,
        "height_m": 18
      },
      "geometry": {
        "type": "Polygon",
        "coordinates": [
          [
            [
              454.0,
              564.0
            ],
            [
              454.0,
              623.0
            ],
            [
              513.0,
              623.0
            ],
            [
              513.0,
              564.0
            ],
            [
              454.0,
              564.0
            ]
          ]
        ]
      }
    },
    {
      "type": "Feature",
      "properties": {
        "id": "bldg_R_046",
        "layer": "buildings",
        "building_type": "R",
        "source_type": "design_model",
        "confidence": 0.7,
        "geometry_role": "design_layer",
        "footprint_sqm": 3481.0,
        "stories": 4,
        "height_m": 18
      },
      "geometry": {
        "type": "Polygon",
        "coordinates": [
          [
            [
              454.0,
              647.0
            ],
            [
              454.0,
              706.0
            ],
            [
              513.0,
              706.0
            ],
            [
              513.0,
              647.0
            ],
            [
              454.0,
              647.0
            ]
          ]
        ]
      }
    },
    {
      "type": "Feature",
      "properties": {
        "id": "bldg_R_047",
        "layer": "buildings",
        "building_type": "R",
        "source_type": "design_model",
        "confidence": 0.7,
        "geometry_role": "design_layer",
        "footprint_sqm": 3481.0,
        "stories": 4,
        "height_m": 18
      },
      "geometry": {
        "type": "Polygon",
        "coordinates": [
          [
            [
              454.0,
              730.0
            ],
            [
              454.0,
              789.0
            ],
            [
              513.0,
              789.0
            ],
            [
              513.0,
              730.0
            ],
            [
              454.0,
              730.0
            ]
          ]
        ]
      }
    },
    {
      "type": "Feature",
      "properties": {
        "id": "bldg_R_048",
        "layer": "buildings",
        "building_type": "R",
        "source_type": "design_model",
        "confidence": 0.7,
        "geometry_role": "design_layer",
        "footprint_sqm": 3481.0,
        "stories": 4,
        "height_m": 18
      },
      "geometry": {
        "type": "Polygon",
        "coordinates": [
          [
            [
              454.0,
              813.0
            ],
            [
              454.0,
              872.0
            ],
            [
              513.0,
              872.0
            ],
            [
              513.0,
              813.0
            ],
            [
              454.0,
              813.0
            ]
          ]
        ]
      }
    },
    {
      "type": "Feature",
      "properties": {
        "id": "bldg_R_049",
        "layer": "buildings",
        "building_type": "R",
        "source_type": "design_model",
        "confidence": 0.7,
        "geometry_role": "design_layer",
        "footprint_sqm": 3481.0,
        "stories": 4,
        "height_m": 18
      },
      "geometry": {
        "type": "Polygon",
        "coordinates": [
          [
            [
              454.0,
              896.0
            ],
            [
              454.0,
              955.0
            ],
            [
              513.0,
              955.0
            ],
            [
              513.0,
              896.0
            ],
            [
              454.0,
              896.0
            ]
          ]
        ]
      }
    },
    {
      "type": "Feature",
      "properties": {
        "id": "bldg_R_050",
        "layer": "buildings",
        "building_type": "R",
        "source_type": "design_model",
        "confidence": 0.7,
        "geometry_role": "design_layer",
        "footprint_sqm": 3481.0,
        "stories": 4,
        "height_m": 18
      },
      "geometry": {
        "type": "Polygon",
        "coordinates": [
          [
            [
              454.0,
              979.0
            ],
            [
              454.0,
              1038.0
            ],
            [
              513.0,
              1038.0
            ],
            [
              513.0,
              979.0
            ],
            [
              454.0,
              979.0
            ]
          ]
        ]
      }
    },
    {
      "type": "Feature",
      "properties": {
        "id": "bldg_R_051",
        "layer": "buildings",
        "building_type": "R",
        "source_type": "design_model",
        "confidence": 0.7,
        "geometry_role": "design_layer",
        "footprint_sqm": 3481.0,
        "stories": 4,
        "height_m": 18
      },
      "geometry": {
        "type": "Polygon",
        "coordinates": [
          [
            [
              454.0,
              1062.0
            ],
            [
              454.0,
              1121.0
            ],
            [
              513.0,
              1121.0
            ],
            [
              513.0,
              1062.0
            ],
            [
              454.0,
              1062.0
            ]
          ]
        ]
      }
    },
    {
      "type": "Feature",
      "properties": {
        "id": "bldg_R_052",
        "layer": "buildings",
        "building_type": "R",
        "source_type": "design_model",
        "confidence": 0.7,
        "geometry_role": "design_layer",
        "footprint_sqm": 3481.0,
        "stories": 4,
        "height_m": 18
      },
      "geometry": {
        "type": "Polygon",
        "coordinates": [
          [
            [
              454.0,
              1145.0
            ],
            [
              454.0,
              1204.0
            ],
            [
              513.0,
              1204.0
            ],
            [
              513.0,
              1145.0
            ],
            [
              454.0,
              1145.0
            ]
          ]
        ]
      }
    },
    {
      "type": "Feature",
      "properties": {
        "id": "bldg_R_053",
        "layer": "buildings",
        "building_type": "R",
        "source_type": "design_model",
        "confidence": 0.7,
        "geometry_role": "design_layer",
        "footprint_sqm": 3481.0,
        "stories": 4,
        "height_m": 18
      },
      "geometry": {
        "type": "Polygon",
        "coordinates": [
          [
            [
              454.0,
              1228.0
            ],
            [
              454.0,
              1287.0
            ],
            [
              513.0,
              1287.0
            ],
            [
              513.0,
              1228.0
            ],
            [
              454.0,
              1228.0
            ]
          ]
        ]
      }
    },
    {
      "type": "Feature",
      "properties": {
        "id": "bldg_R_054",
        "layer": "buildings",
        "building_type": "R",
        "source_type": "design_model",
        "confidence": 0.7,
        "geometry_role": "design_layer",
        "footprint_sqm": 3481.0,
        "stories": 4,
        "height_m": 18
      },
      "geometry": {
        "type": "Polygon",
        "coordinates": [
          [
            [
              454.0,
              1311.0
            ],
            [
              454.0,
              1370.0
            ],
            [
              513.0,
              1370.0
            ],
            [
              513.0,
              1311.0
            ],
            [
              454.0,
              1311.0
            ]
          ]
        ]
      }
    },
    {
      "type": "Feature",
      "properties": {
        "id": "bldg_R_055",
        "layer": "buildings",
        "building_type": "R",
        "source_type": "design_model",
        "confidence": 0.7,
        "geometry_role": "design_layer",
        "footprint_sqm": 3481.0,
        "stories": 4,
        "height_m": 18
      },
      "geometry": {
        "type": "Polygon",
        "coordinates": [
          [
            [
              454.0,
              1394.0
            ],
            [
              454.0,
              1453.0
            ],
            [
              513.0,
              1453.0
            ],
            [
              513.0,
              1394.0
            ],
            [
              454.0,
              1394.0
            ]
          ]
        ]
      }
    },
    {
      "type": "Feature",
      "properties": {
        "id": "bldg_R_056",
        "layer": "buildings",
        "building_type": "R",
        "source_type": "design_model",
        "confidence": 0.7,
        "geometry_role": "design_layer",
        "footprint_sqm": 3481.0,
        "stories": 4,
        "height_m": 18
      },
      "geometry": {
        "type": "Polygon",
        "coordinates": [
          [
            [
              454.0,
              1477.0
            ],
            [
              454.0,
              1536.0
            ],
            [
              513.0,
              1536.0
            ],
            [
              513.0,
              1477.0
            ],
            [
              454.0,
              1477.0
            ]
          ]
        ]
      }
    },
    {
      "type": "Feature",
      "properties": {
        "id": "bldg_R_057",
        "layer": "buildings",
        "building_type": "R",
        "source_type": "design_model",
        "confidence": 0.7,
        "geometry_role": "design_layer",
        "footprint_sqm": 3481.0,
        "stories": 4,
        "height_m": 18
      },
      "geometry": {
        "type": "Polygon",
        "coordinates": [
          [
            [
              454.0,
              1560.0
            ],
            [
              454.0,
              1619.0
            ],
            [
              513.0,
              1619.0
            ],
            [
              513.0,
              1560.0
            ],
            [
              454.0,
              1560.0
            ]
          ]
        ]
      }
    },
    {
      "type": "Feature",
      "properties": {
        "id": "bldg_R_058",
        "layer": "buildings",
        "building_type": "R",
        "source_type": "design_model",
        "confidence": 0.7,
        "geometry_role": "design_layer",
        "footprint_sqm": 3481.0,
        "stories": 4,
        "height_m": 18
      },
      "geometry": {
        "type": "Polygon",
        "coordinates": [
          [
            [
              454.0,
              1643.0
            ],
            [
              454.0,
              1702.0
            ],
            [
              513.0,
              1702.0
            ],
            [
              513.0,
              1643.0
            ],
            [
              454.0,
              1643.0
            ]
          ]
        ]
      }
    },
    {
      "type": "Feature",
      "properties": {
        "id": "bldg_R_059",
        "layer": "buildings",
        "building_type": "R",
        "source_type": "design_model",
        "confidence": 0.7,
        "geometry_role": "design_layer",
        "footprint_sqm": 3481.0,
        "stories": 4,
        "height_m": 18
      },
      "geometry": {
        "type": "Polygon",
        "coordinates": [
          [
            [
              454.0,
              1726.0
            ],
            [
              454.0,
              1785.0
            ],
            [
              513.0,
              1785.0
            ],
            [
              513.0,
              1726.0
            ],
            [
              454.0,
              1726.0
            ]
          ]
        ]
      }
    },
    {
      "type": "Feature",
      "properties": {
        "id": "bldg_R_060",
        "layer": "buildings",
        "building_type": "R",
        "source_type": "design_model",
        "confidence": 0.7,
        "geometry_role": "design_layer",
        "footprint_sqm": 3481.0,
        "stories": 4,
        "height_m": 18
      },
      "geometry": {
        "type": "Polygon",
        "coordinates": [
          [
            [
              454.0,
              1809.0
            ],
            [
              454.0,
              1868.0
            ],
            [
              513.0,
              1868.0
            ],
            [
              513.0,
              1809.0
            ],
            [
              454.0,
              1809.0
            ]
          ]
        ]
      }
    },
    {
      "type": "Feature",
      "properties": {
        "id": "bldg_R_061",
        "layer": "buildings",
        "building_type": "R",
        "source_type": "design_model",
        "confidence": 0.7,
        "geometry_role": "design_layer",
        "footprint_sqm": 3481.0,
        "stories": 4,
        "height_m": 18
      },
      "geometry": {
        "type": "Polygon",
        "coordinates": [
          [
            [
              454.0,
              1892.0
            ],
            [
              454.0,
              1951.0
            ],
            [
              513.0,
              1951.0
            ],
            [
              513.0,
              1892.0
            ],
            [
              454.0,
              1892.0
            ]
          ]
        ]
      }
    },
    {
      "type": "Feature",
      "properties": {
        "id": "bldg_R_062",
        "layer": "buildings",
        "building_type": "R",
        "source_type": "design_model",
        "confidence": 0.7,
        "geometry_role": "design_layer",
        "footprint_sqm": 3481.0,
        "stories": 4,
        "height_m": 18
      },
      "geometry": {
        "type": "Polygon",
        "coordinates": [
          [
            [
              454.0,
              1975.0
            ],
            [
              454.0,
              2034.0
            ],
            [
              513.0,
              2034.0
            ],
            [
              513.0,
              1975.0
            ],
            [
              454.0,
              1975.0
            ]
          ]
        ]
      }
    },
    {
      "type": "Feature",
      "properties": {
        "id": "bldg_R_063",
        "layer": "buildings",
        "building_type": "R",
        "source_type": "design_model",
        "confidence": 0.7,
        "geometry_role": "design_layer",
        "footprint_sqm": 3481.0,
        "stories": 4,
        "height_m": 18
      },
      "geometry": {
        "type": "Polygon",
        "coordinates": [
          [
            [
              454.0,
              2058.0
            ],
            [
              454.0,
              2117.0
            ],
            [
              513.0,
              2117.0
            ],
            [
              513.0,
              2058.0
            ],
            [
              454.0,
              2058.0
            ]
          ]
        ]
      }
    },
    {
      "type": "Feature",
      "properties": {
        "id": "bldg_R_064",
        "layer": "buildings",
        "building_type": "R",
        "source_type": "design_model",
        "confidence": 0.7,
        "geometry_role": "design_layer",
        "footprint_sqm": 3481.0,
        "stories": 4,
        "height_m": 18
      },
      "geometry": {
        "type": "Polygon",
        "coordinates": [
          [
            [
              454.0,
              2141.0
            ],
            [
              454.0,
              2200.0
            ],
            [
              513.0,
              2200.0
            ],
            [
              513.0,
              2141.0
            ],
            [
              454.0,
              2141.0
            ]
          ]
        ]
      }
    },
    {
      "type": "Feature",
      "properties": {
        "id": "bldg_R_065",
        "layer": "buildings",
        "building_type": "R",
        "source_type": "design_model",
        "confidence": 0.7,
        "geometry_role": "design_layer",
        "footprint_sqm": 3481.0,
        "stories": 4,
        "height_m": 18
      },
      "geometry": {
        "type": "Polygon",
        "coordinates": [
          [
            [
              454.0,
              2224.0
            ],
            [
              454.0,
              2283.0
            ],
            [
              513.0,
              2283.0
            ],
            [
              513.0,
              2224.0
            ],
            [
              454.0,
              2224.0
            ]
          ]
        ]
      }
    },
    {
      "type": "Feature",
      "properties": {
        "id": "bldg_R_066",
        "layer": "buildings",
        "building_type": "R",
        "source_type": "design_model",
        "confidence": 0.7,
        "geometry_role": "design_layer",
        "footprint_sqm": 3481.0,
        "stories": 4,
        "height_m": 18
      },
      "geometry": {
        "type": "Polygon",
        "coordinates": [
          [
            [
              454.0,
              2307.0
            ],
            [
              454.0,
              2366.0
            ],
            [
              513.0,
              2366.0
            ],
            [
              513.0,
              2307.0
            ],
            [
              454.0,
              2307.0
            ]
          ]
        ]
      }
    },
    {
      "type": "Feature",
      "properties": {
        "id": "bldg_R_067",
        "layer": "buildings",
        "building_type": "R",
        "source_type": "design_model",
        "confidence": 0.7,
        "geometry_role": "design_layer",
        "footprint_sqm": 3481.0,
        "stories": 4,
        "height_m": 18
      },
      "geometry": {
        "type": "Polygon",
        "coordinates": [
          [
            [
              454.0,
              2390.0
            ],
            [
              454.0,
              2449.0
            ],
            [
              513.0,
              2449.0
            ],
            [
              513.0,
              2390.0
            ],
            [
              454.0,
              2390.0
            ]
          ]
        ]
      }
    },
    {
      "type": "Feature",
      "properties": {
        "id": "bldg_R_068",
        "layer": "buildings",
        "building_type": "R",
        "source_type": "design_model",
        "confidence": 0.7,
        "geometry_role": "design_layer",
        "footprint_sqm": 3481.0,
        "stories": 4,
        "height_m": 18
      },
      "geometry": {
        "type": "Polygon",
        "coordinates": [
          [
            [
              454.0,
              2473.0
            ],
            [
              454.0,
              2532.0
            ],
            [
              513.0,
              2532.0
            ],
            [
              513.0,
              2473.0
            ],
            [
              454.0,
              2473.0
            ]
          ]
        ]
      }
    },
    {
      "type": "Feature",
      "properties": {
        "id": "bldg_R_069",
        "layer": "buildings",
        "building_type": "R",
        "source_type": "design_model",
        "confidence": 0.7,
        "geometry_role": "design_layer",
        "footprint_sqm": 3481.0,
        "stories": 4,
        "height_m": 18
      },
      "geometry": {
        "type": "Polygon",
        "coordinates": [
          [
            [
              537.0,
              398.0
            ],
            [
              537.0,
              457.0
            ],
            [
              596.0,
              457.0
            ],
            [
              596.0,
              398.0
            ],
            [
              537.0,
              398.0
            ]
          ]
        ]
      }
    },
    {
      "type": "Feature",
      "properties": {
        "id": "bldg_R_070",
        "layer": "buildings",
        "building_type": "R",
        "source_type": "design_model",
        "confidence": 0.7,
        "geometry_role": "design_layer",
        "footprint_sqm": 3481.0,
        "stories": 4,
        "height_m": 18
      },
      "geometry": {
        "type": "Polygon",
        "coordinates": [
          [
            [
              537.0,
              481.0
            ],
            [
              537.0,
              540.0
            ],
            [
              596.0,
              540.0
            ],
            [
              596.0,
              481.0
            ],
            [
              537.0,
              481.0
            ]
          ]
        ]
      }
    },
    {
      "type": "Feature",
      "properties": {
        "id": "bldg_R_071",
        "layer": "buildings",
        "building_type": "R",
        "source_type": "design_model",
        "confidence": 0.7,
        "geometry_role": "design_layer",
        "footprint_sqm": 3481.0,
        "stories": 4,
        "height_m": 18
      },
      "geometry": {
        "type": "Polygon",
        "coordinates": [
          [
            [
              537.0,
              564.0
            ],
            [
              537.0,
              623.0
            ],
            [
              596.0,
              623.0
            ],
            [
              596.0,
              564.0
            ],
            [
              537.0,
              564.0
            ]
          ]
        ]
      }
    },
    {
      "type": "Feature",
      "properties": {
        "id": "bldg_R_072",
        "layer": "buildings",
        "building_type": "R",
        "source_type": "design_model",
        "confidence": 0.7,
        "geometry_role": "design_layer",
        "footprint_sqm": 3481.0,
        "stories": 4,
        "height_m": 18
      },
      "geometry": {
        "type": "Polygon",
        "coordinates": [
          [
            [
              537.0,
              647.0
            ],
            [
              537.0,
              706.0
            ],
            [
              596.0,
              706.0
            ],
            [
              596.0,
              647.0
            ],
            [
              537.0,
              647.0
            ]
          ]
        ]
      }
    },
    {
      "type": "Feature",
      "properties": {
        "id": "bldg_R_073",
        "layer": "buildings",
        "building_type": "R",
        "source_type": "design_model",
        "confidence": 0.7,
        "geometry_role": "design_layer",
        "footprint_sqm": 3481.0,
        "stories": 4,
        "height_m": 18
      },
      "geometry": {
        "type": "Polygon",
        "coordinates": [
          [
            [
              537.0,
              730.0
            ],
            [
              537.0,
              789.0
            ],
            [
              596.0,
              789.0
            ],
            [
              596.0,
              730.0
            ],
            [
              537.0,
              730.0
            ]
          ]
        ]
      }
    },
    {
      "type": "Feature",
      "properties": {
        "id": "bldg_R_074",
        "layer": "buildings",
        "building_type": "R",
        "source_type": "design_model",
        "confidence": 0.7,
        "geometry_role": "design_layer",
        "footprint_sqm": 3481.0,
        "stories": 4,
        "height_m": 18
      },
      "geometry": {
        "type": "Polygon",
        "coordinates": [
          [
            [
              537.0,
              813.0
            ],
            [
              537.0,
              872.0
            ],
            [
              596.0,
              872.0
            ],
            [
              596.0,
              813.0
            ],
            [
              537.0,
              813.0
            ]
          ]
        ]
      }
    },
    {
      "type": "Feature",
      "properties": {
        "id": "bldg_R_075",
        "layer": "buildings",
        "building_type": "R",
        "source_type": "design_model",
        "confidence": 0.7,
        "geometry_role": "design_layer",
        "footprint_sqm": 3481.0,
        "stories": 4,
        "height_m": 18
      },
      "geometry": {
        "type": "Polygon",
        "coordinates": [
          [
            [
              537.0,
              896.0
            ],
            [
              537.0,
              955.0
            ],
            [
              596.0,
              955.0
            ],
            [
              596.0,
              896.0
            ],
            [
              537.0,
              896.0
            ]
          ]
        ]
      }
    },
    {
      "type": "Feature",
      "properties": {
        "id": "bldg_R_076",
        "layer": "buildings",
        "building_type": "R",
        "source_type": "design_model",
        "confidence": 0.7,
        "geometry_role": "design_layer",
        "footprint_sqm": 3481.0,
        "stories": 4,
        "height_m": 18
      },
      "geometry": {
        "type": "Polygon",
        "coordinates": [
          [
            [
              537.0,
              979.0
            ],
            [
              537.0,
              1038.0
            ],
            [
              596.0,
              1038.0
            ],
            [
              596.0,
              979.0
            ],
            [
              537.0,
              979.0
            ]
          ]
        ]
      }
    },
    {
      "type": "Feature",
      "properties": {
        "id": "bldg_R_077",
        "layer": "buildings",
        "building_type": "R",
        "source_type": "design_model",
        "confidence": 0.7,
        "geometry_role": "design_layer",
        "footprint_sqm": 3481.0,
        "stories": 4,
        "height_m": 18
      },
      "geometry": {
        "type": "Polygon",
        "coordinates": [
          [
            [
              537.0,
              1062.0
            ],
            [
              537.0,
              1121.0
            ],
            [
              596.0,
              1121.0
            ],
            [
              596.0,
              1062.0
            ],
            [
              537.0,
              1062.0
            ]
          ]
        ]
      }
    },
    {
      "type": "Feature",
      "properties": {
        "id": "bldg_R_078",
        "layer": "buildings",
        "building_type": "R",
        "source_type": "design_model",
        "confidence": 0.7,
        "geometry_role": "design_layer",
        "footprint_sqm": 3481.0,
        "stories": 4,
        "height_m": 18
      },
      "geometry": {
        "type": "Polygon",
        "coordinates": [
          [
            [
              537.0,
              1145.0
            ],
            [
              537.0,
              1204.0
            ],
            [
              596.0,
              1204.0
            ],
            [
              596.0,
              1145.0
            ],
            [
              537.0,
              1145.0
            ]
          ]
        ]
      }
    },
    {
      "type": "Feature",
      "properties": {
        "id": "bldg_R_079",
        "layer": "buildings",
        "building_type": "R",
        "source_type": "design_model",
        "confidence": 0.7,
        "geometry_role": "design_layer",
        "footprint_sqm": 3481.0,
        "stories": 4,
        "height_m": 18
      },
      "geometry": {
        "type": "Polygon",
        "coordinates": [
          [
            [
              537.0,
              1228.0
            ],
            [
              537.0,
              1287.0
            ],
            [
              596.0,
              1287.0
            ],
            [
              596.0,
              1228.0
            ],
            [
              537.0,
              1228.0
            ]
          ]
        ]
      }
    },
    {
      "type": "Feature",
      "properties": {
        "id": "bldg_R_080",
        "layer": "buildings",
        "building_type": "R",
        "source_type": "design_model",
        "confidence": 0.7,
        "geometry_role": "design_layer",
        "footprint_sqm": 3481.0,
        "stories": 4,
        "height_m": 18
      },
      "geometry": {
        "type": "Polygon",
        "coordinates": [
          [
            [
              537.0,
              1311.0
            ],
            [
              537.0,
              1370.0
            ],
            [
              596.0,
              1370.0
            ],
            [
              596.0,
              1311.0
            ],
            [
              537.0,
              1311.0
            ]
          ]
        ]
      }
    },
    {
      "type": "Feature",
      "properties": {
        "id": "bldg_R_081",
        "layer": "buildings",
        "building_type": "R",
        "source_type": "design_model",
        "confidence": 0.7,
        "geometry_role": "design_layer",
        "footprint_sqm": 3481.0,
        "stories": 4,
        "height_m": 18
      },
      "geometry": {
        "type": "Polygon",
        "coordinates": [
          [
            [
              537.0,
              1394.0
            ],
            [
              537.0,
              1453.0
            ],
            [
              596.0,
              1453.0
            ],
            [
              596.0,
              1394.0
            ],
            [
              537.0,
              1394.0
            ]
          ]
        ]
      }
    },
    {
      "type": "Feature",
      "properties": {
        "id": "bldg_R_082",
        "layer": "buildings",
        "building_type": "R",
        "source_type": "design_model",
        "confidence": 0.7,
        "geometry_role": "design_layer",
        "footprint_sqm": 3481.0,
        "stories": 4,
        "height_m": 18
      },
      "geometry": {
        "type": "Polygon",
        "coordinates": [
          [
            [
              537.0,
              1477.0
            ],
            [
              537.0,
              1536.0
            ],
            [
              596.0,
              1536.0
            ],
            [
              596.0,
              1477.0
            ],
            [
              537.0,
              1477.0
            ]
          ]
        ]
      }
    },
    {
      "type": "Feature",
      "properties": {
        "id": "bldg_R_083",
        "layer": "buildings",
        "building_type": "R",
        "source_type": "design_model",
        "confidence": 0.7,
        "geometry_role": "design_layer",
        "footprint_sqm": 3481.0,
        "stories": 4,
        "height_m": 18
      },
      "geometry": {
        "type": "Polygon",
        "coordinates": [
          [
            [
              537.0,
              1560.0
            ],
            [
              537.0,
              1619.0
            ],
            [
              596.0,
              1619.0
            ],
            [
              596.0,
              1560.0
            ],
            [
              537.0,
              1560.0
            ]
          ]
        ]
      }
    },
    {
      "type": "Feature",
      "properties": {
        "id": "bldg_R_084",
        "layer": "buildings",
        "building_type": "R",
        "source_type": "design_model",
        "confidence": 0.7,
        "geometry_role": "design_layer",
        "footprint_sqm": 3481.0,
        "stories": 4,
        "height_m": 18
      },
      "geometry": {
        "type": "Polygon",
        "coordinates": [
          [
            [
              537.0,
              1643.0
            ],
            [
              537.0,
              1702.0
            ],
            [
              596.0,
              1702.0
            ],
            [
              596.0,
              1643.0
            ],
            [
              537.0,
              1643.0
            ]
          ]
        ]
      }
    },
    {
      "type": "Feature",
      "properties": {
        "id": "bldg_R_085",
        "layer": "buildings",
        "building_type": "R",
        "source_type": "design_model",
        "confidence": 0.7,
        "geometry_role": "design_layer",
        "footprint_sqm": 3481.0,
        "stories": 4,
        "height_m": 18
      },
      "geometry": {
        "type": "Polygon",
        "coordinates": [
          [
            [
              537.0,
              1726.0
            ],
            [
              537.0,
              1785.0
            ],
            [
              596.0,
              1785.0
            ],
            [
              596.0,
              1726.0
            ],
            [
              537.0,
              1726.0
            ]
          ]
        ]
      }
    },
    {
      "type": "Feature",
      "properties": {
        "id": "bldg_R_086",
        "layer": "buildings",
        "building_type": "R",
        "source_type": "design_model",
        "confidence": 0.7,
        "geometry_role": "design_layer",
        "footprint_sqm": 3481.0,
        "stories": 4,
        "height_m": 18
      },
      "geometry": {
        "type": "Polygon",
        "coordinates": [
          [
            [
              537.0,
              1809.0
            ],
            [
              537.0,
              1868.0
            ],
            [
              596.0,
              1868.0
            ],
            [
              596.0,
              1809.0
            ],
            [
              537.0,
              1809.0
            ]
          ]
        ]
      }
    },
    {
      "type": "Feature",
      "properties": {
        "id": "bldg_R_087",
        "layer": "buildings",
        "building_type": "R",
        "source_type": "design_model",
        "confidence": 0.7,
        "geometry_role": "design_layer",
        "footprint_sqm": 3481.0,
        "stories": 4,
        "height_m": 18
      },
      "geometry": {
        "type": "Polygon",
        "coordinates": [
          [
            [
              537.0,
              1892.0
            ],
            [
              537.0,
              1951.0
            ],
            [
              596.0,
              1951.0
            ],
            [
              596.0,
              1892.0
            ],
            [
              537.0,
              1892.0
            ]
          ]
        ]
      }
    },
    {
      "type": "Feature",
      "properties": {
        "id": "bldg_R_088",
        "layer": "buildings",
        "building_type": "R",
        "source_type": "design_model",
        "confidence": 0.7,
        "geometry_role": "design_layer",
        "footprint_sqm": 3481.0,
        "stories": 4,
        "height_m": 18
      },
      "geometry": {
        "type": "Polygon",
        "coordinates": [
          [
            [
              537.0,
              1975.0
            ],
            [
              537.0,
              2034.0
            ],
            [
              596.0,
              2034.0
            ],
            [
              596.0,
              1975.0
            ],
            [
              537.0,
              1975.0
            ]
          ]
        ]
      }
    },
    {
      "type": "Feature",
      "properties": {
        "id": "bldg_R_089",
        "layer": "buildings",
        "building_type": "R",
        "source_type": "design_model",
        "confidence": 0.7,
        "geometry_role": "design_layer",
        "footprint_sqm": 3481.0,
        "stories": 4,
        "height_m": 18
      },
      "geometry": {
        "type": "Polygon",
        "coordinates": [
          [
            [
              537.0,
              2058.0
            ],
            [
              537.0,
              2117.0
            ],
            [
              596.0,
              2117.0
            ],
            [
              596.0,
              2058.0
            ],
            [
              537.0,
              2058.0
            ]
          ]
        ]
      }
    },
    {
      "type": "Feature",
      "properties": {
        "id": "bldg_R_090",
        "layer": "buildings",
        "building_type": "R",
        "source_type": "design_model",
        "confidence": 0.7,
        "geometry_role": "design_layer",
        "footprint_sqm": 3481.0,
        "stories": 4,
        "height_m": 18
      },
      "geometry": {
        "type": "Polygon",
        "coordinates": [
          [
            [
              537.0,
              2141.0
            ],
            [
              537.0,
              2200.0
            ],
            [
              596.0,
              2200.0
            ],
            [
              596.0,
              2141.0
            ],
            [
              537.0,
              2141.0
            ]
          ]
        ]
      }
    },
    {
      "type": "Feature",
      "properties": {
        "id": "bldg_R_091",
        "layer": "buildings",
        "building_type": "R",
        "source_type": "design_model",
        "confidence": 0.7,
        "geometry_role": "design_layer",
        "footprint_sqm": 3481.0,
        "stories": 4,
        "height_m": 18
      },
      "geometry": {
        "type": "Polygon",
        "coordinates": [
          [
            [
              537.0,
              2224.0
            ],
            [
              537.0,
              2283.0
            ],
            [
              596.0,
              2283.0
            ],
            [
              596.0,
              2224.0
            ],
            [
              537.0,
              2224.0
            ]
          ]
        ]
      }
    },
    {
      "type": "Feature",
      "properties": {
        "id": "bldg_R_092",
        "layer": "buildings",
        "building_type": "R",
        "source_type": "design_model",
        "confidence": 0.7,
        "geometry_role": "design_layer",
        "footprint_sqm": 3481.0,
        "stories": 4,
        "height_m": 18
      },
      "geometry": {
        "type": "Polygon",
        "coordinates": [
          [
            [
              537.0,
              2307.0
            ],
            [
              537.0,
              2366.0
            ],
            [
              596.0,
              2366.0
            ],
            [
              596.0,
              2307.0
            ],
            [
              537.0,
              2307.0
            ]
          ]
        ]
      }
    },
    {
      "type": "Feature",
      "properties": {
        "id": "bldg_R_093",
        "layer": "buildings",
        "building_type": "R",
        "source_type": "design_model",
        "confidence": 0.7,
        "geometry_role": "design_layer",
        "footprint_sqm": 3481.0,
        "stories": 4,
        "height_m": 18
      },
      "geometry": {
        "type": "Polygon",
        "coordinates": [
          [
            [
              537.0,
              2390.0
            ],
            [
              537.0,
              2449.0
            ],
            [
              596.0,
              2449.0
            ],
            [
              596.0,
              2390.0
            ],
            [
              537.0,
              2390.0
            ]
          ]
        ]
      }
    },
    {
      "type": "Feature",
      "properties": {
        "id": "bldg_R_094",
        "layer": "buildings",
        "building_type": "R",
        "source_type": "design_model",
        "confidence": 0.7,
        "geometry_role": "design_layer",
        "footprint_sqm": 3481.0,
        "stories": 4,
        "height_m": 18
      },
      "geometry": {
        "type": "Polygon",
        "coordinates": [
          [
            [
              537.0,
              2473.0
            ],
            [
              537.0,
              2532.0
            ],
            [
              596.0,
              2532.0
            ],
            [
              596.0,
              2473.0
            ],
            [
              537.0,
              2473.0
            ]
          ]
        ]
      }
    },
    {
      "type": "Feature",
      "properties": {
        "id": "bldg_R_095",
        "layer": "buildings",
        "building_type": "R",
        "source_type": "design_model",
        "confidence": 0.7,
        "geometry_role": "design_layer",
        "footprint_sqm": 3481.0,
        "stories": 4,
        "height_m": 18
      },
      "geometry": {
        "type": "Polygon",
        "coordinates": [
          [
            [
              620.0,
              398.0
            ],
            [
              620.0,
              457.0
            ],
            [
              679.0,
              457.0
            ],
            [
              679.0,
              398.0
            ],
            [
              620.0,
              398.0
            ]
          ]
        ]
      }
    },
    {
      "type": "Feature",
      "properties": {
        "id": "bldg_R_096",
        "layer": "buildings",
        "building_type": "R",
        "source_type": "design_model",
        "confidence": 0.7,
        "geometry_role": "design_layer",
        "footprint_sqm": 3481.0,
        "stories": 4,
        "height_m": 18
      },
      "geometry": {
        "type": "Polygon",
        "coordinates": [
          [
            [
              620.0,
              481.0
            ],
            [
              620.0,
              540.0
            ],
            [
              679.0,
              540.0
            ],
            [
              679.0,
              481.0
            ],
            [
              620.0,
              481.0
            ]
          ]
        ]
      }
    },
    {
      "type": "Feature",
      "properties": {
        "id": "bldg_R_097",
        "layer": "buildings",
        "building_type": "R",
        "source_type": "design_model",
        "confidence": 0.7,
        "geometry_role": "design_layer",
        "footprint_sqm": 3481.0,
        "stories": 4,
        "height_m": 18
      },
      "geometry": {
        "type": "Polygon",
        "coordinates": [
          [
            [
              620.0,
              564.0
            ],
            [
              620.0,
              623.0
            ],
            [
              679.0,
              623.0
            ],
            [
              679.0,
              564.0
            ],
            [
              620.0,
              564.0
            ]
          ]
        ]
      }
    },
    {
      "type": "Feature",
      "properties": {
        "id": "bldg_R_098",
        "layer": "buildings",
        "building_type": "R",
        "source_type": "design_model",
        "confidence": 0.7,
        "geometry_role": "design_layer",
        "footprint_sqm": 3481.0,
        "stories": 4,
        "height_m": 18
      },
      "geometry": {
        "type": "Polygon",
        "coordinates": [
          [
            [
              620.0,
              647.0
            ],
            [
              620.0,
              706.0
            ],
            [
              679.0,
              706.0
            ],
            [
              679.0,
              647.0
            ],
            [
              620.0,
              647.0
            ]
          ]
        ]
      }
    },
    {
      "type": "Feature",
      "properties": {
        "id": "bldg_R_099",
        "layer": "buildings",
        "building_type": "R",
        "source_type": "design_model",
        "confidence": 0.7,
        "geometry_role": "design_layer",
        "footprint_sqm": 3481.0,
        "stories": 4,
        "height_m": 18
      },
      "geometry": {
        "type": "Polygon",
        "coordinates": [
          [
            [
              620.0,
              730.0
            ],
            [
              620.0,
              789.0
            ],
            [
              679.0,
              789.0
            ],
            [
              679.0,
              730.0
            ],
            [
              620.0,
              730.0
            ]
          ]
        ]
      }
    },
    {
      "type": "Feature",
      "properties": {
        "id": "bldg_R_100",
        "layer": "buildings",
        "building_type": "R",
        "source_type": "design_model",
        "confidence": 0.7,
        "geometry_role": "design_layer",
        "footprint_sqm": 3481.0,
        "stories": 4,
        "height_m": 18
      },
      "geometry": {
        "type": "Polygon",
        "coordinates": [
          [
            [
              620.0,
              813.0
            ],
            [
              620.0,
              872.0
            ],
            [
              679.0,
              872.0
            ],
            [
              679.0,
              813.0
            ],
            [
              620.0,
              813.0
            ]
          ]
        ]
      }
    },
    {
      "type": "Feature",
      "properties": {
        "id": "bldg_R_101",
        "layer": "buildings",
        "building_type": "R",
        "source_type": "design_model",
        "confidence": 0.7,
        "geometry_role": "design_layer",
        "footprint_sqm": 3481.0,
        "stories": 4,
        "height_m": 18
      },
      "geometry": {
        "type": "Polygon",
        "coordinates": [
          [
            [
              620.0,
              896.0
            ],
            [
              620.0,
              955.0
            ],
            [
              679.0,
              955.0
            ],
            [
              679.0,
              896.0
            ],
            [
              620.0,
              896.0
            ]
          ]
        ]
      }
    },
    {
      "type": "Feature",
      "properties": {
        "id": "bldg_R_102",
        "layer": "buildings",
        "building_type": "R",
        "source_type": "design_model",
        "confidence": 0.7,
        "geometry_role": "design_layer",
        "footprint_sqm": 3481.0,
        "stories": 4,
        "height_m": 18
      },
      "geometry": {
        "type": "Polygon",
        "coordinates": [
          [
            [
              620.0,
              979.0
            ],
            [
              620.0,
              1038.0
            ],
            [
              679.0,
              1038.0
            ],
            [
              679.0,
              979.0
            ],
            [
              620.0,
              979.0
            ]
          ]
        ]
      }
    },
    {
      "type": "Feature",
      "properties": {
        "id": "bldg_R_103",
        "layer": "buildings",
        "building_type": "R",
        "source_type": "design_model",
        "confidence": 0.7,
        "geometry_role": "design_layer",
        "footprint_sqm": 3481.0,
        "stories": 4,
        "height_m": 18
      },
      "geometry": {
        "type": "Polygon",
        "coordinates": [
          [
            [
              620.0,
              1062.0
            ],
            [
              620.0,
              1121.0
            ],
            [
              679.0,
              1121.0
            ],
            [
              679.0,
              1062.0
            ],
            [
              620.0,
              1062.0
            ]
          ]
        ]
      }
    },
    {
      "type": "Feature",
      "properties": {
        "id": "bldg_R_104",
        "layer": "buildings",
        "building_type": "R",
        "source_type": "design_model",
        "confidence": 0.7,
        "geometry_role": "design_layer",
        "footprint_sqm": 3481.0,
        "stories": 4,
        "height_m": 18
      },
      "geometry": {
        "type": "Polygon",
        "coordinates": [
          [
            [
              620.0,
              1145.0
            ],
            [
              620.0,
              1204.0
            ],
            [
              679.0,
              1204.0
            ],
            [
              679.0,
              1145.0
            ],
            [
              620.0,
              1145.0
            ]
          ]
        ]
      }
    },
    {
      "type": "Feature",
      "properties": {
        "id": "bldg_R_105",
        "layer": "buildings",
        "building_type": "R",
        "source_type": "design_model",
        "confidence": 0.7,
        "geometry_role": "design_layer",
        "footprint_sqm": 3481.0,
        "stories": 4,
        "height_m": 18
      },
      "geometry": {
        "type": "Polygon",
        "coordinates": [
          [
            [
              620.0,
              1228.0
            ],
            [
              620.0,
              1287.0
            ],
            [
              679.0,
              1287.0
            ],
            [
              679.0,
              1228.0
            ],
            [
              620.0,
              1228.0
            ]
          ]
        ]
      }
    },
    {
      "type": "Feature",
      "properties": {
        "id": "bldg_R_106",
        "layer": "buildings",
        "building_type": "R",
        "source_type": "design_model",
        "confidence": 0.7,
        "geometry_role": "design_layer",
        "footprint_sqm": 3481.0,
        "stories": 4,
        "height_m": 18
      },
      "geometry": {
        "type": "Polygon",
        "coordinates": [
          [
            [
              620.0,
              1311.0
            ],
            [
              620.0,
              1370.0
            ],
            [
              679.0,
              1370.0
            ],
            [
              679.0,
              1311.0
            ],
            [
              620.0,
              1311.0
            ]
          ]
        ]
      }
    },
    {
      "type": "Feature",
      "properties": {
        "id": "bldg_R_107",
        "layer": "buildings",
        "building_type": "R",
        "source_type": "design_model",
        "confidence": 0.7,
        "geometry_role": "design_layer",
        "footprint_sqm": 3481.0,
        "stories": 4,
        "height_m": 18
      },
      "geometry": {
        "type": "Polygon",
        "coordinates": [
          [
            [
              620.0,
              1394.0
            ],
            [
              620.0,
              1453.0
            ],
            [
              679.0,
              1453.0
            ],
            [
              679.0,
              1394.0
            ],
            [
              620.0,
              1394.0
            ]
          ]
        ]
      }
    },
    {
      "type": "Feature",
      "properties": {
        "id": "bldg_R_108",
        "layer": "buildings",
        "building_type": "R",
        "source_type": "design_model",
        "confidence": 0.7,
        "geometry_role": "design_layer",
        "footprint_sqm": 3481.0,
        "stories": 4,
        "height_m": 18
      },
      "geometry": {
        "type": "Polygon",
        "coordinates": [
          [
            [
              620.0,
              1477.0
            ],
            [
              620.0,
              1536.0
            ],
            [
              679.0,
              1536.0
            ],
            [
              679.0,
              1477.0
            ],
            [
              620.0,
              1477.0
            ]
          ]
        ]
      }
    },
    {
      "type": "Feature",
      "properties": {
        "id": "bldg_R_109",
        "layer": "buildings",
        "building_type": "R",
        "source_type": "design_model",
        "confidence": 0.7,
        "geometry_role": "design_layer",
        "footprint_sqm": 3481.0,
        "stories": 4,
        "height_m": 18
      },
      "geometry": {
        "type": "Polygon",
        "coordinates": [
          [
            [
              620.0,
              1560.0
            ],
            [
              620.0,
              1619.0
            ],
            [
              679.0,
              1619.0
            ],
            [
              679.0,
              1560.0
            ],
            [
              620.0,
              1560.0
            ]
          ]
        ]
      }
    },
    {
      "type": "Feature",
      "properties": {
        "id": "bldg_R_110",
        "layer": "buildings",
        "building_type": "R",
        "source_type": "design_model",
        "confidence": 0.7,
        "geometry_role": "design_layer",
        "footprint_sqm": 3481.0,
        "stories": 4,
        "height_m": 18
      },
      "geometry": {
        "type": "Polygon",
        "coordinates": [
          [
            [
              620.0,
              1643.0
            ],
            [
              620.0,
              1702.0
            ],
            [
              679.0,
              1702.0
            ],
            [
              679.0,
              1643.0
            ],
            [
              620.0,
              1643.0
            ]
          ]
        ]
      }
    },
    {
      "type": "Feature",
      "properties": {
        "id": "bldg_R_111",
        "layer": "buildings",
        "building_type": "R",
        "source_type": "design_model",
        "confidence": 0.7,
        "geometry_role": "design_layer",
        "footprint_sqm": 3481.0,
        "stories": 4,
        "height_m": 18
      },
      "geometry": {
        "type": "Polygon",
        "coordinates": [
          [
            [
              620.0,
              1726.0
            ],
            [
              620.0,
              1785.0
            ],
            [
              679.0,
              1785.0
            ],
            [
              679.0,
              1726.0
            ],
            [
              620.0,
              1726.0
            ]
          ]
        ]
      }
    },
    {
      "type": "Feature",
      "properties": {
        "id": "bldg_R_112",
        "layer": "buildings",
        "building_type": "R",
        "source_type": "design_model",
        "confidence": 0.7,
        "geometry_role": "design_layer",
        "footprint_sqm": 3481.0,
        "stories": 4,
        "height_m": 18
      },
      "geometry": {
        "type": "Polygon",
        "coordinates": [
          [
            [
              620.0,
              1809.0
            ],
            [
              620.0,
              1868.0
            ],
            [
              679.0,
              1868.0
            ],
            [
              679.0,
              1809.0
            ],
            [
              620.0,
              1809.0
            ]
          ]
        ]
      }
    },
    {
      "type": "Feature",
      "properties": {
        "id": "bldg_R_113",
        "layer": "buildings",
        "building_type": "R",
        "source_type": "design_model",
        "confidence": 0.7,
        "geometry_role": "design_layer",
        "footprint_sqm": 3481.0,
        "stories": 4,
        "height_m": 18
      },
      "geometry": {
        "type": "Polygon",
        "coordinates": [
          [
            [
              620.0,
              1892.0
            ],
            [
              620.0,
              1951.0
            ],
            [
              679.0,
              1951.0
            ],
            [
              679.0,
              1892.0
            ],
            [
              620.0,
              1892.0
            ]
          ]
        ]
      }
    },
    {
      "type": "Feature",
      "properties": {
        "id": "bldg_R_114",
        "layer": "buildings",
        "building_type": "R",
        "source_type": "design_model",
        "confidence": 0.7,
        "geometry_role": "design_layer",
        "footprint_sqm": 3481.0,
        "stories": 4,
        "height_m": 18
      },
      "geometry": {
        "type": "Polygon",
        "coordinates": [
          [
            [
              620.0,
              1975.0
            ],
            [
              620.0,
              2034.0
            ],
            [
              679.0,
              2034.0
            ],
            [
              679.0,
              1975.0
            ],
            [
              620.0,
              1975.0
            ]
          ]
        ]
      }
    },
    {
      "type": "Feature",
      "properties": {
        "id": "bldg_R_115",
        "layer": "buildings",
        "building_type": "R",
        "source_type": "design_model",
        "confidence": 0.7,
        "geometry_role": "design_layer",
        "footprint_sqm": 3481.0,
        "stories": 4,
        "height_m": 18
      },
      "geometry": {
        "type": "Polygon",
        "coordinates": [
          [
            [
              620.0,
              2058.0
            ],
            [
              620.0,
              2117.0
            ],
            [
              679.0,
              2117.0
            ],
            [
              679.0,
              2058.0
            ],
            [
              620.0,
              2058.0
            ]
          ]
        ]
      }
    },
    {
      "type": "Feature",
      "properties": {
        "id": "bldg_R_116",
        "layer": "buildings",
        "building_type": "R",
        "source_type": "design_model",
        "confidence": 0.7,
        "geometry_role": "design_layer",
        "footprint_sqm": 3481.0,
        "stories": 4,
        "height_m": 18
      },
      "geometry": {
        "type": "Polygon",
        "coordinates": [
          [
            [
              620.0,
              2141.0
            ],
            [
              620.0,
              2200.0
            ],
            [
              679.0,
              2200.0
            ],
            [
              679.0,
              2141.0
            ],
            [
              620.0,
              2141.0
            ]
          ]
        ]
      }
    },
    {
      "type": "Feature",
      "properties": {
        "id": "bldg_R_117",
        "layer": "buildings",
        "building_type": "R",
        "source_type": "design_model",
        "confidence": 0.7,
        "geometry_role": "design_layer",
        "footprint_sqm": 3481.0,
        "stories": 4,
        "height_m": 18
      },
      "geometry": {
        "type": "Polygon",
        "coordinates": [
          [
            [
              620.0,
              2224.0
            ],
            [
              620.0,
              2283.0
            ],
            [
              679.0,
              2283.0
            ],
            [
              679.0,
              2224.0
            ],
            [
              620.0,
              2224.0
            ]
          ]
        ]
      }
    },
    {
      "type": "Feature",
      "properties": {
        "id": "bldg_R_118",
        "layer": "buildings",
        "building_type": "R",
        "source_type": "design_model",
        "confidence": 0.7,
        "geometry_role": "design_layer",
        "footprint_sqm": 3481.0,
        "stories": 4,
        "height_m": 18
      },
      "geometry": {
        "type": "Polygon",
        "coordinates": [
          [
            [
              620.0,
              2307.0
            ],
            [
              620.0,
              2366.0
            ],
            [
              679.0,
              2366.0
            ],
            [
              679.0,
              2307.0
            ],
            [
              620.0,
              2307.0
            ]
          ]
        ]
      }
    },
    {
      "type": "Feature",
      "properties": {
        "id": "bldg_R_119",
        "layer": "buildings",
        "building_type": "R",
        "source_type": "design_model",
        "confidence": 0.7,
        "geometry_role": "design_layer",
        "footprint_sqm": 3481.0,
        "stories": 4,
        "height_m": 18
      },
      "geometry": {
        "type": "Polygon",
        "coordinates": [
          [
            [
              620.0,
              2390.0
            ],
            [
              620.0,
              2449.0
            ],
            [
              679.0,
              2449.0
            ],
            [
              679.0,
              2390.0
            ],
            [
              620.0,
              2390.0
            ]
          ]
        ]
      }
    },
    {
      "type": "Feature",
      "properties": {
        "id": "bldg_R_120",
        "layer": "buildings",
        "building_type": "R",
        "source_type": "design_model",
        "confidence": 0.7,
        "geometry_role": "design_layer",
        "footprint_sqm": 3481.0,
        "stories": 4,
        "height_m": 18
      },
      "geometry": {
        "type": "Polygon",
        "coordinates": [
          [
            [
              620.0,
              2473.0
            ],
            [
              620.0,
              2532.0
            ],
            [
              679.0,
              2532.0
            ],
            [
              679.0,
              2473.0
            ],
            [
              620.0,
              2473.0
            ]
          ]
        ]
      }
    },
    {
      "type": "Feature",
      "properties": {
        "id": "bldg_R_121",
        "layer": "buildings",
        "building_type": "R",
        "source_type": "design_model",
        "confidence": 0.7,
        "geometry_role": "design_layer",
        "footprint_sqm": 3481.0,
        "stories": 4,
        "height_m": 18
      },
      "geometry": {
        "type": "Polygon",
        "coordinates": [
          [
            [
              703.0,
              398.0
            ],
            [
              703.0,
              457.0
            ],
            [
              762.0,
              457.0
            ],
            [
              762.0,
              398.0
            ],
            [
              703.0,
              398.0
            ]
          ]
        ]
      }
    },
    {
      "type": "Feature",
      "properties": {
        "id": "bldg_R_122",
        "layer": "buildings",
        "building_type": "R",
        "source_type": "design_model",
        "confidence": 0.7,
        "geometry_role": "design_layer",
        "footprint_sqm": 3481.0,
        "stories": 4,
        "height_m": 18
      },
      "geometry": {
        "type": "Polygon",
        "coordinates": [
          [
            [
              703.0,
              481.0
            ],
            [
              703.0,
              540.0
            ],
            [
              762.0,
              540.0
            ],
            [
              762.0,
              481.0
            ],
            [
              703.0,
              481.0
            ]
          ]
        ]
      }
    },
    {
      "type": "Feature",
      "properties": {
        "id": "bldg_R_123",
        "layer": "buildings",
        "building_type": "R",
        "source_type": "design_model",
        "confidence": 0.7,
        "geometry_role": "design_layer",
        "footprint_sqm": 3481.0,
        "stories": 4,
        "height_m": 18
      },
      "geometry": {
        "type": "Polygon",
        "coordinates": [
          [
            [
              703.0,
              564.0
            ],
            [
              703.0,
              623.0
            ],
            [
              762.0,
              623.0
            ],
            [
              762.0,
              564.0
            ],
            [
              703.0,
              564.0
            ]
          ]
        ]
      }
    },
    {
      "type": "Feature",
      "properties": {
        "id": "bldg_R_124",
        "layer": "buildings",
        "building_type": "R",
        "source_type": "design_model",
        "confidence": 0.7,
        "geometry_role": "design_layer",
        "footprint_sqm": 3481.0,
        "stories": 4,
        "height_m": 18
      },
      "geometry": {
        "type": "Polygon",
        "coordinates": [
          [
            [
              703.0,
              647.0
            ],
            [
              703.0,
              706.0
            ],
            [
              762.0,
              706.0
            ],
            [
              762.0,
              647.0
            ],
            [
              703.0,
              647.0
            ]
          ]
        ]
      }
    },
    {
      "type": "Feature",
      "properties": {
        "id": "bldg_R_125",
        "layer": "buildings",
        "building_type": "R",
        "source_type": "design_model",
        "confidence": 0.7,
        "geometry_role": "design_layer",
        "footprint_sqm": 3481.0,
        "stories": 4,
        "height_m": 18
      },
      "geometry": {
        "type": "Polygon",
        "coordinates": [
          [
            [
              703.0,
              730.0
            ],
            [
              703.0,
              789.0
            ],
            [
              762.0,
              789.0
            ],
            [
              762.0,
              730.0
            ],
            [
              703.0,
              730.0
            ]
          ]
        ]
      }
    },
    {
      "type": "Feature",
      "properties": {
        "id": "bldg_R_126",
        "layer": "buildings",
        "building_type": "R",
        "source_type": "design_model",
        "confidence": 0.7,
        "geometry_role": "design_layer",
        "footprint_sqm": 3481.0,
        "stories": 4,
        "height_m": 18
      },
      "geometry": {
        "type": "Polygon",
        "coordinates": [
          [
            [
              703.0,
              813.0
            ],
            [
              703.0,
              872.0
            ],
            [
              762.0,
              872.0
            ],
            [
              762.0,
              813.0
            ],
            [
              703.0,
              813.0
            ]
          ]
        ]
      }
    },
    {
      "type": "Feature",
      "properties": {
        "id": "bldg_R_127",
        "layer": "buildings",
        "building_type": "R",
        "source_type": "design_model",
        "confidence": 0.7,
        "geometry_role": "design_layer",
        "footprint_sqm": 3481.0,
        "stories": 4,
        "height_m": 18
      },
      "geometry": {
        "type": "Polygon",
        "coordinates": [
          [
            [
              703.0,
              896.0
            ],
            [
              703.0,
              955.0
            ],
            [
              762.0,
              955.0
            ],
            [
              762.0,
              896.0
            ],
            [
              703.0,
              896.0
            ]
          ]
        ]
      }
    },
    {
      "type": "Feature",
      "properties": {
        "id": "bldg_R_128",
        "layer": "buildings",
        "building_type": "R",
        "source_type": "design_model",
        "confidence": 0.7,
        "geometry_role": "design_layer",
        "footprint_sqm": 3481.0,
        "stories": 4,
        "height_m": 18
      },
      "geometry": {
        "type": "Polygon",
        "coordinates": [
          [
            [
              703.0,
              979.0
            ],
            [
              703.0,
              1038.0
            ],
            [
              762.0,
              1038.0
            ],
            [
              762.0,
              979.0
            ],
            [
              703.0,
              979.0
            ]
          ]
        ]
      }
    },
    {
      "type": "Feature",
      "properties": {
        "id": "bldg_R_129",
        "layer": "buildings",
        "building_type": "R",
        "source_type": "design_model",
        "confidence": 0.7,
        "geometry_role": "design_layer",
        "footprint_sqm": 3481.0,
        "stories": 4,
        "height_m": 18
      },
      "geometry": {
        "type": "Polygon",
        "coordinates": [
          [
            [
              703.0,
              1062.0
            ],
            [
              703.0,
              1121.0
            ],
            [
              762.0,
              1121.0
            ],
            [
              762.0,
              1062.0
            ],
            [
              703.0,
              1062.0
            ]
          ]
        ]
      }
    },
    {
      "type": "Feature",
      "properties": {
        "id": "bldg_R_130",
        "layer": "buildings",
        "building_type": "R",
        "source_type": "design_model",
        "confidence": 0.7,
        "geometry_role": "design_layer",
        "footprint_sqm": 3481.0,
        "stories": 4,
        "height_m": 18
      },
      "geometry": {
        "type": "Polygon",
        "coordinates": [
          [
            [
              703.0,
              1145.0
            ],
            [
              703.0,
              1204.0
            ],
            [
              762.0,
              1204.0
            ],
            [
              762.0,
              1145.0
            ],
            [
              703.0,
              1145.0
            ]
          ]
        ]
      }
    },
    {
      "type": "Feature",
      "properties": {
        "id": "bldg_R_131",
        "layer": "buildings",
        "building_type": "R",
        "source_type": "design_model",
        "confidence": 0.7,
        "geometry_role": "design_layer",
        "footprint_sqm": 3481.0,
        "stories": 4,
        "height_m": 18
      },
      "geometry": {
        "type": "Polygon",
        "coordinates": [
          [
            [
              703.0,
              1228.0
            ],
            [
              703.0,
              1287.0
            ],
            [
              762.0,
              1287.0
            ],
            [
              762.0,
              1228.0
            ],
            [
              703.0,
              1228.0
            ]
          ]
        ]
      }
    },
    {
      "type": "Feature",
      "properties": {
        "id": "bldg_R_132",
        "layer": "buildings",
        "building_type": "R",
        "source_type": "design_model",
        "confidence": 0.7,
        "geometry_role": "design_layer",
        "footprint_sqm": 3481.0,
        "stories": 4,
        "height_m": 18
      },
      "geometry": {
        "type": "Polygon",
        "coordinates": [
          [
            [
              703.0,
              1311.0
            ],
            [
              703.0,
              1370.0
            ],
            [
              762.0,
              1370.0
            ],
            [
              762.0,
              1311.0
            ],
            [
              703.0,
              1311.0
            ]
          ]
        ]
      }
    },
    {
      "type": "Feature",
      "properties": {
        "id": "bldg_R_133",
        "layer": "buildings",
        "building_type": "R",
        "source_type": "design_model",
        "confidence": 0.7,
        "geometry_role": "design_layer",
        "footprint_sqm": 3481.0,
        "stories": 4,
        "height_m": 18
      },
      "geometry": {
        "type": "Polygon",
        "coordinates": [
          [
            [
              703.0,
              1394.0
            ],
            [
              703.0,
              1453.0
            ],
            [
              762.0,
              1453.0
            ],
            [
              762.0,
              1394.0
            ],
            [
              703.0,
              1394.0
            ]
          ]
        ]
      }
    },
    {
      "type": "Feature",
      "properties": {
        "id": "bldg_R_134",
        "layer": "buildings",
        "building_type": "R",
        "source_type": "design_model",
        "confidence": 0.7,
        "geometry_role": "design_layer",
        "footprint_sqm": 3481.0,
        "stories": 4,
        "height_m": 18
      },
      "geometry": {
        "type": "Polygon",
        "coordinates": [
          [
            [
              703.0,
              1477.0
            ],
            [
              703.0,
              1536.0
            ],
            [
              762.0,
              1536.0
            ],
            [
              762.0,
              1477.0
            ],
            [
              703.0,
              1477.0
            ]
          ]
        ]
      }
    },
    {
      "type": "Feature",
      "properties": {
        "id": "bldg_R_135",
        "layer": "buildings",
        "building_type": "R",
        "source_type": "design_model",
        "confidence": 0.7,
        "geometry_role": "design_layer",
        "footprint_sqm": 3481.0,
        "stories": 4,
        "height_m": 18
      },
      "geometry": {
        "type": "Polygon",
        "coordinates": [
          [
            [
              703.0,
              1560.0
            ],
            [
              703.0,
              1619.0
            ],
            [
              762.0,
              1619.0
            ],
            [
              762.0,
              1560.0
            ],
            [
              703.0,
              1560.0
            ]
          ]
        ]
      }
    },
    {
      "type": "Feature",
      "properties": {
        "id": "bldg_R_136",
        "layer": "buildings",
        "building_type": "R",
        "source_type": "design_model",
        "confidence": 0.7,
        "geometry_role": "design_layer",
        "footprint_sqm": 3481.0,
        "stories": 4,
        "height_m": 18
      },
      "geometry": {
        "type": "Polygon",
        "coordinates": [
          [
            [
              703.0,
              1643.0
            ],
            [
              703.0,
              1702.0
            ],
            [
              762.0,
              1702.0
            ],
            [
              762.0,
              1643.0
            ],
            [
              703.0,
              1643.0
            ]
          ]
        ]
      }
    },
    {
      "type": "Feature",
      "properties": {
        "id": "bldg_R_137",
        "layer": "buildings",
        "building_type": "R",
        "source_type": "design_model",
        "confidence": 0.7,
        "geometry_role": "design_layer",
        "footprint_sqm": 3481.0,
        "stories": 4,
        "height_m": 18
      },
      "geometry": {
        "type": "Polygon",
        "coordinates": [
          [
            [
              703.0,
              1726.0
            ],
            [
              703.0,
              1785.0
            ],
            [
              762.0,
              1785.0
            ],
            [
              762.0,
              1726.0
            ],
            [
              703.0,
              1726.0
            ]
          ]
        ]
      }
    },
    {
      "type": "Feature",
      "properties": {
        "id": "bldg_R_138",
        "layer": "buildings",
        "building_type": "R",
        "source_type": "design_model",
        "confidence": 0.7,
        "geometry_role": "design_layer",
        "footprint_sqm": 3481.0,
        "stories": 4,
        "height_m": 18
      },
      "geometry": {
        "type": "Polygon",
        "coordinates": [
          [
            [
              703.0,
              1809.0
            ],
            [
              703.0,
              1868.0
            ],
            [
              762.0,
              1868.0
            ],
            [
              762.0,
              1809.0
            ],
            [
              703.0,
              1809.0
            ]
          ]
        ]
      }
    },
    {
      "type": "Feature",
      "properties": {
        "id": "bldg_R_139",
        "layer": "buildings",
        "building_type": "R",
        "source_type": "design_model",
        "confidence": 0.7,
        "geometry_role": "design_layer",
        "footprint_sqm": 3481.0,
        "stories": 4,
        "height_m": 18
      },
      "geometry": {
        "type": "Polygon",
        "coordinates": [
          [
            [
              703.0,
              1892.0
            ],
            [
              703.0,
              1951.0
            ],
            [
              762.0,
              1951.0
            ],
            [
              762.0,
              1892.0
            ],
            [
              703.0,
              1892.0
            ]
          ]
        ]
      }
    },
    {
      "type": "Feature",
      "properties": {
        "id": "bldg_R_140",
        "layer": "buildings",
        "building_type": "R",
        "source_type": "design_model",
        "confidence": 0.7,
        "geometry_role": "design_layer",
        "footprint_sqm": 3481.0,
        "stories": 4,
        "height_m": 18
      },
      "geometry": {
        "type": "Polygon",
        "coordinates": [
          [
            [
              703.0,
              1975.0
            ],
            [
              703.0,
              2034.0
            ],
            [
              762.0,
              2034.0
            ],
            [
              762.0,
              1975.0
            ],
            [
              703.0,
              1975.0
            ]
          ]
        ]
      }
    },
    {
      "type": "Feature",
      "properties": {
        "id": "bldg_R_141",
        "layer": "buildings",
        "building_type": "R",
        "source_type": "design_model",
        "confidence": 0.7,
        "geometry_role": "design_layer",
        "footprint_sqm": 3481.0,
        "stories": 4,
        "height_m": 18
      },
      "geometry": {
        "type": "Polygon",
        "coordinates": [
          [
            [
              703.0,
              2058.0
            ],
            [
              703.0,
              2117.0
            ],
            [
              762.0,
              2117.0
            ],
            [
              762.0,
              2058.0
            ],
            [
              703.0,
              2058.0
            ]
          ]
        ]
      }
    },
    {
      "type": "Feature",
      "properties": {
        "id": "bldg_R_142",
        "layer": "buildings",
        "building_type": "R",
        "source_type": "design_model",
        "confidence": 0.7,
        "geometry_role": "design_layer",
        "footprint_sqm": 3481.0,
        "stories": 4,
        "height_m": 18
      },
      "geometry": {
        "type": "Polygon",
        "coordinates": [
          [
            [
              703.0,
              2141.0
            ],
            [
              703.0,
              2200.0
            ],
            [
              762.0,
              2200.0
            ],
            [
              762.0,
              2141.0
            ],
            [
              703.0,
              2141.0
            ]
          ]
        ]
      }
    },
    {
      "type": "Feature",
      "properties": {
        "id": "bldg_R_143",
        "layer": "buildings",
        "building_type": "R",
        "source_type": "design_model",
        "confidence": 0.7,
        "geometry_role": "design_layer",
        "footprint_sqm": 3481.0,
        "stories": 4,
        "height_m": 18
      },
      "geometry": {
        "type": "Polygon",
        "coordinates": [
          [
            [
              703.0,
              2224.0
            ],
            [
              703.0,
              2283.0
            ],
            [
              762.0,
              2283.0
            ],
            [
              762.0,
              2224.0
            ],
            [
              703.0,
              2224.0
            ]
          ]
        ]
      }
    },
    {
      "type": "Feature",
      "properties": {
        "id": "bldg_R_144",
        "layer": "buildings",
        "building_type": "R",
        "source_type": "design_model",
        "confidence": 0.7,
        "geometry_role": "design_layer",
        "footprint_sqm": 3481.0,
        "stories": 4,
        "height_m": 18
      },
      "geometry": {
        "type": "Polygon",
        "coordinates": [
          [
            [
              703.0,
              2307.0
            ],
            [
              703.0,
              2366.0
            ],
            [
              762.0,
              2366.0
            ],
            [
              762.0,
              2307.0
            ],
            [
              703.0,
              2307.0
            ]
          ]
        ]
      }
    },
    {
      "type": "Feature",
      "properties": {
        "id": "bldg_R_145",
        "layer": "buildings",
        "building_type": "R",
        "source_type": "design_model",
        "confidence": 0.7,
        "geometry_role": "design_layer",
        "footprint_sqm": 3481.0,
        "stories": 4,
        "height_m": 18
      },
      "geometry": {
        "type": "Polygon",
        "coordinates": [
          [
            [
              703.0,
              2390.0
            ],
            [
              703.0,
              2449.0
            ],
            [
              762.0,
              2449.0
            ],
            [
              762.0,
              2390.0
            ],
            [
              703.0,
              2390.0
            ]
          ]
        ]
      }
    },
    {
      "type": "Feature",
      "properties": {
        "id": "bldg_R_146",
        "layer": "buildings",
        "building_type": "R",
        "source_type": "design_model",
        "confidence": 0.7,
        "geometry_role": "design_layer",
        "footprint_sqm": 3481.0,
        "stories": 4,
        "height_m": 18
      },
      "geometry": {
        "type": "Polygon",
        "coordinates": [
          [
            [
              703.0,
              2473.0
            ],
            [
              703.0,
              2532.0
            ],
            [
              762.0,
              2532.0
            ],
            [
              762.0,
              2473.0
            ],
            [
              703.0,
              2473.0
            ]
          ]
        ]
      }
    },
    {
      "type": "Feature",
      "properties": {
        "id": "bldg_R_147",
        "layer": "buildings",
        "building_type": "R",
        "source_type": "design_model",
        "confidence": 0.7,
        "geometry_role": "design_layer",
        "footprint_sqm": 3481.0,
        "stories": 4,
        "height_m": 18
      },
      "geometry": {
        "type": "Polygon",
        "coordinates": [
          [
            [
              786.0,
              398.0
            ],
            [
              786.0,
              457.0
            ],
            [
              845.0,
              457.0
            ],
            [
              845.0,
              398.0
            ],
            [
              786.0,
              398.0
            ]
          ]
        ]
      }
    },
    {
      "type": "Feature",
      "properties": {
        "id": "bldg_R_148",
        "layer": "buildings",
        "building_type": "R",
        "source_type": "design_model",
        "confidence": 0.7,
        "geometry_role": "design_layer",
        "footprint_sqm": 3481.0,
        "stories": 4,
        "height_m": 18
      },
      "geometry": {
        "type": "Polygon",
        "coordinates": [
          [
            [
              786.0,
              481.0
            ],
            [
              786.0,
              540.0
            ],
            [
              845.0,
              540.0
            ],
            [
              845.0,
              481.0
            ],
            [
              786.0,
              481.0
            ]
          ]
        ]
      }
    },
    {
      "type": "Feature",
      "properties": {
        "id": "bldg_R_149",
        "layer": "buildings",
        "building_type": "R",
        "source_type": "design_model",
        "confidence": 0.7,
        "geometry_role": "design_layer",
        "footprint_sqm": 3481.0,
        "stories": 4,
        "height_m": 18
      },
      "geometry": {
        "type": "Polygon",
        "coordinates": [
          [
            [
              786.0,
              564.0
            ],
            [
              786.0,
              623.0
            ],
            [
              845.0,
              623.0
            ],
            [
              845.0,
              564.0
            ],
            [
              786.0,
              564.0
            ]
          ]
        ]
      }
    },
    {
      "type": "Feature",
      "properties": {
        "id": "bldg_R_150",
        "layer": "buildings",
        "building_type": "R",
        "source_type": "design_model",
        "confidence": 0.7,
        "geometry_role": "design_layer",
        "footprint_sqm": 3481.0,
        "stories": 4,
        "height_m": 18
      },
      "geometry": {
        "type": "Polygon",
        "coordinates": [
          [
            [
              786.0,
              647.0
            ],
            [
              786.0,
              706.0
            ],
            [
              845.0,
              706.0
            ],
            [
              845.0,
              647.0
            ],
            [
              786.0,
              647.0
            ]
          ]
        ]
      }
    },
    {
      "type": "Feature",
      "properties": {
        "id": "bldg_R_151",
        "layer": "buildings",
        "building_type": "R",
        "source_type": "design_model",
        "confidence": 0.7,
        "geometry_role": "design_layer",
        "footprint_sqm": 3481.0,
        "stories": 4,
        "height_m": 18
      },
      "geometry": {
        "type": "Polygon",
        "coordinates": [
          [
            [
              786.0,
              730.0
            ],
            [
              786.0,
              789.0
            ],
            [
              845.0,
              789.0
            ],
            [
              845.0,
              730.0
            ],
            [
              786.0,
              730.0
            ]
          ]
        ]
      }
    },
    {
      "type": "Feature",
      "properties": {
        "id": "bldg_R_152",
        "layer": "buildings",
        "building_type": "R",
        "source_type": "design_model",
        "confidence": 0.7,
        "geometry_role": "design_layer",
        "footprint_sqm": 3481.0,
        "stories": 4,
        "height_m": 18
      },
      "geometry": {
        "type": "Polygon",
        "coordinates": [
          [
            [
              786.0,
              813.0
            ],
            [
              786.0,
              872.0
            ],
            [
              845.0,
              872.0
            ],
            [
              845.0,
              813.0
            ],
            [
              786.0,
              813.0
            ]
          ]
        ]
      }
    },
    {
      "type": "Feature",
      "properties": {
        "id": "bldg_R_153",
        "layer": "buildings",
        "building_type": "R",
        "source_type": "design_model",
        "confidence": 0.7,
        "geometry_role": "design_layer",
        "footprint_sqm": 3481.0,
        "stories": 4,
        "height_m": 18
      },
      "geometry": {
        "type": "Polygon",
        "coordinates": [
          [
            [
              786.0,
              896.0
            ],
            [
              786.0,
              955.0
            ],
            [
              845.0,
              955.0
            ],
            [
              845.0,
              896.0
            ],
            [
              786.0,
              896.0
            ]
          ]
        ]
      }
    },
    {
      "type": "Feature",
      "properties": {
        "id": "bldg_R_154",
        "layer": "buildings",
        "building_type": "R",
        "source_type": "design_model",
        "confidence": 0.7,
        "geometry_role": "design_layer",
        "footprint_sqm": 3481.0,
        "stories": 4,
        "height_m": 18
      },
      "geometry": {
        "type": "Polygon",
        "coordinates": [
          [
            [
              786.0,
              979.0
            ],
            [
              786.0,
              1038.0
            ],
            [
              845.0,
              1038.0
            ],
            [
              845.0,
              979.0
            ],
            [
              786.0,
              979.0
            ]
          ]
        ]
      }
    },
    {
      "type": "Feature",
      "properties": {
        "id": "bldg_R_155",
        "layer": "buildings",
        "building_type": "R",
        "source_type": "design_model",
        "confidence": 0.7,
        "geometry_role": "design_layer",
        "footprint_sqm": 3481.0,
        "stories": 4,
        "height_m": 18
      },
      "geometry": {
        "type": "Polygon",
        "coordinates": [
          [
            [
              786.0,
              1062.0
            ],
            [
              786.0,
              1121.0
            ],
            [
              845.0,
              1121.0
            ],
            [
              845.0,
              1062.0
            ],
            [
              786.0,
              1062.0
            ]
          ]
        ]
      }
    },
    {
      "type": "Feature",
      "properties": {
        "id": "bldg_R_156",
        "layer": "buildings",
        "building_type": "R",
        "source_type": "design_model",
        "confidence": 0.7,
        "geometry_role": "design_layer",
        "footprint_sqm": 3481.0,
        "stories": 4,
        "height_m": 18
      },
      "geometry": {
        "type": "Polygon",
        "coordinates": [
          [
            [
              786.0,
              1145.0
            ],
            [
              786.0,
              1204.0
            ],
            [
              845.0,
              1204.0
            ],
            [
              845.0,
              1145.0
            ],
            [
              786.0,
              1145.0
            ]
          ]
        ]
      }
    },
    {
      "type": "Feature",
      "properties": {
        "id": "bldg_R_157",
        "layer": "buildings",
        "building_type": "R",
        "source_type": "design_model",
        "confidence": 0.7,
        "geometry_role": "design_layer",
        "footprint_sqm": 3481.0,
        "stories": 4,
        "height_m": 18
      },
      "geometry": {
        "type": "Polygon",
        "coordinates": [
          [
            [
              786.0,
              1228.0
            ],
            [
              786.0,
              1287.0
            ],
            [
              845.0,
              1287.0
            ],
            [
              845.0,
              1228.0
            ],
            [
              786.0,
              1228.0
            ]
          ]
        ]
      }
    },
    {
      "type": "Feature",
      "properties": {
        "id": "bldg_R_158",
        "layer": "buildings",
        "building_type": "R",
        "source_type": "design_model",
        "confidence": 0.7,
        "geometry_role": "design_layer",
        "footprint_sqm": 3481.0,
        "stories": 4,
        "height_m": 18
      },
      "geometry": {
        "type": "Polygon",
        "coordinates": [
          [
            [
              786.0,
              1311.0
            ],
            [
              786.0,
              1370.0
            ],
            [
              845.0,
              1370.0
            ],
            [
              845.0,
              1311.0
            ],
            [
              786.0,
              1311.0
            ]
          ]
        ]
      }
    },
    {
      "type": "Feature",
      "properties": {
        "id": "bldg_R_159",
        "layer": "buildings",
        "building_type": "R",
        "source_type": "design_model",
        "confidence": 0.7,
        "geometry_role": "design_layer",
        "footprint_sqm": 3481.0,
        "stories": 4,
        "height_m": 18
      },
      "geometry": {
        "type": "Polygon",
        "coordinates": [
          [
            [
              786.0,
              1394.0
            ],
            [
              786.0,
              1453.0
            ],
            [
              845.0,
              1453.0
            ],
            [
              845.0,
              1394.0
            ],
            [
              786.0,
              1394.0
            ]
          ]
        ]
      }
    },
    {
      "type": "Feature",
      "properties": {
        "id": "bldg_R_160",
        "layer": "buildings",
        "building_type": "R",
        "source_type": "design_model",
        "confidence": 0.7,
        "geometry_role": "design_layer",
        "footprint_sqm": 3481.0,
        "stories": 4,
        "height_m": 18
      },
      "geometry": {
        "type": "Polygon",
        "coordinates": [
          [
            [
              786.0,
              1477.0
            ],
            [
              786.0,
              1536.0
            ],
            [
              845.0,
              1536.0
            ],
            [
              845.0,
              1477.0
            ],
            [
              786.0,
              1477.0
            ]
          ]
        ]
      }
    },
    {
      "type": "Feature",
      "properties": {
        "id": "bldg_R_161",
        "layer": "buildings",
        "building_type": "R",
        "source_type": "design_model",
        "confidence": 0.7,
        "geometry_role": "design_layer",
        "footprint_sqm": 3481.0,
        "stories": 4,
        "height_m": 18
      },
      "geometry": {
        "type": "Polygon",
        "coordinates": [
          [
            [
              786.0,
              1560.0
            ],
            [
              786.0,
              1619.0
            ],
            [
              845.0,
              1619.0
            ],
            [
              845.0,
              1560.0
            ],
            [
              786.0,
              1560.0
            ]
          ]
        ]
      }
    },
    {
      "type": "Feature",
      "properties": {
        "id": "bldg_R_162",
        "layer": "buildings",
        "building_type": "R",
        "source_type": "design_model",
        "confidence": 0.7,
        "geometry_role": "design_layer",
        "footprint_sqm": 3481.0,
        "stories": 4,
        "height_m": 18
      },
      "geometry": {
        "type": "Polygon",
        "coordinates": [
          [
            [
              786.0,
              1643.0
            ],
            [
              786.0,
              1702.0
            ],
            [
              845.0,
              1702.0
            ],
            [
              845.0,
              1643.0
            ],
            [
              786.0,
              1643.0
            ]
          ]
        ]
      }
    },
    {
      "type": "Feature",
      "properties": {
        "id": "bldg_R_163",
        "layer": "buildings",
        "building_type": "R",
        "source_type": "design_model",
        "confidence": 0.7,
        "geometry_role": "design_layer",
        "footprint_sqm": 3481.0,
        "stories": 4,
        "height_m": 18
      },
      "geometry": {
        "type": "Polygon",
        "coordinates": [
          [
            [
              786.0,
              1726.0
            ],
            [
              786.0,
              1785.0
            ],
            [
              845.0,
              1785.0
            ],
            [
              845.0,
              1726.0
            ],
            [
              786.0,
              1726.0
            ]
          ]
        ]
      }
    },
    {
      "type": "Feature",
      "properties": {
        "id": "bldg_R_164",
        "layer": "buildings",
        "building_type": "R",
        "source_type": "design_model",
        "confidence": 0.7,
        "geometry_role": "design_layer",
        "footprint_sqm": 3481.0,
        "stories": 4,
        "height_m": 18
      },
      "geometry": {
        "type": "Polygon",
        "coordinates": [
          [
            [
              786.0,
              1809.0
            ],
            [
              786.0,
              1868.0
            ],
            [
              845.0,
              1868.0
            ],
            [
              845.0,
              1809.0
            ],
            [
              786.0,
              1809.0
            ]
          ]
        ]
      }
    },
    {
      "type": "Feature",
      "properties": {
        "id": "bldg_R_165",
        "layer": "buildings",
        "building_type": "R",
        "source_type": "design_model",
        "confidence": 0.7,
        "geometry_role": "design_layer",
        "footprint_sqm": 3481.0,
        "stories": 4,
        "height_m": 18
      },
      "geometry": {
        "type": "Polygon",
        "coordinates": [
          [
            [
              786.0,
              1892.0
            ],
            [
              786.0,
              1951.0
            ],
            [
              845.0,
              1951.0
            ],
            [
              845.0,
              1892.0
            ],
            [
              786.0,
              1892.0
            ]
          ]
        ]
      }
    },
    {
      "type": "Feature",
      "properties": {
        "id": "bldg_R_166",
        "layer": "buildings",
        "building_type": "R",
        "source_type": "design_model",
        "confidence": 0.7,
        "geometry_role": "design_layer",
        "footprint_sqm": 3481.0,
        "stories": 4,
        "height_m": 18
      },
      "geometry": {
        "type": "Polygon",
        "coordinates": [
          [
            [
              786.0,
              1975.0
            ],
            [
              786.0,
              2034.0
            ],
            [
              845.0,
              2034.0
            ],
            [
              845.0,
              1975.0
            ],
            [
              786.0,
              1975.0
            ]
          ]
        ]
      }
    },
    {
      "type": "Feature",
      "properties": {
        "id": "bldg_R_167",
        "layer": "buildings",
        "building_type": "R",
        "source_type": "design_model",
        "confidence": 0.7,
        "geometry_role": "design_layer",
        "footprint_sqm": 3481.0,
        "stories": 4,
        "height_m": 18
      },
      "geometry": {
        "type": "Polygon",
        "coordinates": [
          [
            [
              786.0,
              2058.0
            ],
            [
              786.0,
              2117.0
            ],
            [
              845.0,
              2117.0
            ],
            [
              845.0,
              2058.0
            ],
            [
              786.0,
              2058.0
            ]
          ]
        ]
      }
    },
    {
      "type": "Feature",
      "properties": {
        "id": "bldg_R_168",
        "layer": "buildings",
        "building_type": "R",
        "source_type": "design_model",
        "confidence": 0.7,
        "geometry_role": "design_layer",
        "footprint_sqm": 3481.0,
        "stories": 4,
        "height_m": 18
      },
      "geometry": {
        "type": "Polygon",
        "coordinates": [
          [
            [
              786.0,
              2141.0
            ],
            [
              786.0,
              2200.0
            ],
            [
              845.0,
              2200.0
            ],
            [
              845.0,
              2141.0
            ],
            [
              786.0,
              2141.0
            ]
          ]
        ]
      }
    },
    {
      "type": "Feature",
      "properties": {
        "id": "bldg_R_169",
        "layer": "buildings",
        "building_type": "R",
        "source_type": "design_model",
        "confidence": 0.7,
        "geometry_role": "design_layer",
        "footprint_sqm": 3481.0,
        "stories": 4,
        "height_m": 18
      },
      "geometry": {
        "type": "Polygon",
        "coordinates": [
          [
            [
              786.0,
              2224.0
            ],
            [
              786.0,
              2283.0
            ],
            [
              845.0,
              2283.0
            ],
            [
              845.0,
              2224.0
            ],
            [
              786.0,
              2224.0
            ]
          ]
        ]
      }
    },
    {
      "type": "Feature",
      "properties": {
        "id": "bldg_R_170",
        "layer": "buildings",
        "building_type": "R",
        "source_type": "design_model",
        "confidence": 0.7,
        "geometry_role": "design_layer",
        "footprint_sqm": 3481.0,
        "stories": 4,
        "height_m": 18
      },
      "geometry": {
        "type": "Polygon",
        "coordinates": [
          [
            [
              786.0,
              2307.0
            ],
            [
              786.0,
              2366.0
            ],
            [
              845.0,
              2366.0
            ],
            [
              845.0,
              2307.0
            ],
            [
              786.0,
              2307.0
            ]
          ]
        ]
      }
    },
    {
      "type": "Feature",
      "properties": {
        "id": "bldg_R_171",
        "layer": "buildings",
        "building_type": "R",
        "source_type": "design_model",
        "confidence": 0.7,
        "geometry_role": "design_layer",
        "footprint_sqm": 3481.0,
        "stories": 4,
        "height_m": 18
      },
      "geometry": {
        "type": "Polygon",
        "coordinates": [
          [
            [
              786.0,
              2390.0
            ],
            [
              786.0,
              2449.0
            ],
            [
              845.0,
              2449.0
            ],
            [
              845.0,
              2390.0
            ],
            [
              786.0,
              2390.0
            ]
          ]
        ]
      }
    },
    {
      "type": "Feature",
      "properties": {
        "id": "bldg_R_172",
        "layer": "buildings",
        "building_type": "R",
        "source_type": "design_model",
        "confidence": 0.7,
        "geometry_role": "design_layer",
        "footprint_sqm": 3481.0,
        "stories": 4,
        "height_m": 18
      },
      "geometry": {
        "type": "Polygon",
        "coordinates": [
          [
            [
              786.0,
              2473.0
            ],
            [
              786.0,
              2532.0
            ],
            [
              845.0,
              2532.0
            ],
            [
              845.0,
              2473.0
            ],
            [
              786.0,
              2473.0
            ]
          ]
        ]
      }
    },
    {
      "type": "Feature",
      "properties": {
        "id": "bldg_R_173",
        "layer": "buildings",
        "building_type": "R",
        "source_type": "design_model",
        "confidence": 0.7,
        "geometry_role": "design_layer",
        "footprint_sqm": 3481.0,
        "stories": 4,
        "height_m": 18
      },
      "geometry": {
        "type": "Polygon",
        "coordinates": [
          [
            [
              869.0,
              398.0
            ],
            [
              869.0,
              457.0
            ],
            [
              928.0,
              457.0
            ],
            [
              928.0,
              398.0
            ],
            [
              869.0,
              398.0
            ]
          ]
        ]
      }
    },
    {
      "type": "Feature",
      "properties": {
        "id": "bldg_R_174",
        "layer": "buildings",
        "building_type": "R",
        "source_type": "design_model",
        "confidence": 0.7,
        "geometry_role": "design_layer",
        "footprint_sqm": 3481.0,
        "stories": 4,
        "height_m": 18
      },
      "geometry": {
        "type": "Polygon",
        "coordinates": [
          [
            [
              869.0,
              481.0
            ],
            [
              869.0,
              540.0
            ],
            [
              928.0,
              540.0
            ],
            [
              928.0,
              481.0
            ],
            [
              869.0,
              481.0
            ]
          ]
        ]
      }
    },
    {
      "type": "Feature",
      "properties": {
        "id": "bldg_R_175",
        "layer": "buildings",
        "building_type": "R",
        "source_type": "design_model",
        "confidence": 0.7,
        "geometry_role": "design_layer",
        "footprint_sqm": 3481.0,
        "stories": 4,
        "height_m": 18
      },
      "geometry": {
        "type": "Polygon",
        "coordinates": [
          [
            [
              869.0,
              564.0
            ],
            [
              869.0,
              623.0
            ],
            [
              928.0,
              623.0
            ],
            [
              928.0,
              564.0
            ],
            [
              869.0,
              564.0
            ]
          ]
        ]
      }
    },
    {
      "type": "Feature",
      "properties": {
        "id": "bldg_R_176",
        "layer": "buildings",
        "building_type": "R",
        "source_type": "design_model",
        "confidence": 0.7,
        "geometry_role": "design_layer",
        "footprint_sqm": 3481.0,
        "stories": 4,
        "height_m": 18
      },
      "geometry": {
        "type": "Polygon",
        "coordinates": [
          [
            [
              869.0,
              647.0
            ],
            [
              869.0,
              706.0
            ],
            [
              928.0,
              706.0
            ],
            [
              928.0,
              647.0
            ],
            [
              869.0,
              647.0
            ]
          ]
        ]
      }
    },
    {
      "type": "Feature",
      "properties": {
        "id": "bldg_R_177",
        "layer": "buildings",
        "building_type": "R",
        "source_type": "design_model",
        "confidence": 0.7,
        "geometry_role": "design_layer",
        "footprint_sqm": 3481.0,
        "stories": 4,
        "height_m": 18
      },
      "geometry": {
        "type": "Polygon",
        "coordinates": [
          [
            [
              869.0,
              730.0
            ],
            [
              869.0,
              789.0
            ],
            [
              928.0,
              789.0
            ],
            [
              928.0,
              730.0
            ],
            [
              869.0,
              730.0
            ]
          ]
        ]
      }
    },
    {
      "type": "Feature",
      "properties": {
        "id": "bldg_R_178",
        "layer": "buildings",
        "building_type": "R",
        "source_type": "design_model",
        "confidence": 0.7,
        "geometry_role": "design_layer",
        "footprint_sqm": 3481.0,
        "stories": 4,
        "height_m": 18
      },
      "geometry": {
        "type": "Polygon",
        "coordinates": [
          [
            [
              869.0,
              813.0
            ],
            [
              869.0,
              872.0
            ],
            [
              928.0,
              872.0
            ],
            [
              928.0,
              813.0
            ],
            [
              869.0,
              813.0
            ]
          ]
        ]
      }
    },
    {
      "type": "Feature",
      "properties": {
        "id": "bldg_R_179",
        "layer": "buildings",
        "building_type": "R",
        "source_type": "design_model",
        "confidence": 0.7,
        "geometry_role": "design_layer",
        "footprint_sqm": 3481.0,
        "stories": 4,
        "height_m": 18
      },
      "geometry": {
        "type": "Polygon",
        "coordinates": [
          [
            [
              869.0,
              896.0
            ],
            [
              869.0,
              955.0
            ],
            [
              928.0,
              955.0
            ],
            [
              928.0,
              896.0
            ],
            [
              869.0,
              896.0
            ]
          ]
        ]
      }
    },
    {
      "type": "Feature",
      "properties": {
        "id": "bldg_R_180",
        "layer": "buildings",
        "building_type": "R",
        "source_type": "design_model",
        "confidence": 0.7,
        "geometry_role": "design_layer",
        "footprint_sqm": 3481.0,
        "stories": 4,
        "height_m": 18
      },
      "geometry": {
        "type": "Polygon",
        "coordinates": [
          [
            [
              869.0,
              979.0
            ],
            [
              869.0,
              1038.0
            ],
            [
              928.0,
              1038.0
            ],
            [
              928.0,
              979.0
            ],
            [
              869.0,
              979.0
            ]
          ]
        ]
      }
    },
    {
      "type": "Feature",
      "properties": {
        "id": "bldg_R_181",
        "layer": "buildings",
        "building_type": "R",
        "source_type": "design_model",
        "confidence": 0.7,
        "geometry_role": "design_layer",
        "footprint_sqm": 3481.0,
        "stories": 4,
        "height_m": 18
      },
      "geometry": {
        "type": "Polygon",
        "coordinates": [
          [
            [
              869.0,
              1062.0
            ],
            [
              869.0,
              1121.0
            ],
            [
              928.0,
              1121.0
            ],
            [
              928.0,
              1062.0
            ],
            [
              869.0,
              1062.0
            ]
          ]
        ]
      }
    },
    {
      "type": "Feature",
      "properties": {
        "id": "bldg_R_182",
        "layer": "buildings",
        "building_type": "R",
        "source_type": "design_model",
        "confidence": 0.7,
        "geometry_role": "design_layer",
        "footprint_sqm": 3481.0,
        "stories": 4,
        "height_m": 18
      },
      "geometry": {
        "type": "Polygon",
        "coordinates": [
          [
            [
              869.0,
              1145.0
            ],
            [
              869.0,
              1204.0
            ],
            [
              928.0,
              1204.0
            ],
            [
              928.0,
              1145.0
            ],
            [
              869.0,
              1145.0
            ]
          ]
        ]
      }
    },
    {
      "type": "Feature",
      "properties": {
        "id": "bldg_R_183",
        "layer": "buildings",
        "building_type": "R",
        "source_type": "design_model",
        "confidence": 0.7,
        "geometry_role": "design_layer",
        "footprint_sqm": 3481.0,
        "stories": 4,
        "height_m": 18
      },
      "geometry": {
        "type": "Polygon",
        "coordinates": [
          [
            [
              869.0,
              1228.0
            ],
            [
              869.0,
              1287.0
            ],
            [
              928.0,
              1287.0
            ],
            [
              928.0,
              1228.0
            ],
            [
              869.0,
              1228.0
            ]
          ]
        ]
      }
    },
    {
      "type": "Feature",
      "properties": {
        "id": "bldg_R_184",
        "layer": "buildings",
        "building_type": "R",
        "source_type": "design_model",
        "confidence": 0.7,
        "geometry_role": "design_layer",
        "footprint_sqm": 3481.0,
        "stories": 4,
        "height_m": 18
      },
      "geometry": {
        "type": "Polygon",
        "coordinates": [
          [
            [
              869.0,
              1311.0
            ],
            [
              869.0,
              1370.0
            ],
            [
              928.0,
              1370.0
            ],
            [
              928.0,
              1311.0
            ],
            [
              869.0,
              1311.0
            ]
          ]
        ]
      }
    },
    {
      "type": "Feature",
      "properties": {
        "id": "bldg_R_185",
        "layer": "buildings",
        "building_type": "R",
        "source_type": "design_model",
        "confidence": 0.7,
        "geometry_role": "design_layer",
        "footprint_sqm": 3481.0,
        "stories": 4,
        "height_m": 18
      },
      "geometry": {
        "type": "Polygon",
        "coordinates": [
          [
            [
              869.0,
              1394.0
            ],
            [
              869.0,
              1453.0
            ],
            [
              928.0,
              1453.0
            ],
            [
              928.0,
              1394.0
            ],
            [
              869.0,
              1394.0
            ]
          ]
        ]
      }
    },
    {
      "type": "Feature",
      "properties": {
        "id": "bldg_R_186",
        "layer": "buildings",
        "building_type": "R",
        "source_type": "design_model",
        "confidence": 0.7,
        "geometry_role": "design_layer",
        "footprint_sqm": 3481.0,
        "stories": 4,
        "height_m": 18
      },
      "geometry": {
        "type": "Polygon",
        "coordinates": [
          [
            [
              869.0,
              1477.0
            ],
            [
              869.0,
              1536.0
            ],
            [
              928.0,
              1536.0
            ],
            [
              928.0,
              1477.0
            ],
            [
              869.0,
              1477.0
            ]
          ]
        ]
      }
    },
    {
      "type": "Feature",
      "properties": {
        "id": "bldg_R_187",
        "layer": "buildings",
        "building_type": "R",
        "source_type": "design_model",
        "confidence": 0.7,
        "geometry_role": "design_layer",
        "footprint_sqm": 3481.0,
        "stories": 4,
        "height_m": 18
      },
      "geometry": {
        "type": "Polygon",
        "coordinates": [
          [
            [
              869.0,
              1560.0
            ],
            [
              869.0,
              1619.0
            ],
            [
              928.0,
              1619.0
            ],
            [
              928.0,
              1560.0
            ],
            [
              869.0,
              1560.0
            ]
          ]
        ]
      }
    },
    {
      "type": "Feature",
      "properties": {
        "id": "bldg_R_188",
        "layer": "buildings",
        "building_type": "R",
        "source_type": "design_model",
        "confidence": 0.7,
        "geometry_role": "design_layer",
        "footprint_sqm": 3481.0,
        "stories": 4,
        "height_m": 18
      },
      "geometry": {
        "type": "Polygon",
        "coordinates": [
          [
            [
              869.0,
              1643.0
            ],
            [
              869.0,
              1702.0
            ],
            [
              928.0,
              1702.0
            ],
            [
              928.0,
              1643.0
            ],
            [
              869.0,
              1643.0
            ]
          ]
        ]
      }
    },
    {
      "type": "Feature",
      "properties": {
        "id": "bldg_R_189",
        "layer": "buildings",
        "building_type": "R",
        "source_type": "design_model",
        "confidence": 0.7,
        "geometry_role": "design_layer",
        "footprint_sqm": 3481.0,
        "stories": 4,
        "height_m": 18
      },
      "geometry": {
        "type": "Polygon",
        "coordinates": [
          [
            [
              869.0,
              1726.0
            ],
            [
              869.0,
              1785.0
            ],
            [
              928.0,
              1785.0
            ],
            [
              928.0,
              1726.0
            ],
            [
              869.0,
              1726.0
            ]
          ]
        ]
      }
    },
    {
      "type": "Feature",
      "properties": {
        "id": "bldg_R_190",
        "layer": "buildings",
        "building_type": "R",
        "source_type": "design_model",
        "confidence": 0.7,
        "geometry_role": "design_layer",
        "footprint_sqm": 3481.0,
        "stories": 4,
        "height_m": 18
      },
      "geometry": {
        "type": "Polygon",
        "coordinates": [
          [
            [
              869.0,
              1809.0
            ],
            [
              869.0,
              1868.0
            ],
            [
              928.0,
              1868.0
            ],
            [
              928.0,
              1809.0
            ],
            [
              869.0,
              1809.0
            ]
          ]
        ]
      }
    },
    {
      "type": "Feature",
      "properties": {
        "id": "bldg_R_191",
        "layer": "buildings",
        "building_type": "R",
        "source_type": "design_model",
        "confidence": 0.7,
        "geometry_role": "design_layer",
        "footprint_sqm": 3481.0,
        "stories": 4,
        "height_m": 18
      },
      "geometry": {
        "type": "Polygon",
        "coordinates": [
          [
            [
              869.0,
              1892.0
            ],
            [
              869.0,
              1951.0
            ],
            [
              928.0,
              1951.0
            ],
            [
              928.0,
              1892.0
            ],
            [
              869.0,
              1892.0
            ]
          ]
        ]
      }
    },
    {
      "type": "Feature",
      "properties": {
        "id": "bldg_R_192",
        "layer": "buildings",
        "building_type": "R",
        "source_type": "design_model",
        "confidence": 0.7,
        "geometry_role": "design_layer",
        "footprint_sqm": 3481.0,
        "stories": 4,
        "height_m": 18
      },
      "geometry": {
        "type": "Polygon",
        "coordinates": [
          [
            [
              869.0,
              1975.0
            ],
            [
              869.0,
              2034.0
            ],
            [
              928.0,
              2034.0
            ],
            [
              928.0,
              1975.0
            ],
            [
              869.0,
              1975.0
            ]
          ]
        ]
      }
    },
    {
      "type": "Feature",
      "properties": {
        "id": "bldg_R_193",
        "layer": "buildings",
        "building_type": "R",
        "source_type": "design_model",
        "confidence": 0.7,
        "geometry_role": "design_layer",
        "footprint_sqm": 3481.0,
        "stories": 4,
        "height_m": 18
      },
      "geometry": {
        "type": "Polygon",
        "coordinates": [
          [
            [
              869.0,
              2058.0
            ],
            [
              869.0,
              2117.0
            ],
            [
              928.0,
              2117.0
            ],
            [
              928.0,
              2058.0
            ],
            [
              869.0,
              2058.0
            ]
          ]
        ]
      }
    },
    {
      "type": "Feature",
      "properties": {
        "id": "bldg_R_194",
        "layer": "buildings",
        "building_type": "R",
        "source_type": "design_model",
        "confidence": 0.7,
        "geometry_role": "design_layer",
        "footprint_sqm": 3481.0,
        "stories": 4,
        "height_m": 18
      },
      "geometry": {
        "type": "Polygon",
        "coordinates": [
          [
            [
              869.0,
              2141.0
            ],
            [
              869.0,
              2200.0
            ],
            [
              928.0,
              2200.0
            ],
            [
              928.0,
              2141.0
            ],
            [
              869.0,
              2141.0
            ]
          ]
        ]
      }
    },
    {
      "type": "Feature",
      "properties": {
        "id": "bldg_R_195",
        "layer": "buildings",
        "building_type": "R",
        "source_type": "design_model",
        "confidence": 0.7,
        "geometry_role": "design_layer",
        "footprint_sqm": 3481.0,
        "stories": 4,
        "height_m": 18
      },
      "geometry": {
        "type": "Polygon",
        "coordinates": [
          [
            [
              869.0,
              2224.0
            ],
            [
              869.0,
              2283.0
            ],
            [
              928.0,
              2283.0
            ],
            [
              928.0,
              2224.0
            ],
            [
              869.0,
              2224.0
            ]
          ]
        ]
      }
    },
    {
      "type": "Feature",
      "properties": {
        "id": "bldg_R_196",
        "layer": "buildings",
        "building_type": "R",
        "source_type": "design_model",
        "confidence": 0.7,
        "geometry_role": "design_layer",
        "footprint_sqm": 3481.0,
        "stories": 4,
        "height_m": 18
      },
      "geometry": {
        "type": "Polygon",
        "coordinates": [
          [
            [
              869.0,
              2307.0
            ],
            [
              869.0,
              2366.0
            ],
            [
              928.0,
              2366.0
            ],
            [
              928.0,
              2307.0
            ],
            [
              869.0,
              2307.0
            ]
          ]
        ]
      }
    },
    {
      "type": "Feature",
      "properties": {
        "id": "bldg_R_197",
        "layer": "buildings",
        "building_type": "R",
        "source_type": "design_model",
        "confidence": 0.7,
        "geometry_role": "design_layer",
        "footprint_sqm": 3481.0,
        "stories": 4,
        "height_m": 18
      },
      "geometry": {
        "type": "Polygon",
        "coordinates": [
          [
            [
              869.0,
              2390.0
            ],
            [
              869.0,
              2449.0
            ],
            [
              928.0,
              2449.0
            ],
            [
              928.0,
              2390.0
            ],
            [
              869.0,
              2390.0
            ]
          ]
        ]
      }
    },
    {
      "type": "Feature",
      "properties": {
        "id": "bldg_R_198",
        "layer": "buildings",
        "building_type": "R",
        "source_type": "design_model",
        "confidence": 0.7,
        "geometry_role": "design_layer",
        "footprint_sqm": 3481.0,
        "stories": 4,
        "height_m": 18
      },
      "geometry": {
        "type": "Polygon",
        "coordinates": [
          [
            [
              869.0,
              2473.0
            ],
            [
              869.0,
              2532.0
            ],
            [
              928.0,
              2532.0
            ],
            [
              928.0,
              2473.0
            ],
            [
              869.0,
              2473.0
            ]
          ]
        ]
      }
    },
    {
      "type": "Feature",
      "properties": {
        "id": "bldg_R_199",
        "layer": "buildings",
        "building_type": "R",
        "source_type": "design_model",
        "confidence": 0.7,
        "geometry_role": "design_layer",
        "footprint_sqm": 3481.0,
        "stories": 4,
        "height_m": 18
      },
      "geometry": {
        "type": "Polygon",
        "coordinates": [
          [
            [
              952.0,
              398.0
            ],
            [
              952.0,
              457.0
            ],
            [
              1011.0,
              457.0
            ],
            [
              1011.0,
              398.0
            ],
            [
              952.0,
              398.0
            ]
          ]
        ]
      }
    },
    {
      "type": "Feature",
      "properties": {
        "id": "bldg_R_200",
        "layer": "buildings",
        "building_type": "R",
        "source_type": "design_model",
        "confidence": 0.7,
        "geometry_role": "design_layer",
        "footprint_sqm": 3481.0,
        "stories": 4,
        "height_m": 18
      },
      "geometry": {
        "type": "Polygon",
        "coordinates": [
          [
            [
              952.0,
              481.0
            ],
            [
              952.0,
              540.0
            ],
            [
              1011.0,
              540.0
            ],
            [
              1011.0,
              481.0
            ],
            [
              952.0,
              481.0
            ]
          ]
        ]
      }
    },
    {
      "type": "Feature",
      "properties": {
        "id": "bldg_R_201",
        "layer": "buildings",
        "building_type": "R",
        "source_type": "design_model",
        "confidence": 0.7,
        "geometry_role": "design_layer",
        "footprint_sqm": 3481.0,
        "stories": 4,
        "height_m": 18
      },
      "geometry": {
        "type": "Polygon",
        "coordinates": [
          [
            [
              952.0,
              564.0
            ],
            [
              952.0,
              623.0
            ],
            [
              1011.0,
              623.0
            ],
            [
              1011.0,
              564.0
            ],
            [
              952.0,
              564.0
            ]
          ]
        ]
      }
    },
    {
      "type": "Feature",
      "properties": {
        "id": "bldg_R_202",
        "layer": "buildings",
        "building_type": "R",
        "source_type": "design_model",
        "confidence": 0.7,
        "geometry_role": "design_layer",
        "footprint_sqm": 3481.0,
        "stories": 4,
        "height_m": 18
      },
      "geometry": {
        "type": "Polygon",
        "coordinates": [
          [
            [
              952.0,
              647.0
            ],
            [
              952.0,
              706.0
            ],
            [
              1011.0,
              706.0
            ],
            [
              1011.0,
              647.0
            ],
            [
              952.0,
              647.0
            ]
          ]
        ]
      }
    },
    {
      "type": "Feature",
      "properties": {
        "id": "bldg_R_203",
        "layer": "buildings",
        "building_type": "R",
        "source_type": "design_model",
        "confidence": 0.7,
        "geometry_role": "design_layer",
        "footprint_sqm": 3481.0,
        "stories": 4,
        "height_m": 18
      },
      "geometry": {
        "type": "Polygon",
        "coordinates": [
          [
            [
              952.0,
              730.0
            ],
            [
              952.0,
              789.0
            ],
            [
              1011.0,
              789.0
            ],
            [
              1011.0,
              730.0
            ],
            [
              952.0,
              730.0
            ]
          ]
        ]
      }
    },
    {
      "type": "Feature",
      "properties": {
        "id": "bldg_R_204",
        "layer": "buildings",
        "building_type": "R",
        "source_type": "design_model",
        "confidence": 0.7,
        "geometry_role": "design_layer",
        "footprint_sqm": 3481.0,
        "stories": 4,
        "height_m": 18
      },
      "geometry": {
        "type": "Polygon",
        "coordinates": [
          [
            [
              952.0,
              813.0
            ],
            [
              952.0,
              872.0
            ],
            [
              1011.0,
              872.0
            ],
            [
              1011.0,
              813.0
            ],
            [
              952.0,
              813.0
            ]
          ]
        ]
      }
    },
    {
      "type": "Feature",
      "properties": {
        "id": "bldg_R_205",
        "layer": "buildings",
        "building_type": "R",
        "source_type": "design_model",
        "confidence": 0.7,
        "geometry_role": "design_layer",
        "footprint_sqm": 3481.0,
        "stories": 4,
        "height_m": 18
      },
      "geometry": {
        "type": "Polygon",
        "coordinates": [
          [
            [
              952.0,
              896.0
            ],
            [
              952.0,
              955.0
            ],
            [
              1011.0,
              955.0
            ],
            [
              1011.0,
              896.0
            ],
            [
              952.0,
              896.0
            ]
          ]
        ]
      }
    },
    {
      "type": "Feature",
      "properties": {
        "id": "bldg_R_206",
        "layer": "buildings",
        "building_type": "R",
        "source_type": "design_model",
        "confidence": 0.7,
        "geometry_role": "design_layer",
        "footprint_sqm": 3481.0,
        "stories": 4,
        "height_m": 18
      },
      "geometry": {
        "type": "Polygon",
        "coordinates": [
          [
            [
              952.0,
              979.0
            ],
            [
              952.0,
              1038.0
            ],
            [
              1011.0,
              1038.0
            ],
            [
              1011.0,
              979.0
            ],
            [
              952.0,
              979.0
            ]
          ]
        ]
      }
    },
    {
      "type": "Feature",
      "properties": {
        "id": "bldg_R_207",
        "layer": "buildings",
        "building_type": "R",
        "source_type": "design_model",
        "confidence": 0.7,
        "geometry_role": "design_layer",
        "footprint_sqm": 3481.0,
        "stories": 4,
        "height_m": 18
      },
      "geometry": {
        "type": "Polygon",
        "coordinates": [
          [
            [
              952.0,
              1062.0
            ],
            [
              952.0,
              1121.0
            ],
            [
              1011.0,
              1121.0
            ],
            [
              1011.0,
              1062.0
            ],
            [
              952.0,
              1062.0
            ]
          ]
        ]
      }
    },
    {
      "type": "Feature",
      "properties": {
        "id": "bldg_R_208",
        "layer": "buildings",
        "building_type": "R",
        "source_type": "design_model",
        "confidence": 0.7,
        "geometry_role": "design_layer",
        "footprint_sqm": 3481.0,
        "stories": 4,
        "height_m": 18
      },
      "geometry": {
        "type": "Polygon",
        "coordinates": [
          [
            [
              952.0,
              1145.0
            ],
            [
              952.0,
              1204.0
            ],
            [
              1011.0,
              1204.0
            ],
            [
              1011.0,
              1145.0
            ],
            [
              952.0,
              1145.0
            ]
          ]
        ]
      }
    },
    {
      "type": "Feature",
      "properties": {
        "id": "bldg_R_209",
        "layer": "buildings",
        "building_type": "R",
        "source_type": "design_model",
        "confidence": 0.7,
        "geometry_role": "design_layer",
        "footprint_sqm": 3481.0,
        "stories": 4,
        "height_m": 18
      },
      "geometry": {
        "type": "Polygon",
        "coordinates": [
          [
            [
              952.0,
              1228.0
            ],
            [
              952.0,
              1287.0
            ],
            [
              1011.0,
              1287.0
            ],
            [
              1011.0,
              1228.0
            ],
            [
              952.0,
              1228.0
            ]
          ]
        ]
      }
    },
    {
      "type": "Feature",
      "properties": {
        "id": "bldg_R_210",
        "layer": "buildings",
        "building_type": "R",
        "source_type": "design_model",
        "confidence": 0.7,
        "geometry_role": "design_layer",
        "footprint_sqm": 3481.0,
        "stories": 4,
        "height_m": 18
      },
      "geometry": {
        "type": "Polygon",
        "coordinates": [
          [
            [
              952.0,
              1311.0
            ],
            [
              952.0,
              1370.0
            ],
            [
              1011.0,
              1370.0
            ],
            [
              1011.0,
              1311.0
            ],
            [
              952.0,
              1311.0
            ]
          ]
        ]
      }
    },
    {
      "type": "Feature",
      "properties": {
        "id": "bldg_R_211",
        "layer": "buildings",
        "building_type": "R",
        "source_type": "design_model",
        "confidence": 0.7,
        "geometry_role": "design_layer",
        "footprint_sqm": 3481.0,
        "stories": 4,
        "height_m": 18
      },
      "geometry": {
        "type": "Polygon",
        "coordinates": [
          [
            [
              952.0,
              1394.0
            ],
            [
              952.0,
              1453.0
            ],
            [
              1011.0,
              1453.0
            ],
            [
              1011.0,
              1394.0
            ],
            [
              952.0,
              1394.0
            ]
          ]
        ]
      }
    },
    {
      "type": "Feature",
      "properties": {
        "id": "bldg_R_212",
        "layer": "buildings",
        "building_type": "R",
        "source_type": "design_model",
        "confidence": 0.7,
        "geometry_role": "design_layer",
        "footprint_sqm": 3481.0,
        "stories": 4,
        "height_m": 18
      },
      "geometry": {
        "type": "Polygon",
        "coordinates": [
          [
            [
              952.0,
              1477.0
            ],
            [
              952.0,
              1536.0
            ],
            [
              1011.0,
              1536.0
            ],
            [
              1011.0,
              1477.0
            ],
            [
              952.0,
              1477.0
            ]
          ]
        ]
      }
    },
    {
      "type": "Feature",
      "properties": {
        "id": "bldg_R_213",
        "layer": "buildings",
        "building_type": "R",
        "source_type": "design_model",
        "confidence": 0.7,
        "geometry_role": "design_layer",
        "footprint_sqm": 3481.0,
        "stories": 4,
        "height_m": 18
      },
      "geometry": {
        "type": "Polygon",
        "coordinates": [
          [
            [
              952.0,
              1560.0
            ],
            [
              952.0,
              1619.0
            ],
            [
              1011.0,
              1619.0
            ],
            [
              1011.0,
              1560.0
            ],
            [
              952.0,
              1560.0
            ]
          ]
        ]
      }
    },
    {
      "type": "Feature",
      "properties": {
        "id": "bldg_R_214",
        "layer": "buildings",
        "building_type": "R",
        "source_type": "design_model",
        "confidence": 0.7,
        "geometry_role": "design_layer",
        "footprint_sqm": 3481.0,
        "stories": 4,
        "height_m": 18
      },
      "geometry": {
        "type": "Polygon",
        "coordinates": [
          [
            [
              952.0,
              1643.0
            ],
            [
              952.0,
              1702.0
            ],
            [
              1011.0,
              1702.0
            ],
            [
              1011.0,
              1643.0
            ],
            [
              952.0,
              1643.0
            ]
          ]
        ]
      }
    },
    {
      "type": "Feature",
      "properties": {
        "id": "bldg_R_215",
        "layer": "buildings",
        "building_type": "R",
        "source_type": "design_model",
        "confidence": 0.7,
        "geometry_role": "design_layer",
        "footprint_sqm": 3481.0,
        "stories": 4,
        "height_m": 18
      },
      "geometry": {
        "type": "Polygon",
        "coordinates": [
          [
            [
              952.0,
              1726.0
            ],
            [
              952.0,
              1785.0
            ],
            [
              1011.0,
              1785.0
            ],
            [
              1011.0,
              1726.0
            ],
            [
              952.0,
              1726.0
            ]
          ]
        ]
      }
    },
    {
      "type": "Feature",
      "properties": {
        "id": "bldg_R_216",
        "layer": "buildings",
        "building_type": "R",
        "source_type": "design_model",
        "confidence": 0.7,
        "geometry_role": "design_layer",
        "footprint_sqm": 3481.0,
        "stories": 4,
        "height_m": 18
      },
      "geometry": {
        "type": "Polygon",
        "coordinates": [
          [
            [
              952.0,
              1809.0
            ],
            [
              952.0,
              1868.0
            ],
            [
              1011.0,
              1868.0
            ],
            [
              1011.0,
              1809.0
            ],
            [
              952.0,
              1809.0
            ]
          ]
        ]
      }
    },
    {
      "type": "Feature",
      "properties": {
        "id": "bldg_R_217",
        "layer": "buildings",
        "building_type": "R",
        "source_type": "design_model",
        "confidence": 0.7,
        "geometry_role": "design_layer",
        "footprint_sqm": 3481.0,
        "stories": 4,
        "height_m": 18
      },
      "geometry": {
        "type": "Polygon",
        "coordinates": [
          [
            [
              952.0,
              1892.0
            ],
            [
              952.0,
              1951.0
            ],
            [
              1011.0,
              1951.0
            ],
            [
              1011.0,
              1892.0
            ],
            [
              952.0,
              1892.0
            ]
          ]
        ]
      }
    },
    {
      "type": "Feature",
      "properties": {
        "id": "bldg_R_218",
        "layer": "buildings",
        "building_type": "R",
        "source_type": "design_model",
        "confidence": 0.7,
        "geometry_role": "design_layer",
        "footprint_sqm": 3481.0,
        "stories": 4,
        "height_m": 18
      },
      "geometry": {
        "type": "Polygon",
        "coordinates": [
          [
            [
              952.0,
              1975.0
            ],
            [
              952.0,
              2034.0
            ],
            [
              1011.0,
              2034.0
            ],
            [
              1011.0,
              1975.0
            ],
            [
              952.0,
              1975.0
            ]
          ]
        ]
      }
    },
    {
      "type": "Feature",
      "properties": {
        "id": "bldg_R_219",
        "layer": "buildings",
        "building_type": "R",
        "source_type": "design_model",
        "confidence": 0.7,
        "geometry_role": "design_layer",
        "footprint_sqm": 3481.0,
        "stories": 4,
        "height_m": 18
      },
      "geometry": {
        "type": "Polygon",
        "coordinates": [
          [
            [
              952.0,
              2058.0
            ],
            [
              952.0,
              2117.0
            ],
            [
              1011.0,
              2117.0
            ],
            [
              1011.0,
              2058.0
            ],
            [
              952.0,
              2058.0
            ]
          ]
        ]
      }
    },
    {
      "type": "Feature",
      "properties": {
        "id": "bldg_R_220",
        "layer": "buildings",
        "building_type": "R",
        "source_type": "design_model",
        "confidence": 0.7,
        "geometry_role": "design_layer",
        "footprint_sqm": 3481.0,
        "stories": 4,
        "height_m": 18
      },
      "geometry": {
        "type": "Polygon",
        "coordinates": [
          [
            [
              952.0,
              2141.0
            ],
            [
              952.0,
              2200.0
            ],
            [
              1011.0,
              2200.0
            ],
            [
              1011.0,
              2141.0
            ],
            [
              952.0,
              2141.0
            ]
          ]
        ]
      }
    },
    {
      "type": "Feature",
      "properties": {
        "id": "bldg_R_221",
        "layer": "buildings",
        "building_type": "R",
        "source_type": "design_model",
        "confidence": 0.7,
        "geometry_role": "design_layer",
        "footprint_sqm": 3481.0,
        "stories": 4,
        "height_m": 18
      },
      "geometry": {
        "type": "Polygon",
        "coordinates": [
          [
            [
              952.0,
              2224.0
            ],
            [
              952.0,
              2283.0
            ],
            [
              1011.0,
              2283.0
            ],
            [
              1011.0,
              2224.0
            ],
            [
              952.0,
              2224.0
            ]
          ]
        ]
      }
    },
    {
      "type": "Feature",
      "properties": {
        "id": "bldg_R_222",
        "layer": "buildings",
        "building_type": "R",
        "source_type": "design_model",
        "confidence": 0.7,
        "geometry_role": "design_layer",
        "footprint_sqm": 3481.0,
        "stories": 4,
        "height_m": 18
      },
      "geometry": {
        "type": "Polygon",
        "coordinates": [
          [
            [
              952.0,
              2307.0
            ],
            [
              952.0,
              2366.0
            ],
            [
              1011.0,
              2366.0
            ],
            [
              1011.0,
              2307.0
            ],
            [
              952.0,
              2307.0
            ]
          ]
        ]
      }
    },
    {
      "type": "Feature",
      "properties": {
        "id": "bldg_R_223",
        "layer": "buildings",
        "building_type": "R",
        "source_type": "design_model",
        "confidence": 0.7,
        "geometry_role": "design_layer",
        "footprint_sqm": 3481.0,
        "stories": 4,
        "height_m": 18
      },
      "geometry": {
        "type": "Polygon",
        "coordinates": [
          [
            [
              952.0,
              2390.0
            ],
            [
              952.0,
              2449.0
            ],
            [
              1011.0,
              2449.0
            ],
            [
              1011.0,
              2390.0
            ],
            [
              952.0,
              2390.0
            ]
          ]
        ]
      }
    },
    {
      "type": "Feature",
      "properties": {
        "id": "bldg_R_224",
        "layer": "buildings",
        "building_type": "R",
        "source_type": "design_model",
        "confidence": 0.7,
        "geometry_role": "design_layer",
        "footprint_sqm": 3481.0,
        "stories": 4,
        "height_m": 18
      },
      "geometry": {
        "type": "Polygon",
        "coordinates": [
          [
            [
              952.0,
              2473.0
            ],
            [
              952.0,
              2532.0
            ],
            [
              1011.0,
              2532.0
            ],
            [
              1011.0,
              2473.0
            ],
            [
              952.0,
              2473.0
            ]
          ]
        ]
      }
    },
    {
      "type": "Feature",
      "properties": {
        "id": "bldg_R_225",
        "layer": "buildings",
        "building_type": "R",
        "source_type": "design_model",
        "confidence": 0.7,
        "geometry_role": "design_layer",
        "footprint_sqm": 3481.0,
        "stories": 4,
        "height_m": 18
      },
      "geometry": {
        "type": "Polygon",
        "coordinates": [
          [
            [
              1035.0,
              398.0
            ],
            [
              1035.0,
              457.0
            ],
            [
              1094.0,
              457.0
            ],
            [
              1094.0,
              398.0
            ],
            [
              1035.0,
              398.0
            ]
          ]
        ]
      }
    },
    {
      "type": "Feature",
      "properties": {
        "id": "bldg_R_226",
        "layer": "buildings",
        "building_type": "R",
        "source_type": "design_model",
        "confidence": 0.7,
        "geometry_role": "design_layer",
        "footprint_sqm": 3481.0,
        "stories": 4,
        "height_m": 18
      },
      "geometry": {
        "type": "Polygon",
        "coordinates": [
          [
            [
              1035.0,
              481.0
            ],
            [
              1035.0,
              540.0
            ],
            [
              1094.0,
              540.0
            ],
            [
              1094.0,
              481.0
            ],
            [
              1035.0,
              481.0
            ]
          ]
        ]
      }
    },
    {
      "type": "Feature",
      "properties": {
        "id": "bldg_R_227",
        "layer": "buildings",
        "building_type": "R",
        "source_type": "design_model",
        "confidence": 0.7,
        "geometry_role": "design_layer",
        "footprint_sqm": 3481.0,
        "stories": 4,
        "height_m": 18
      },
      "geometry": {
        "type": "Polygon",
        "coordinates": [
          [
            [
              1035.0,
              564.0
            ],
            [
              1035.0,
              623.0
            ],
            [
              1094.0,
              623.0
            ],
            [
              1094.0,
              564.0
            ],
            [
              1035.0,
              564.0
            ]
          ]
        ]
      }
    },
    {
      "type": "Feature",
      "properties": {
        "id": "bldg_R_228",
        "layer": "buildings",
        "building_type": "R",
        "source_type": "design_model",
        "confidence": 0.7,
        "geometry_role": "design_layer",
        "footprint_sqm": 3481.0,
        "stories": 4,
        "height_m": 18
      },
      "geometry": {
        "type": "Polygon",
        "coordinates": [
          [
            [
              1035.0,
              647.0
            ],
            [
              1035.0,
              706.0
            ],
            [
              1094.0,
              706.0
            ],
            [
              1094.0,
              647.0
            ],
            [
              1035.0,
              647.0
            ]
          ]
        ]
      }
    },
    {
      "type": "Feature",
      "properties": {
        "id": "bldg_R_229",
        "layer": "buildings",
        "building_type": "R",
        "source_type": "design_model",
        "confidence": 0.7,
        "geometry_role": "design_layer",
        "footprint_sqm": 3481.0,
        "stories": 4,
        "height_m": 18
      },
      "geometry": {
        "type": "Polygon",
        "coordinates": [
          [
            [
              1035.0,
              730.0
            ],
            [
              1035.0,
              789.0
            ],
            [
              1094.0,
              789.0
            ],
            [
              1094.0,
              730.0
            ],
            [
              1035.0,
              730.0
            ]
          ]
        ]
      }
    },
    {
      "type": "Feature",
      "properties": {
        "id": "bldg_R_230",
        "layer": "buildings",
        "building_type": "R",
        "source_type": "design_model",
        "confidence": 0.7,
        "geometry_role": "design_layer",
        "footprint_sqm": 3481.0,
        "stories": 4,
        "height_m": 18
      },
      "geometry": {
        "type": "Polygon",
        "coordinates": [
          [
            [
              1035.0,
              813.0
            ],
            [
              1035.0,
              872.0
            ],
            [
              1094.0,
              872.0
            ],
            [
              1094.0,
              813.0
            ],
            [
              1035.0,
              813.0
            ]
          ]
        ]
      }
    },
    {
      "type": "Feature",
      "properties": {
        "id": "bldg_R_231",
        "layer": "buildings",
        "building_type": "R",
        "source_type": "design_model",
        "confidence": 0.7,
        "geometry_role": "design_layer",
        "footprint_sqm": 3481.0,
        "stories": 4,
        "height_m": 18
      },
      "geometry": {
        "type": "Polygon",
        "coordinates": [
          [
            [
              1035.0,
              896.0
            ],
            [
              1035.0,
              955.0
            ],
            [
              1094.0,
              955.0
            ],
            [
              1094.0,
              896.0
            ],
            [
              1035.0,
              896.0
            ]
          ]
        ]
      }
    },
    {
      "type": "Feature",
      "properties": {
        "id": "bldg_R_232",
        "layer": "buildings",
        "building_type": "R",
        "source_type": "design_model",
        "confidence": 0.7,
        "geometry_role": "design_layer",
        "footprint_sqm": 3481.0,
        "stories": 4,
        "height_m": 18
      },
      "geometry": {
        "type": "Polygon",
        "coordinates": [
          [
            [
              1035.0,
              979.0
            ],
            [
              1035.0,
              1038.0
            ],
            [
              1094.0,
              1038.0
            ],
            [
              1094.0,
              979.0
            ],
            [
              1035.0,
              979.0
            ]
          ]
        ]
      }
    },
    {
      "type": "Feature",
      "properties": {
        "id": "bldg_R_233",
        "layer": "buildings",
        "building_type": "R",
        "source_type": "design_model",
        "confidence": 0.7,
        "geometry_role": "design_layer",
        "footprint_sqm": 3481.0,
        "stories": 4,
        "height_m": 18
      },
      "geometry": {
        "type": "Polygon",
        "coordinates": [
          [
            [
              1035.0,
              1062.0
            ],
            [
              1035.0,
              1121.0
            ],
            [
              1094.0,
              1121.0
            ],
            [
              1094.0,
              1062.0
            ],
            [
              1035.0,
              1062.0
            ]
          ]
        ]
      }
    },
    {
      "type": "Feature",
      "properties": {
        "id": "bldg_R_234",
        "layer": "buildings",
        "building_type": "R",
        "source_type": "design_model",
        "confidence": 0.7,
        "geometry_role": "design_layer",
        "footprint_sqm": 3481.0,
        "stories": 4,
        "height_m": 18
      },
      "geometry": {
        "type": "Polygon",
        "coordinates": [
          [
            [
              1035.0,
              1145.0
            ],
            [
              1035.0,
              1204.0
            ],
            [
              1094.0,
              1204.0
            ],
            [
              1094.0,
              1145.0
            ],
            [
              1035.0,
              1145.0
            ]
          ]
        ]
      }
    },
    {
      "type": "Feature",
      "properties": {
        "id": "bldg_R_235",
        "layer": "buildings",
        "building_type": "R",
        "source_type": "design_model",
        "confidence": 0.7,
        "geometry_role": "design_layer",
        "footprint_sqm": 3481.0,
        "stories": 4,
        "height_m": 18
      },
      "geometry": {
        "type": "Polygon",
        "coordinates": [
          [
            [
              1035.0,
              1228.0
            ],
            [
              1035.0,
              1287.0
            ],
            [
              1094.0,
              1287.0
            ],
            [
              1094.0,
              1228.0
            ],
            [
              1035.0,
              1228.0
            ]
          ]
        ]
      }
    },
    {
      "type": "Feature",
      "properties": {
        "id": "bldg_R_236",
        "layer": "buildings",
        "building_type": "R",
        "source_type": "design_model",
        "confidence": 0.7,
        "geometry_role": "design_layer",
        "footprint_sqm": 3481.0,
        "stories": 4,
        "height_m": 18
      },
      "geometry": {
        "type": "Polygon",
        "coordinates": [
          [
            [
              1035.0,
              1311.0
            ],
            [
              1035.0,
              1370.0
            ],
            [
              1094.0,
              1370.0
            ],
            [
              1094.0,
              1311.0
            ],
            [
              1035.0,
              1311.0
            ]
          ]
        ]
      }
    },
    {
      "type": "Feature",
      "properties": {
        "id": "bldg_R_237",
        "layer": "buildings",
        "building_type": "R",
        "source_type": "design_model",
        "confidence": 0.7,
        "geometry_role": "design_layer",
        "footprint_sqm": 3481.0,
        "stories": 4,
        "height_m": 18
      },
      "geometry": {
        "type": "Polygon",
        "coordinates": [
          [
            [
              1035.0,
              1394.0
            ],
            [
              1035.0,
              1453.0
            ],
            [
              1094.0,
              1453.0
            ],
            [
              1094.0,
              1394.0
            ],
            [
              1035.0,
              1394.0
            ]
          ]
        ]
      }
    },
    {
      "type": "Feature",
      "properties": {
        "id": "bldg_R_238",
        "layer": "buildings",
        "building_type": "R",
        "source_type": "design_model",
        "confidence": 0.7,
        "geometry_role": "design_layer",
        "footprint_sqm": 3481.0,
        "stories": 4,
        "height_m": 18
      },
      "geometry": {
        "type": "Polygon",
        "coordinates": [
          [
            [
              1035.0,
              1477.0
            ],
            [
              1035.0,
              1536.0
            ],
            [
              1094.0,
              1536.0
            ],
            [
              1094.0,
              1477.0
            ],
            [
              1035.0,
              1477.0
            ]
          ]
        ]
      }
    },
    {
      "type": "Feature",
      "properties": {
        "id": "bldg_R_239",
        "layer": "buildings",
        "building_type": "R",
        "source_type": "design_model",
        "confidence": 0.7,
        "geometry_role": "design_layer",
        "footprint_sqm": 3481.0,
        "stories": 4,
        "height_m": 18
      },
      "geometry": {
        "type": "Polygon",
        "coordinates": [
          [
            [
              1035.0,
              1560.0
            ],
            [
              1035.0,
              1619.0
            ],
            [
              1094.0,
              1619.0
            ],
            [
              1094.0,
              1560.0
            ],
            [
              1035.0,
              1560.0
            ]
          ]
        ]
      }
    },
    {
      "type": "Feature",
      "properties": {
        "id": "bldg_R_240",
        "layer": "buildings",
        "building_type": "R",
        "source_type": "design_model",
        "confidence": 0.7,
        "geometry_role": "design_layer",
        "footprint_sqm": 3481.0,
        "stories": 4,
        "height_m": 18
      },
      "geometry": {
        "type": "Polygon",
        "coordinates": [
          [
            [
              1035.0,
              1643.0
            ],
            [
              1035.0,
              1702.0
            ],
            [
              1094.0,
              1702.0
            ],
            [
              1094.0,
              1643.0
            ],
            [
              1035.0,
              1643.0
            ]
          ]
        ]
      }
    },
    {
      "type": "Feature",
      "properties": {
        "id": "bldg_R_241",
        "layer": "buildings",
        "building_type": "R",
        "source_type": "design_model",
        "confidence": 0.7,
        "geometry_role": "design_layer",
        "footprint_sqm": 3481.0,
        "stories": 4,
        "height_m": 18
      },
      "geometry": {
        "type": "Polygon",
        "coordinates": [
          [
            [
              1035.0,
              1726.0
            ],
            [
              1035.0,
              1785.0
            ],
            [
              1094.0,
              1785.0
            ],
            [
              1094.0,
              1726.0
            ],
            [
              1035.0,
              1726.0
            ]
          ]
        ]
      }
    },
    {
      "type": "Feature",
      "properties": {
        "id": "bldg_R_242",
        "layer": "buildings",
        "building_type": "R",
        "source_type": "design_model",
        "confidence": 0.7,
        "geometry_role": "design_layer",
        "footprint_sqm": 3481.0,
        "stories": 4,
        "height_m": 18
      },
      "geometry": {
        "type": "Polygon",
        "coordinates": [
          [
            [
              1035.0,
              1809.0
            ],
            [
              1035.0,
              1868.0
            ],
            [
              1094.0,
              1868.0
            ],
            [
              1094.0,
              1809.0
            ],
            [
              1035.0,
              1809.0
            ]
          ]
        ]
      }
    },
    {
      "type": "Feature",
      "properties": {
        "id": "bldg_R_243",
        "layer": "buildings",
        "building_type": "R",
        "source_type": "design_model",
        "confidence": 0.7,
        "geometry_role": "design_layer",
        "footprint_sqm": 3481.0,
        "stories": 4,
        "height_m": 18
      },
      "geometry": {
        "type": "Polygon",
        "coordinates": [
          [
            [
              1035.0,
              1892.0
            ],
            [
              1035.0,
              1951.0
            ],
            [
              1094.0,
              1951.0
            ],
            [
              1094.0,
              1892.0
            ],
            [
              1035.0,
              1892.0
            ]
          ]
        ]
      }
    },
    {
      "type": "Feature",
      "properties": {
        "id": "bldg_R_244",
        "layer": "buildings",
        "building_type": "R",
        "source_type": "design_model",
        "confidence": 0.7,
        "geometry_role": "design_layer",
        "footprint_sqm": 3481.0,
        "stories": 4,
        "height_m": 18
      },
      "geometry": {
        "type": "Polygon",
        "coordinates": [
          [
            [
              1035.0,
              1975.0
            ],
            [
              1035.0,
              2034.0
            ],
            [
              1094.0,
              2034.0
            ],
            [
              1094.0,
              1975.0
            ],
            [
              1035.0,
              1975.0
            ]
          ]
        ]
      }
    },
    {
      "type": "Feature",
      "properties": {
        "id": "bldg_R_245",
        "layer": "buildings",
        "building_type": "R",
        "source_type": "design_model",
        "confidence": 0.7,
        "geometry_role": "design_layer",
        "footprint_sqm": 3481.0,
        "stories": 4,
        "height_m": 18
      },
      "geometry": {
        "type": "Polygon",
        "coordinates": [
          [
            [
              1035.0,
              2058.0
            ],
            [
              1035.0,
              2117.0
            ],
            [
              1094.0,
              2117.0
            ],
            [
              1094.0,
              2058.0
            ],
            [
              1035.0,
              2058.0
            ]
          ]
        ]
      }
    },
    {
      "type": "Feature",
      "properties": {
        "id": "bldg_R_246",
        "layer": "buildings",
        "building_type": "R",
        "source_type": "design_model",
        "confidence": 0.7,
        "geometry_role": "design_layer",
        "footprint_sqm": 3481.0,
        "stories": 4,
        "height_m": 18
      },
      "geometry": {
        "type": "Polygon",
        "coordinates": [
          [
            [
              1035.0,
              2141.0
            ],
            [
              1035.0,
              2200.0
            ],
            [
              1094.0,
              2200.0
            ],
            [
              1094.0,
              2141.0
            ],
            [
              1035.0,
              2141.0
            ]
          ]
        ]
      }
    },
    {
      "type": "Feature",
      "properties": {
        "id": "bldg_R_247",
        "layer": "buildings",
        "building_type": "R",
        "source_type": "design_model",
        "confidence": 0.7,
        "geometry_role": "design_layer",
        "footprint_sqm": 3481.0,
        "stories": 4,
        "height_m": 18
      },
      "geometry": {
        "type": "Polygon",
        "coordinates": [
          [
            [
              1035.0,
              2224.0
            ],
            [
              1035.0,
              2283.0
            ],
            [
              1094.0,
              2283.0
            ],
            [
              1094.0,
              2224.0
            ],
            [
              1035.0,
              2224.0
            ]
          ]
        ]
      }
    },
    {
      "type": "Feature",
      "properties": {
        "id": "bldg_R_248",
        "layer": "buildings",
        "building_type": "R",
        "source_type": "design_model",
        "confidence": 0.7,
        "geometry_role": "design_layer",
        "footprint_sqm": 3481.0,
        "stories": 4,
        "height_m": 18
      },
      "geometry": {
        "type": "Polygon",
        "coordinates": [
          [
            [
              1035.0,
              2307.0
            ],
            [
              1035.0,
              2366.0
            ],
            [
              1094.0,
              2366.0
            ],
            [
              1094.0,
              2307.0
            ],
            [
              1035.0,
              2307.0
            ]
          ]
        ]
      }
    },
    {
      "type": "Feature",
      "properties": {
        "id": "bldg_R_249",
        "layer": "buildings",
        "building_type": "R",
        "source_type": "design_model",
        "confidence": 0.7,
        "geometry_role": "design_layer",
        "footprint_sqm": 3481.0,
        "stories": 4,
        "height_m": 18
      },
      "geometry": {
        "type": "Polygon",
        "coordinates": [
          [
            [
              1035.0,
              2390.0
            ],
            [
              1035.0,
              2449.0
            ],
            [
              1094.0,
              2449.0
            ],
            [
              1094.0,
              2390.0
            ],
            [
              1035.0,
              2390.0
            ]
          ]
        ]
      }
    },
    {
      "type": "Feature",
      "properties": {
        "id": "bldg_R_250",
        "layer": "buildings",
        "building_type": "R",
        "source_type": "design_model",
        "confidence": 0.7,
        "geometry_role": "design_layer",
        "footprint_sqm": 3481.0,
        "stories": 4,
        "height_m": 18
      },
      "geometry": {
        "type": "Polygon",
        "coordinates": [
          [
            [
              1035.0,
              2473.0
            ],
            [
              1035.0,
              2532.0
            ],
            [
              1094.0,
              2532.0
            ],
            [
              1094.0,
              2473.0
            ],
            [
              1035.0,
              2473.0
            ]
          ]
        ]
      }
    },
    {
      "type": "Feature",
      "properties": {
        "id": "bldg_R_251",
        "layer": "buildings",
        "building_type": "R",
        "source_type": "design_model",
        "confidence": 0.7,
        "geometry_role": "design_layer",
        "footprint_sqm": 3481.0,
        "stories": 4,
        "height_m": 18
      },
      "geometry": {
        "type": "Polygon",
        "coordinates": [
          [
            [
              1118.0,
              398.0
            ],
            [
              1118.0,
              457.0
            ],
            [
              1177.0,
              457.0
            ],
            [
              1177.0,
              398.0
            ],
            [
              1118.0,
              398.0
            ]
          ]
        ]
      }
    },
    {
      "type": "Feature",
      "properties": {
        "id": "bldg_R_252",
        "layer": "buildings",
        "building_type": "R",
        "source_type": "design_model",
        "confidence": 0.7,
        "geometry_role": "design_layer",
        "footprint_sqm": 3481.0,
        "stories": 4,
        "height_m": 18
      },
      "geometry": {
        "type": "Polygon",
        "coordinates": [
          [
            [
              1118.0,
              481.0
            ],
            [
              1118.0,
              540.0
            ],
            [
              1177.0,
              540.0
            ],
            [
              1177.0,
              481.0
            ],
            [
              1118.0,
              481.0
            ]
          ]
        ]
      }
    },
    {
      "type": "Feature",
      "properties": {
        "id": "bldg_R_253",
        "layer": "buildings",
        "building_type": "R",
        "source_type": "design_model",
        "confidence": 0.7,
        "geometry_role": "design_layer",
        "footprint_sqm": 3481.0,
        "stories": 4,
        "height_m": 18
      },
      "geometry": {
        "type": "Polygon",
        "coordinates": [
          [
            [
              1118.0,
              564.0
            ],
            [
              1118.0,
              623.0
            ],
            [
              1177.0,
              623.0
            ],
            [
              1177.0,
              564.0
            ],
            [
              1118.0,
              564.0
            ]
          ]
        ]
      }
    },
    {
      "type": "Feature",
      "properties": {
        "id": "bldg_R_254",
        "layer": "buildings",
        "building_type": "R",
        "source_type": "design_model",
        "confidence": 0.7,
        "geometry_role": "design_layer",
        "footprint_sqm": 3481.0,
        "stories": 4,
        "height_m": 18
      },
      "geometry": {
        "type": "Polygon",
        "coordinates": [
          [
            [
              1118.0,
              647.0
            ],
            [
              1118.0,
              706.0
            ],
            [
              1177.0,
              706.0
            ],
            [
              1177.0,
              647.0
            ],
            [
              1118.0,
              647.0
            ]
          ]
        ]
      }
    },
    {
      "type": "Feature",
      "properties": {
        "id": "bldg_R_255",
        "layer": "buildings",
        "building_type": "R",
        "source_type": "design_model",
        "confidence": 0.7,
        "geometry_role": "design_layer",
        "footprint_sqm": 3481.0,
        "stories": 4,
        "height_m": 18
      },
      "geometry": {
        "type": "Polygon",
        "coordinates": [
          [
            [
              1118.0,
              730.0
            ],
            [
              1118.0,
              789.0
            ],
            [
              1177.0,
              789.0
            ],
            [
              1177.0,
              730.0
            ],
            [
              1118.0,
              730.0
            ]
          ]
        ]
      }
    },
    {
      "type": "Feature",
      "properties": {
        "id": "bldg_R_256",
        "layer": "buildings",
        "building_type": "R",
        "source_type": "design_model",
        "confidence": 0.7,
        "geometry_role": "design_layer",
        "footprint_sqm": 3481.0,
        "stories": 4,
        "height_m": 18
      },
      "geometry": {
        "type": "Polygon",
        "coordinates": [
          [
            [
              1118.0,
              813.0
            ],
            [
              1118.0,
              872.0
            ],
            [
              1177.0,
              872.0
            ],
            [
              1177.0,
              813.0
            ],
            [
              1118.0,
              813.0
            ]
          ]
        ]
      }
    },
    {
      "type": "Feature",
      "properties": {
        "id": "bldg_R_257",
        "layer": "buildings",
        "building_type": "R",
        "source_type": "design_model",
        "confidence": 0.7,
        "geometry_role": "design_layer",
        "footprint_sqm": 3481.0,
        "stories": 4,
        "height_m": 18
      },
      "geometry": {
        "type": "Polygon",
        "coordinates": [
          [
            [
              1118.0,
              896.0
            ],
            [
              1118.0,
              955.0
            ],
            [
              1177.0,
              955.0
            ],
            [
              1177.0,
              896.0
            ],
            [
              1118.0,
              896.0
            ]
          ]
        ]
      }
    },
    {
      "type": "Feature",
      "properties": {
        "id": "bldg_R_258",
        "layer": "buildings",
        "building_type": "R",
        "source_type": "design_model",
        "confidence": 0.7,
        "geometry_role": "design_layer",
        "footprint_sqm": 3481.0,
        "stories": 4,
        "height_m": 18
      },
      "geometry": {
        "type": "Polygon",
        "coordinates": [
          [
            [
              1118.0,
              979.0
            ],
            [
              1118.0,
              1038.0
            ],
            [
              1177.0,
              1038.0
            ],
            [
              1177.0,
              979.0
            ],
            [
              1118.0,
              979.0
            ]
          ]
        ]
      }
    },
    {
      "type": "Feature",
      "properties": {
        "id": "bldg_R_259",
        "layer": "buildings",
        "building_type": "R",
        "source_type": "design_model",
        "confidence": 0.7,
        "geometry_role": "design_layer",
        "footprint_sqm": 3481.0,
        "stories": 4,
        "height_m": 18
      },
      "geometry": {
        "type": "Polygon",
        "coordinates": [
          [
            [
              1118.0,
              1062.0
            ],
            [
              1118.0,
              1121.0
            ],
            [
              1177.0,
              1121.0
            ],
            [
              1177.0,
              1062.0
            ],
            [
              1118.0,
              1062.0
            ]
          ]
        ]
      }
    },
    {
      "type": "Feature",
      "properties": {
        "id": "bldg_R_260",
        "layer": "buildings",
        "building_type": "R",
        "source_type": "design_model",
        "confidence": 0.7,
        "geometry_role": "design_layer",
        "footprint_sqm": 3481.0,
        "stories": 4,
        "height_m": 18
      },
      "geometry": {
        "type": "Polygon",
        "coordinates": [
          [
            [
              1118.0,
              1145.0
            ],
            [
              1118.0,
              1204.0
            ],
            [
              1177.0,
              1204.0
            ],
            [
              1177.0,
              1145.0
            ],
            [
              1118.0,
              1145.0
            ]
          ]
        ]
      }
    },
    {
      "type": "Feature",
      "properties": {
        "id": "bldg_R_261",
        "layer": "buildings",
        "building_type": "R",
        "source_type": "design_model",
        "confidence": 0.7,
        "geometry_role": "design_layer",
        "footprint_sqm": 3481.0,
        "stories": 4,
        "height_m": 18
      },
      "geometry": {
        "type": "Polygon",
        "coordinates": [
          [
            [
              1118.0,
              1228.0
            ],
            [
              1118.0,
              1287.0
            ],
            [
              1177.0,
              1287.0
            ],
            [
              1177.0,
              1228.0
            ],
            [
              1118.0,
              1228.0
            ]
          ]
        ]
      }
    },
    {
      "type": "Feature",
      "properties": {
        "id": "bldg_R_262",
        "layer": "buildings",
        "building_type": "R",
        "source_type": "design_model",
        "confidence": 0.7,
        "geometry_role": "design_layer",
        "footprint_sqm": 3481.0,
        "stories": 4,
        "height_m": 18
      },
      "geometry": {
        "type": "Polygon",
        "coordinates": [
          [
            [
              1118.0,
              1311.0
            ],
            [
              1118.0,
              1370.0
            ],
            [
              1177.0,
              1370.0
            ],
            [
              1177.0,
              1311.0
            ],
            [
              1118.0,
              1311.0
            ]
          ]
        ]
      }
    },
    {
      "type": "Feature",
      "properties": {
        "id": "bldg_R_263",
        "layer": "buildings",
        "building_type": "R",
        "source_type": "design_model",
        "confidence": 0.7,
        "geometry_role": "design_layer",
        "footprint_sqm": 3481.0,
        "stories": 4,
        "height_m": 18
      },
      "geometry": {
        "type": "Polygon",
        "coordinates": [
          [
            [
              1118.0,
              1394.0
            ],
            [
              1118.0,
              1453.0
            ],
            [
              1177.0,
              1453.0
            ],
            [
              1177.0,
              1394.0
            ],
            [
              1118.0,
              1394.0
            ]
          ]
        ]
      }
    },
    {
      "type": "Feature",
      "properties": {
        "id": "bldg_R_264",
        "layer": "buildings",
        "building_type": "R",
        "source_type": "design_model",
        "confidence": 0.7,
        "geometry_role": "design_layer",
        "footprint_sqm": 3481.0,
        "stories": 4,
        "height_m": 18
      },
      "geometry": {
        "type": "Polygon",
        "coordinates": [
          [
            [
              1118.0,
              1477.0
            ],
            [
              1118.0,
              1536.0
            ],
            [
              1177.0,
              1536.0
            ],
            [
              1177.0,
              1477.0
            ],
            [
              1118.0,
              1477.0
            ]
          ]
        ]
      }
    },
    {
      "type": "Feature",
      "properties": {
        "id": "bldg_R_265",
        "layer": "buildings",
        "building_type": "R",
        "source_type": "design_model",
        "confidence": 0.7,
        "geometry_role": "design_layer",
        "footprint_sqm": 3481.0,
        "stories": 4,
        "height_m": 18
      },
      "geometry": {
        "type": "Polygon",
        "coordinates": [
          [
            [
              1118.0,
              1560.0
            ],
            [
              1118.0,
              1619.0
            ],
            [
              1177.0,
              1619.0
            ],
            [
              1177.0,
              1560.0
            ],
            [
              1118.0,
              1560.0
            ]
          ]
        ]
      }
    },
    {
      "type": "Feature",
      "properties": {
        "id": "bldg_R_266",
        "layer": "buildings",
        "building_type": "R",
        "source_type": "design_model",
        "confidence": 0.7,
        "geometry_role": "design_layer",
        "footprint_sqm": 3481.0,
        "stories": 4,
        "height_m": 18
      },
      "geometry": {
        "type": "Polygon",
        "coordinates": [
          [
            [
              1118.0,
              1643.0
            ],
            [
              1118.0,
              1702.0
            ],
            [
              1177.0,
              1702.0
            ],
            [
              1177.0,
              1643.0
            ],
            [
              1118.0,
              1643.0
            ]
          ]
        ]
      }
    },
    {
      "type": "Feature",
      "properties": {
        "id": "bldg_R_267",
        "layer": "buildings",
        "building_type": "R",
        "source_type": "design_model",
        "confidence": 0.7,
        "geometry_role": "design_layer",
        "footprint_sqm": 3481.0,
        "stories": 4,
        "height_m": 18
      },
      "geometry": {
        "type": "Polygon",
        "coordinates": [
          [
            [
              1118.0,
              1726.0
            ],
            [
              1118.0,
              1785.0
            ],
            [
              1177.0,
              1785.0
            ],
            [
              1177.0,
              1726.0
            ],
            [
              1118.0,
              1726.0
            ]
          ]
        ]
      }
    },
    {
      "type": "Feature",
      "properties": {
        "id": "bldg_R_268",
        "layer": "buildings",
        "building_type": "R",
        "source_type": "design_model",
        "confidence": 0.7,
        "geometry_role": "design_layer",
        "footprint_sqm": 3481.0,
        "stories": 4,
        "height_m": 18
      },
      "geometry": {
        "type": "Polygon",
        "coordinates": [
          [
            [
              1118.0,
              1809.0
            ],
            [
              1118.0,
              1868.0
            ],
            [
              1177.0,
              1868.0
            ],
            [
              1177.0,
              1809.0
            ],
            [
              1118.0,
              1809.0
            ]
          ]
        ]
      }
    },
    {
      "type": "Feature",
      "properties": {
        "id": "bldg_R_269",
        "layer": "buildings",
        "building_type": "R",
        "source_type": "design_model",
        "confidence": 0.7,
        "geometry_role": "design_layer",
        "footprint_sqm": 3481.0,
        "stories": 4,
        "height_m": 18
      },
      "geometry": {
        "type": "Polygon",
        "coordinates": [
          [
            [
              1118.0,
              1892.0
            ],
            [
              1118.0,
              1951.0
            ],
            [
              1177.0,
              1951.0
            ],
            [
              1177.0,
              1892.0
            ],
            [
              1118.0,
              1892.0
            ]
          ]
        ]
      }
    },
    {
      "type": "Feature",
      "properties": {
        "id": "bldg_R_270",
        "layer": "buildings",
        "building_type": "R",
        "source_type": "design_model",
        "confidence": 0.7,
        "geometry_role": "design_layer",
        "footprint_sqm": 3481.0,
        "stories": 4,
        "height_m": 18
      },
      "geometry": {
        "type": "Polygon",
        "coordinates": [
          [
            [
              1118.0,
              1975.0
            ],
            [
              1118.0,
              2034.0
            ],
            [
              1177.0,
              2034.0
            ],
            [
              1177.0,
              1975.0
            ],
            [
              1118.0,
              1975.0
            ]
          ]
        ]
      }
    },
    {
      "type": "Feature",
      "properties": {
        "id": "bldg_R_271",
        "layer": "buildings",
        "building_type": "R",
        "source_type": "design_model",
        "confidence": 0.7,
        "geometry_role": "design_layer",
        "footprint_sqm": 3481.0,
        "stories": 4,
        "height_m": 18
      },
      "geometry": {
        "type": "Polygon",
        "coordinates": [
          [
            [
              1118.0,
              2058.0
            ],
            [
              1118.0,
              2117.0
            ],
            [
              1177.0,
              2117.0
            ],
            [
              1177.0,
              2058.0
            ],
            [
              1118.0,
              2058.0
            ]
          ]
        ]
      }
    },
    {
      "type": "Feature",
      "properties": {
        "id": "bldg_R_272",
        "layer": "buildings",
        "building_type": "R",
        "source_type": "design_model",
        "confidence": 0.7,
        "geometry_role": "design_layer",
        "footprint_sqm": 3481.0,
        "stories": 4,
        "height_m": 18
      },
      "geometry": {
        "type": "Polygon",
        "coordinates": [
          [
            [
              1118.0,
              2141.0
            ],
            [
              1118.0,
              2200.0
            ],
            [
              1177.0,
              2200.0
            ],
            [
              1177.0,
              2141.0
            ],
            [
              1118.0,
              2141.0
            ]
          ]
        ]
      }
    },
    {
      "type": "Feature",
      "properties": {
        "id": "bldg_R_273",
        "layer": "buildings",
        "building_type": "R",
        "source_type": "design_model",
        "confidence": 0.7,
        "geometry_role": "design_layer",
        "footprint_sqm": 3481.0,
        "stories": 4,
        "height_m": 18
      },
      "geometry": {
        "type": "Polygon",
        "coordinates": [
          [
            [
              1118.0,
              2224.0
            ],
            [
              1118.0,
              2283.0
            ],
            [
              1177.0,
              2283.0
            ],
            [
              1177.0,
              2224.0
            ],
            [
              1118.0,
              2224.0
            ]
          ]
        ]
      }
    },
    {
      "type": "Feature",
      "properties": {
        "id": "bldg_R_274",
        "layer": "buildings",
        "building_type": "R",
        "source_type": "design_model",
        "confidence": 0.7,
        "geometry_role": "design_layer",
        "footprint_sqm": 3481.0,
        "stories": 4,
        "height_m": 18
      },
      "geometry": {
        "type": "Polygon",
        "coordinates": [
          [
            [
              1118.0,
              2307.0
            ],
            [
              1118.0,
              2366.0
            ],
            [
              1177.0,
              2366.0
            ],
            [
              1177.0,
              2307.0
            ],
            [
              1118.0,
              2307.0
            ]
          ]
        ]
      }
    },
    {
      "type": "Feature",
      "properties": {
        "id": "bldg_R_275",
        "layer": "buildings",
        "building_type": "R",
        "source_type": "design_model",
        "confidence": 0.7,
        "geometry_role": "design_layer",
        "footprint_sqm": 3481.0,
        "stories": 4,
        "height_m": 18
      },
      "geometry": {
        "type": "Polygon",
        "coordinates": [
          [
            [
              1118.0,
              2390.0
            ],
            [
              1118.0,
              2449.0
            ],
            [
              1177.0,
              2449.0
            ],
            [
              1177.0,
              2390.0
            ],
            [
              1118.0,
              2390.0
            ]
          ]
        ]
      }
    },
    {
      "type": "Feature",
      "properties": {
        "id": "bldg_R_276",
        "layer": "buildings",
        "building_type": "R",
        "source_type": "design_model",
        "confidence": 0.7,
        "geometry_role": "design_layer",
        "footprint_sqm": 3481.0,
        "stories": 4,
        "height_m": 18
      },
      "geometry": {
        "type": "Polygon",
        "coordinates": [
          [
            [
              1118.0,
              2473.0
            ],
            [
              1118.0,
              2532.0
            ],
            [
              1177.0,
              2532.0
            ],
            [
              1177.0,
              2473.0
            ],
            [
              1118.0,
              2473.0
            ]
          ]
        ]
      }
    },
    {
      "type": "Feature",
      "properties": {
        "id": "bldg_R_277",
        "layer": "buildings",
        "building_type": "R",
        "source_type": "design_model",
        "confidence": 0.7,
        "geometry_role": "design_layer",
        "footprint_sqm": 3481.0,
        "stories": 4,
        "height_m": 18
      },
      "geometry": {
        "type": "Polygon",
        "coordinates": [
          [
            [
              1201.0,
              398.0
            ],
            [
              1201.0,
              457.0
            ],
            [
              1260.0,
              457.0
            ],
            [
              1260.0,
              398.0
            ],
            [
              1201.0,
              398.0
            ]
          ]
        ]
      }
    },
    {
      "type": "Feature",
      "properties": {
        "id": "bldg_R_278",
        "layer": "buildings",
        "building_type": "R",
        "source_type": "design_model",
        "confidence": 0.7,
        "geometry_role": "design_layer",
        "footprint_sqm": 3481.0,
        "stories": 4,
        "height_m": 18
      },
      "geometry": {
        "type": "Polygon",
        "coordinates": [
          [
            [
              1201.0,
              481.0
            ],
            [
              1201.0,
              540.0
            ],
            [
              1260.0,
              540.0
            ],
            [
              1260.0,
              481.0
            ],
            [
              1201.0,
              481.0
            ]
          ]
        ]
      }
    },
    {
      "type": "Feature",
      "properties": {
        "id": "bldg_R_279",
        "layer": "buildings",
        "building_type": "R",
        "source_type": "design_model",
        "confidence": 0.7,
        "geometry_role": "design_layer",
        "footprint_sqm": 3481.0,
        "stories": 4,
        "height_m": 18
      },
      "geometry": {
        "type": "Polygon",
        "coordinates": [
          [
            [
              1201.0,
              564.0
            ],
            [
              1201.0,
              623.0
            ],
            [
              1260.0,
              623.0
            ],
            [
              1260.0,
              564.0
            ],
            [
              1201.0,
              564.0
            ]
          ]
        ]
      }
    },
    {
      "type": "Feature",
      "properties": {
        "id": "bldg_R_280",
        "layer": "buildings",
        "building_type": "R",
        "source_type": "design_model",
        "confidence": 0.7,
        "geometry_role": "design_layer",
        "footprint_sqm": 3481.0,
        "stories": 4,
        "height_m": 18
      },
      "geometry": {
        "type": "Polygon",
        "coordinates": [
          [
            [
              1201.0,
              647.0
            ],
            [
              1201.0,
              706.0
            ],
            [
              1260.0,
              706.0
            ],
            [
              1260.0,
              647.0
            ],
            [
              1201.0,
              647.0
            ]
          ]
        ]
      }
    },
    {
      "type": "Feature",
      "properties": {
        "id": "bldg_R_281",
        "layer": "buildings",
        "building_type": "R",
        "source_type": "design_model",
        "confidence": 0.7,
        "geometry_role": "design_layer",
        "footprint_sqm": 3481.0,
        "stories": 4,
        "height_m": 18
      },
      "geometry": {
        "type": "Polygon",
        "coordinates": [
          [
            [
              1201.0,
              730.0
            ],
            [
              1201.0,
              789.0
            ],
            [
              1260.0,
              789.0
            ],
            [
              1260.0,
              730.0
            ],
            [
              1201.0,
              730.0
            ]
          ]
        ]
      }
    },
    {
      "type": "Feature",
      "properties": {
        "id": "bldg_R_282",
        "layer": "buildings",
        "building_type": "R",
        "source_type": "design_model",
        "confidence": 0.7,
        "geometry_role": "design_layer",
        "footprint_sqm": 3481.0,
        "stories": 4,
        "height_m": 18
      },
      "geometry": {
        "type": "Polygon",
        "coordinates": [
          [
            [
              1201.0,
              813.0
            ],
            [
              1201.0,
              872.0
            ],
            [
              1260.0,
              872.0
            ],
            [
              1260.0,
              813.0
            ],
            [
              1201.0,
              813.0
            ]
          ]
        ]
      }
    },
    {
      "type": "Feature",
      "properties": {
        "id": "bldg_R_283",
        "layer": "buildings",
        "building_type": "R",
        "source_type": "design_model",
        "confidence": 0.7,
        "geometry_role": "design_layer",
        "footprint_sqm": 3481.0,
        "stories": 4,
        "height_m": 18
      },
      "geometry": {
        "type": "Polygon",
        "coordinates": [
          [
            [
              1201.0,
              896.0
            ],
            [
              1201.0,
              955.0
            ],
            [
              1260.0,
              955.0
            ],
            [
              1260.0,
              896.0
            ],
            [
              1201.0,
              896.0
            ]
          ]
        ]
      }
    },
    {
      "type": "Feature",
      "properties": {
        "id": "bldg_R_284",
        "layer": "buildings",
        "building_type": "R",
        "source_type": "design_model",
        "confidence": 0.7,
        "geometry_role": "design_layer",
        "footprint_sqm": 3481.0,
        "stories": 4,
        "height_m": 18
      },
      "geometry": {
        "type": "Polygon",
        "coordinates": [
          [
            [
              1201.0,
              979.0
            ],
            [
              1201.0,
              1038.0
            ],
            [
              1260.0,
              1038.0
            ],
            [
              1260.0,
              979.0
            ],
            [
              1201.0,
              979.0
            ]
          ]
        ]
      }
    },
    {
      "type": "Feature",
      "properties": {
        "id": "bldg_R_285",
        "layer": "buildings",
        "building_type": "R",
        "source_type": "design_model",
        "confidence": 0.7,
        "geometry_role": "design_layer",
        "footprint_sqm": 3481.0,
        "stories": 4,
        "height_m": 18
      },
      "geometry": {
        "type": "Polygon",
        "coordinates": [
          [
            [
              1201.0,
              1062.0
            ],
            [
              1201.0,
              1121.0
            ],
            [
              1260.0,
              1121.0
            ],
            [
              1260.0,
              1062.0
            ],
            [
              1201.0,
              1062.0
            ]
          ]
        ]
      }
    },
    {
      "type": "Feature",
      "properties": {
        "id": "bldg_R_286",
        "layer": "buildings",
        "building_type": "R",
        "source_type": "design_model",
        "confidence": 0.7,
        "geometry_role": "design_layer",
        "footprint_sqm": 3481.0,
        "stories": 4,
        "height_m": 18
      },
      "geometry": {
        "type": "Polygon",
        "coordinates": [
          [
            [
              1201.0,
              1145.0
            ],
            [
              1201.0,
              1204.0
            ],
            [
              1260.0,
              1204.0
            ],
            [
              1260.0,
              1145.0
            ],
            [
              1201.0,
              1145.0
            ]
          ]
        ]
      }
    },
    {
      "type": "Feature",
      "properties": {
        "id": "bldg_R_287",
        "layer": "buildings",
        "building_type": "R",
        "source_type": "design_model",
        "confidence": 0.7,
        "geometry_role": "design_layer",
        "footprint_sqm": 3481.0,
        "stories": 4,
        "height_m": 18
      },
      "geometry": {
        "type": "Polygon",
        "coordinates": [
          [
            [
              1201.0,
              1228.0
            ],
            [
              1201.0,
              1287.0
            ],
            [
              1260.0,
              1287.0
            ],
            [
              1260.0,
              1228.0
            ],
            [
              1201.0,
              1228.0
            ]
          ]
        ]
      }
    },
    {
      "type": "Feature",
      "properties": {
        "id": "bldg_R_288",
        "layer": "buildings",
        "building_type": "R",
        "source_type": "design_model",
        "confidence": 0.7,
        "geometry_role": "design_layer",
        "footprint_sqm": 3481.0,
        "stories": 4,
        "height_m": 18
      },
      "geometry": {
        "type": "Polygon",
        "coordinates": [
          [
            [
              1201.0,
              1311.0
            ],
            [
              1201.0,
              1370.0
            ],
            [
              1260.0,
              1370.0
            ],
            [
              1260.0,
              1311.0
            ],
            [
              1201.0,
              1311.0
            ]
          ]
        ]
      }
    },
    {
      "type": "Feature",
      "properties": {
        "id": "bldg_R_289",
        "layer": "buildings",
        "building_type": "R",
        "source_type": "design_model",
        "confidence": 0.7,
        "geometry_role": "design_layer",
        "footprint_sqm": 3481.0,
        "stories": 4,
        "height_m": 18
      },
      "geometry": {
        "type": "Polygon",
        "coordinates": [
          [
            [
              1201.0,
              1394.0
            ],
            [
              1201.0,
              1453.0
            ],
            [
              1260.0,
              1453.0
            ],
            [
              1260.0,
              1394.0
            ],
            [
              1201.0,
              1394.0
            ]
          ]
        ]
      }
    },
    {
      "type": "Feature",
      "properties": {
        "id": "bldg_R_290",
        "layer": "buildings",
        "building_type": "R",
        "source_type": "design_model",
        "confidence": 0.7,
        "geometry_role": "design_layer",
        "footprint_sqm": 3481.0,
        "stories": 4,
        "height_m": 18
      },
      "geometry": {
        "type": "Polygon",
        "coordinates": [
          [
            [
              1201.0,
              1477.0
            ],
            [
              1201.0,
              1536.0
            ],
            [
              1260.0,
              1536.0
            ],
            [
              1260.0,
              1477.0
            ],
            [
              1201.0,
              1477.0
            ]
          ]
        ]
      }
    },
    {
      "type": "Feature",
      "properties": {
        "id": "bldg_R_291",
        "layer": "buildings",
        "building_type": "R",
        "source_type": "design_model",
        "confidence": 0.7,
        "geometry_role": "design_layer",
        "footprint_sqm": 3481.0,
        "stories": 4,
        "height_m": 18
      },
      "geometry": {
        "type": "Polygon",
        "coordinates": [
          [
            [
              1201.0,
              1560.0
            ],
            [
              1201.0,
              1619.0
            ],
            [
              1260.0,
              1619.0
            ],
            [
              1260.0,
              1560.0
            ],
            [
              1201.0,
              1560.0
            ]
          ]
        ]
      }
    },
    {
      "type": "Feature",
      "properties": {
        "id": "bldg_R_292",
        "layer": "buildings",
        "building_type": "R",
        "source_type": "design_model",
        "confidence": 0.7,
        "geometry_role": "design_layer",
        "footprint_sqm": 3481.0,
        "stories": 4,
        "height_m": 18
      },
      "geometry": {
        "type": "Polygon",
        "coordinates": [
          [
            [
              1201.0,
              1643.0
            ],
            [
              1201.0,
              1702.0
            ],
            [
              1260.0,
              1702.0
            ],
            [
              1260.0,
              1643.0
            ],
            [
              1201.0,
              1643.0
            ]
          ]
        ]
      }
    },
    {
      "type": "Feature",
      "properties": {
        "id": "bldg_R_293",
        "layer": "buildings",
        "building_type": "R",
        "source_type": "design_model",
        "confidence": 0.7,
        "geometry_role": "design_layer",
        "footprint_sqm": 3481.0,
        "stories": 4,
        "height_m": 18
      },
      "geometry": {
        "type": "Polygon",
        "coordinates": [
          [
            [
              1201.0,
              1726.0
            ],
            [
              1201.0,
              1785.0
            ],
            [
              1260.0,
              1785.0
            ],
            [
              1260.0,
              1726.0
            ],
            [
              1201.0,
              1726.0
            ]
          ]
        ]
      }
    },
    {
      "type": "Feature",
      "properties": {
        "id": "bldg_R_294",
        "layer": "buildings",
        "building_type": "R",
        "source_type": "design_model",
        "confidence": 0.7,
        "geometry_role": "design_layer",
        "footprint_sqm": 3481.0,
        "stories": 4,
        "height_m": 18
      },
      "geometry": {
        "type": "Polygon",
        "coordinates": [
          [
            [
              1201.0,
              1809.0
            ],
            [
              1201.0,
              1868.0
            ],
            [
              1260.0,
              1868.0
            ],
            [
              1260.0,
              1809.0
            ],
            [
              1201.0,
              1809.0
            ]
          ]
        ]
      }
    },
    {
      "type": "Feature",
      "properties": {
        "id": "bldg_R_295",
        "layer": "buildings",
        "building_type": "R",
        "source_type": "design_model",
        "confidence": 0.7,
        "geometry_role": "design_layer",
        "footprint_sqm": 3481.0,
        "stories": 4,
        "height_m": 18
      },
      "geometry": {
        "type": "Polygon",
        "coordinates": [
          [
            [
              1201.0,
              1892.0
            ],
            [
              1201.0,
              1951.0
            ],
            [
              1260.0,
              1951.0
            ],
            [
              1260.0,
              1892.0
            ],
            [
              1201.0,
              1892.0
            ]
          ]
        ]
      }
    },
    {
      "type": "Feature",
      "properties": {
        "id": "bldg_R_296",
        "layer": "buildings",
        "building_type": "R",
        "source_type": "design_model",
        "confidence": 0.7,
        "geometry_role": "design_layer",
        "footprint_sqm": 3481.0,
        "stories": 4,
        "height_m": 18
      },
      "geometry": {
        "type": "Polygon",
        "coordinates": [
          [
            [
              1201.0,
              1975.0
            ],
            [
              1201.0,
              2034.0
            ],
            [
              1260.0,
              2034.0
            ],
            [
              1260.0,
              1975.0
            ],
            [
              1201.0,
              1975.0
            ]
          ]
        ]
      }
    },
    {
      "type": "Feature",
      "properties": {
        "id": "bldg_R_297",
        "layer": "buildings",
        "building_type": "R",
        "source_type": "design_model",
        "confidence": 0.7,
        "geometry_role": "design_layer",
        "footprint_sqm": 3481.0,
        "stories": 4,
        "height_m": 18
      },
      "geometry": {
        "type": "Polygon",
        "coordinates": [
          [
            [
              1201.0,
              2058.0
            ],
            [
              1201.0,
              2117.0
            ],
            [
              1260.0,
              2117.0
            ],
            [
              1260.0,
              2058.0
            ],
            [
              1201.0,
              2058.0
            ]
          ]
        ]
      }
    },
    {
      "type": "Feature",
      "properties": {
        "id": "bldg_R_298",
        "layer": "buildings",
        "building_type": "R",
        "source_type": "design_model",
        "confidence": 0.7,
        "geometry_role": "design_layer",
        "footprint_sqm": 3481.0,
        "stories": 4,
        "height_m": 18
      },
      "geometry": {
        "type": "Polygon",
        "coordinates": [
          [
            [
              1201.0,
              2141.0
            ],
            [
              1201.0,
              2200.0
            ],
            [
              1260.0,
              2200.0
            ],
            [
              1260.0,
              2141.0
            ],
            [
              1201.0,
              2141.0
            ]
          ]
        ]
      }
    },
    {
      "type": "Feature",
      "properties": {
        "id": "bldg_R_299",
        "layer": "buildings",
        "building_type": "R",
        "source_type": "design_model",
        "confidence": 0.7,
        "geometry_role": "design_layer",
        "footprint_sqm": 3481.0,
        "stories": 4,
        "height_m": 18
      },
      "geometry": {
        "type": "Polygon",
        "coordinates": [
          [
            [
              1201.0,
              2224.0
            ],
            [
              1201.0,
              2283.0
            ],
            [
              1260.0,
              2283.0
            ],
            [
              1260.0,
              2224.0
            ],
            [
              1201.0,
              2224.0
            ]
          ]
        ]
      }
    },
    {
      "type": "Feature",
      "properties": {
        "id": "bldg_R_300",
        "layer": "buildings",
        "building_type": "R",
        "source_type": "design_model",
        "confidence": 0.7,
        "geometry_role": "design_layer",
        "footprint_sqm": 3481.0,
        "stories": 4,
        "height_m": 18
      },
      "geometry": {
        "type": "Polygon",
        "coordinates": [
          [
            [
              1201.0,
              2307.0
            ],
            [
              1201.0,
              2366.0
            ],
            [
              1260.0,
              2366.0
            ],
            [
              1260.0,
              2307.0
            ],
            [
              1201.0,
              2307.0
            ]
          ]
        ]
      }
    },
    {
      "type": "Feature",
      "properties": {
        "id": "bldg_R_301",
        "layer": "buildings",
        "building_type": "R",
        "source_type": "design_model",
        "confidence": 0.7,
        "geometry_role": "design_layer",
        "footprint_sqm": 3481.0,
        "stories": 4,
        "height_m": 18
      },
      "geometry": {
        "type": "Polygon",
        "coordinates": [
          [
            [
              1201.0,
              2390.0
            ],
            [
              1201.0,
              2449.0
            ],
            [
              1260.0,
              2449.0
            ],
            [
              1260.0,
              2390.0
            ],
            [
              1201.0,
              2390.0
            ]
          ]
        ]
      }
    },
    {
      "type": "Feature",
      "properties": {
        "id": "bldg_H_000",
        "layer": "buildings",
        "building_type": "H",
        "source_type": "design_model",
        "confidence": 0.7,
        "geometry_role": "design_layer",
        "footprint_sqm": 1936.0,
        "stories": 6,
        "height_m": 24
      },
      "geometry": {
        "type": "Polygon",
        "coordinates": [
          [
            [
              1548.0,
              598.0
            ],
            [
              1548.0,
              642.0
            ],
            [
              1592.0,
              642.0
            ],
            [
              1592.0,
              598.0
            ],
            [
              1548.0,
              598.0
            ]
          ]
        ]
      }
    },
    {
      "type": "Feature",
      "properties": {
        "id": "bldg_H_001",
        "layer": "buildings",
        "building_type": "H",
        "source_type": "design_model",
        "confidence": 0.7,
        "geometry_role": "design_layer",
        "footprint_sqm": 1936.0,
        "stories": 6,
        "height_m": 24
      },
      "geometry": {
        "type": "Polygon",
        "coordinates": [
          [
            [
              1548.0,
              666.0
            ],
            [
              1548.0,
              710.0
            ],
            [
              1592.0,
              710.0
            ],
            [
              1592.0,
              666.0
            ],
            [
              1548.0,
              666.0
            ]
          ]
        ]
      }
    },
    {
      "type": "Feature",
      "properties": {
        "id": "bldg_H_002",
        "layer": "buildings",
        "building_type": "H",
        "source_type": "design_model",
        "confidence": 0.7,
        "geometry_role": "design_layer",
        "footprint_sqm": 1936.0,
        "stories": 6,
        "height_m": 24
      },
      "geometry": {
        "type": "Polygon",
        "coordinates": [
          [
            [
              1548.0,
              734.0
            ],
            [
              1548.0,
              778.0
            ],
            [
              1592.0,
              778.0
            ],
            [
              1592.0,
              734.0
            ],
            [
              1548.0,
              734.0
            ]
          ]
        ]
      }
    },
    {
      "type": "Feature",
      "properties": {
        "id": "bldg_H_003",
        "layer": "buildings",
        "building_type": "H",
        "source_type": "design_model",
        "confidence": 0.7,
        "geometry_role": "design_layer",
        "footprint_sqm": 1936.0,
        "stories": 6,
        "height_m": 24
      },
      "geometry": {
        "type": "Polygon",
        "coordinates": [
          [
            [
              1548.0,
              802.0
            ],
            [
              1548.0,
              846.0
            ],
            [
              1592.0,
              846.0
            ],
            [
              1592.0,
              802.0
            ],
            [
              1548.0,
              802.0
            ]
          ]
        ]
      }
    },
    {
      "type": "Feature",
      "properties": {
        "id": "bldg_H_004",
        "layer": "buildings",
        "building_type": "H",
        "source_type": "design_model",
        "confidence": 0.7,
        "geometry_role": "design_layer",
        "footprint_sqm": 1936.0,
        "stories": 6,
        "height_m": 24
      },
      "geometry": {
        "type": "Polygon",
        "coordinates": [
          [
            [
              1548.0,
              870.0
            ],
            [
              1548.0,
              914.0
            ],
            [
              1592.0,
              914.0
            ],
            [
              1592.0,
              870.0
            ],
            [
              1548.0,
              870.0
            ]
          ]
        ]
      }
    },
    {
      "type": "Feature",
      "properties": {
        "id": "bldg_H_005",
        "layer": "buildings",
        "building_type": "H",
        "source_type": "design_model",
        "confidence": 0.7,
        "geometry_role": "design_layer",
        "footprint_sqm": 1936.0,
        "stories": 6,
        "height_m": 24
      },
      "geometry": {
        "type": "Polygon",
        "coordinates": [
          [
            [
              1548.0,
              938.0
            ],
            [
              1548.0,
              982.0
            ],
            [
              1592.0,
              982.0
            ],
            [
              1592.0,
              938.0
            ],
            [
              1548.0,
              938.0
            ]
          ]
        ]
      }
    },
    {
      "type": "Feature",
      "properties": {
        "id": "bldg_H_006",
        "layer": "buildings",
        "building_type": "H",
        "source_type": "design_model",
        "confidence": 0.7,
        "geometry_role": "design_layer",
        "footprint_sqm": 1936.0,
        "stories": 6,
        "height_m": 24
      },
      "geometry": {
        "type": "Polygon",
        "coordinates": [
          [
            [
              1548.0,
              1006.0
            ],
            [
              1548.0,
              1050.0
            ],
            [
              1592.0,
              1050.0
            ],
            [
              1592.0,
              1006.0
            ],
            [
              1548.0,
              1006.0
            ]
          ]
        ]
      }
    },
    {
      "type": "Feature",
      "properties": {
        "id": "bldg_H_007",
        "layer": "buildings",
        "building_type": "H",
        "source_type": "design_model",
        "confidence": 0.7,
        "geometry_role": "design_layer",
        "footprint_sqm": 1936.0,
        "stories": 6,
        "height_m": 24
      },
      "geometry": {
        "type": "Polygon",
        "coordinates": [
          [
            [
              1548.0,
              1074.0
            ],
            [
              1548.0,
              1118.0
            ],
            [
              1592.0,
              1118.0
            ],
            [
              1592.0,
              1074.0
            ],
            [
              1548.0,
              1074.0
            ]
          ]
        ]
      }
    },
    {
      "type": "Feature",
      "properties": {
        "id": "bldg_H_008",
        "layer": "buildings",
        "building_type": "H",
        "source_type": "design_model",
        "confidence": 0.7,
        "geometry_role": "design_layer",
        "footprint_sqm": 1936.0,
        "stories": 6,
        "height_m": 24
      },
      "geometry": {
        "type": "Polygon",
        "coordinates": [
          [
            [
              1548.0,
              1142.0
            ],
            [
              1548.0,
              1186.0
            ],
            [
              1592.0,
              1186.0
            ],
            [
              1592.0,
              1142.0
            ],
            [
              1548.0,
              1142.0
            ]
          ]
        ]
      }
    },
    {
      "type": "Feature",
      "properties": {
        "id": "bldg_H_009",
        "layer": "buildings",
        "building_type": "H",
        "source_type": "design_model",
        "confidence": 0.7,
        "geometry_role": "design_layer",
        "footprint_sqm": 1936.0,
        "stories": 6,
        "height_m": 24
      },
      "geometry": {
        "type": "Polygon",
        "coordinates": [
          [
            [
              1548.0,
              1210.0
            ],
            [
              1548.0,
              1254.0
            ],
            [
              1592.0,
              1254.0
            ],
            [
              1592.0,
              1210.0
            ],
            [
              1548.0,
              1210.0
            ]
          ]
        ]
      }
    },
    {
      "type": "Feature",
      "properties": {
        "id": "bldg_H_010",
        "layer": "buildings",
        "building_type": "H",
        "source_type": "design_model",
        "confidence": 0.7,
        "geometry_role": "design_layer",
        "footprint_sqm": 1936.0,
        "stories": 6,
        "height_m": 24
      },
      "geometry": {
        "type": "Polygon",
        "coordinates": [
          [
            [
              1548.0,
              1278.0
            ],
            [
              1548.0,
              1322.0
            ],
            [
              1592.0,
              1322.0
            ],
            [
              1592.0,
              1278.0
            ],
            [
              1548.0,
              1278.0
            ]
          ]
        ]
      }
    },
    {
      "type": "Feature",
      "properties": {
        "id": "bldg_H_011",
        "layer": "buildings",
        "building_type": "H",
        "source_type": "design_model",
        "confidence": 0.7,
        "geometry_role": "design_layer",
        "footprint_sqm": 1936.0,
        "stories": 6,
        "height_m": 24
      },
      "geometry": {
        "type": "Polygon",
        "coordinates": [
          [
            [
              1548.0,
              1346.0
            ],
            [
              1548.0,
              1390.0
            ],
            [
              1592.0,
              1390.0
            ],
            [
              1592.0,
              1346.0
            ],
            [
              1548.0,
              1346.0
            ]
          ]
        ]
      }
    },
    {
      "type": "Feature",
      "properties": {
        "id": "bldg_H_012",
        "layer": "buildings",
        "building_type": "H",
        "source_type": "design_model",
        "confidence": 0.7,
        "geometry_role": "design_layer",
        "footprint_sqm": 1936.0,
        "stories": 6,
        "height_m": 24
      },
      "geometry": {
        "type": "Polygon",
        "coordinates": [
          [
            [
              1548.0,
              1414.0
            ],
            [
              1548.0,
              1458.0
            ],
            [
              1592.0,
              1458.0
            ],
            [
              1592.0,
              1414.0
            ],
            [
              1548.0,
              1414.0
            ]
          ]
        ]
      }
    },
    {
      "type": "Feature",
      "properties": {
        "id": "bldg_H_013",
        "layer": "buildings",
        "building_type": "H",
        "source_type": "design_model",
        "confidence": 0.7,
        "geometry_role": "design_layer",
        "footprint_sqm": 1936.0,
        "stories": 6,
        "height_m": 24
      },
      "geometry": {
        "type": "Polygon",
        "coordinates": [
          [
            [
              1548.0,
              1482.0
            ],
            [
              1548.0,
              1526.0
            ],
            [
              1592.0,
              1526.0
            ],
            [
              1592.0,
              1482.0
            ],
            [
              1548.0,
              1482.0
            ]
          ]
        ]
      }
    },
    {
      "type": "Feature",
      "properties": {
        "id": "bldg_H_014",
        "layer": "buildings",
        "building_type": "H",
        "source_type": "design_model",
        "confidence": 0.7,
        "geometry_role": "design_layer",
        "footprint_sqm": 1936.0,
        "stories": 6,
        "height_m": 24
      },
      "geometry": {
        "type": "Polygon",
        "coordinates": [
          [
            [
              1548.0,
              1550.0
            ],
            [
              1548.0,
              1594.0
            ],
            [
              1592.0,
              1594.0
            ],
            [
              1592.0,
              1550.0
            ],
            [
              1548.0,
              1550.0
            ]
          ]
        ]
      }
    },
    {
      "type": "Feature",
      "properties": {
        "id": "bldg_H_015",
        "layer": "buildings",
        "building_type": "H",
        "source_type": "design_model",
        "confidence": 0.7,
        "geometry_role": "design_layer",
        "footprint_sqm": 1936.0,
        "stories": 6,
        "height_m": 24
      },
      "geometry": {
        "type": "Polygon",
        "coordinates": [
          [
            [
              1548.0,
              1618.0
            ],
            [
              1548.0,
              1662.0
            ],
            [
              1592.0,
              1662.0
            ],
            [
              1592.0,
              1618.0
            ],
            [
              1548.0,
              1618.0
            ]
          ]
        ]
      }
    },
    {
      "type": "Feature",
      "properties": {
        "id": "bldg_H_016",
        "layer": "buildings",
        "building_type": "H",
        "source_type": "design_model",
        "confidence": 0.7,
        "geometry_role": "design_layer",
        "footprint_sqm": 1936.0,
        "stories": 6,
        "height_m": 24
      },
      "geometry": {
        "type": "Polygon",
        "coordinates": [
          [
            [
              1548.0,
              1686.0
            ],
            [
              1548.0,
              1730.0
            ],
            [
              1592.0,
              1730.0
            ],
            [
              1592.0,
              1686.0
            ],
            [
              1548.0,
              1686.0
            ]
          ]
        ]
      }
    },
    {
      "type": "Feature",
      "properties": {
        "id": "bldg_H_017",
        "layer": "buildings",
        "building_type": "H",
        "source_type": "design_model",
        "confidence": 0.7,
        "geometry_role": "design_layer",
        "footprint_sqm": 1936.0,
        "stories": 6,
        "height_m": 24
      },
      "geometry": {
        "type": "Polygon",
        "coordinates": [
          [
            [
              1548.0,
              1754.0
            ],
            [
              1548.0,
              1798.0
            ],
            [
              1592.0,
              1798.0
            ],
            [
              1592.0,
              1754.0
            ],
            [
              1548.0,
              1754.0
            ]
          ]
        ]
      }
    },
    {
      "type": "Feature",
      "properties": {
        "id": "bldg_H_018",
        "layer": "buildings",
        "building_type": "H",
        "source_type": "design_model",
        "confidence": 0.7,
        "geometry_role": "design_layer",
        "footprint_sqm": 1936.0,
        "stories": 6,
        "height_m": 24
      },
      "geometry": {
        "type": "Polygon",
        "coordinates": [
          [
            [
              1548.0,
              1822.0
            ],
            [
              1548.0,
              1866.0
            ],
            [
              1592.0,
              1866.0
            ],
            [
              1592.0,
              1822.0
            ],
            [
              1548.0,
              1822.0
            ]
          ]
        ]
      }
    },
    {
      "type": "Feature",
      "properties": {
        "id": "bldg_H_019",
        "layer": "buildings",
        "building_type": "H",
        "source_type": "design_model",
        "confidence": 0.7,
        "geometry_role": "design_layer",
        "footprint_sqm": 1936.0,
        "stories": 6,
        "height_m": 24
      },
      "geometry": {
        "type": "Polygon",
        "coordinates": [
          [
            [
              1548.0,
              1890.0
            ],
            [
              1548.0,
              1934.0
            ],
            [
              1592.0,
              1934.0
            ],
            [
              1592.0,
              1890.0
            ],
            [
              1548.0,
              1890.0
            ]
          ]
        ]
      }
    },
    {
      "type": "Feature",
      "properties": {
        "id": "bldg_H_020",
        "layer": "buildings",
        "building_type": "H",
        "source_type": "design_model",
        "confidence": 0.7,
        "geometry_role": "design_layer",
        "footprint_sqm": 1936.0,
        "stories": 6,
        "height_m": 24
      },
      "geometry": {
        "type": "Polygon",
        "coordinates": [
          [
            [
              1548.0,
              1958.0
            ],
            [
              1548.0,
              2002.0
            ],
            [
              1592.0,
              2002.0
            ],
            [
              1592.0,
              1958.0
            ],
            [
              1548.0,
              1958.0
            ]
          ]
        ]
      }
    },
    {
      "type": "Feature",
      "properties": {
        "id": "bldg_H_021",
        "layer": "buildings",
        "building_type": "H",
        "source_type": "design_model",
        "confidence": 0.7,
        "geometry_role": "design_layer",
        "footprint_sqm": 1936.0,
        "stories": 6,
        "height_m": 24
      },
      "geometry": {
        "type": "Polygon",
        "coordinates": [
          [
            [
              1548.0,
              2026.0
            ],
            [
              1548.0,
              2070.0
            ],
            [
              1592.0,
              2070.0
            ],
            [
              1592.0,
              2026.0
            ],
            [
              1548.0,
              2026.0
            ]
          ]
        ]
      }
    },
    {
      "type": "Feature",
      "properties": {
        "id": "bldg_H_022",
        "layer": "buildings",
        "building_type": "H",
        "source_type": "design_model",
        "confidence": 0.7,
        "geometry_role": "design_layer",
        "footprint_sqm": 1936.0,
        "stories": 6,
        "height_m": 24
      },
      "geometry": {
        "type": "Polygon",
        "coordinates": [
          [
            [
              1548.0,
              2094.0
            ],
            [
              1548.0,
              2138.0
            ],
            [
              1592.0,
              2138.0
            ],
            [
              1592.0,
              2094.0
            ],
            [
              1548.0,
              2094.0
            ]
          ]
        ]
      }
    },
    {
      "type": "Feature",
      "properties": {
        "id": "bldg_H_023",
        "layer": "buildings",
        "building_type": "H",
        "source_type": "design_model",
        "confidence": 0.7,
        "geometry_role": "design_layer",
        "footprint_sqm": 1936.0,
        "stories": 6,
        "height_m": 24
      },
      "geometry": {
        "type": "Polygon",
        "coordinates": [
          [
            [
              1548.0,
              2162.0
            ],
            [
              1548.0,
              2206.0
            ],
            [
              1592.0,
              2206.0
            ],
            [
              1592.0,
              2162.0
            ],
            [
              1548.0,
              2162.0
            ]
          ]
        ]
      }
    },
    {
      "type": "Feature",
      "properties": {
        "id": "bldg_H_024",
        "layer": "buildings",
        "building_type": "H",
        "source_type": "design_model",
        "confidence": 0.7,
        "geometry_role": "design_layer",
        "footprint_sqm": 1936.0,
        "stories": 6,
        "height_m": 24
      },
      "geometry": {
        "type": "Polygon",
        "coordinates": [
          [
            [
              1548.0,
              2230.0
            ],
            [
              1548.0,
              2274.0
            ],
            [
              1592.0,
              2274.0
            ],
            [
              1592.0,
              2230.0
            ],
            [
              1548.0,
              2230.0
            ]
          ]
        ]
      }
    },
    {
      "type": "Feature",
      "properties": {
        "id": "bldg_H_025",
        "layer": "buildings",
        "building_type": "H",
        "source_type": "design_model",
        "confidence": 0.7,
        "geometry_role": "design_layer",
        "footprint_sqm": 1936.0,
        "stories": 6,
        "height_m": 24
      },
      "geometry": {
        "type": "Polygon",
        "coordinates": [
          [
            [
              1548.0,
              2298.0
            ],
            [
              1548.0,
              2342.0
            ],
            [
              1592.0,
              2342.0
            ],
            [
              1592.0,
              2298.0
            ],
            [
              1548.0,
              2298.0
            ]
          ]
        ]
      }
    },
    {
      "type": "Feature",
      "properties": {
        "id": "bldg_H_026",
        "layer": "buildings",
        "building_type": "H",
        "source_type": "design_model",
        "confidence": 0.7,
        "geometry_role": "design_layer",
        "footprint_sqm": 1936.0,
        "stories": 6,
        "height_m": 24
      },
      "geometry": {
        "type": "Polygon",
        "coordinates": [
          [
            [
              1616.0,
              598.0
            ],
            [
              1616.0,
              642.0
            ],
            [
              1660.0,
              642.0
            ],
            [
              1660.0,
              598.0
            ],
            [
              1616.0,
              598.0
            ]
          ]
        ]
      }
    },
    {
      "type": "Feature",
      "properties": {
        "id": "bldg_H_027",
        "layer": "buildings",
        "building_type": "H",
        "source_type": "design_model",
        "confidence": 0.7,
        "geometry_role": "design_layer",
        "footprint_sqm": 1936.0,
        "stories": 6,
        "height_m": 24
      },
      "geometry": {
        "type": "Polygon",
        "coordinates": [
          [
            [
              1616.0,
              666.0
            ],
            [
              1616.0,
              710.0
            ],
            [
              1660.0,
              710.0
            ],
            [
              1660.0,
              666.0
            ],
            [
              1616.0,
              666.0
            ]
          ]
        ]
      }
    },
    {
      "type": "Feature",
      "properties": {
        "id": "bldg_H_028",
        "layer": "buildings",
        "building_type": "H",
        "source_type": "design_model",
        "confidence": 0.7,
        "geometry_role": "design_layer",
        "footprint_sqm": 1936.0,
        "stories": 6,
        "height_m": 24
      },
      "geometry": {
        "type": "Polygon",
        "coordinates": [
          [
            [
              1616.0,
              734.0
            ],
            [
              1616.0,
              778.0
            ],
            [
              1660.0,
              778.0
            ],
            [
              1660.0,
              734.0
            ],
            [
              1616.0,
              734.0
            ]
          ]
        ]
      }
    },
    {
      "type": "Feature",
      "properties": {
        "id": "bldg_H_029",
        "layer": "buildings",
        "building_type": "H",
        "source_type": "design_model",
        "confidence": 0.7,
        "geometry_role": "design_layer",
        "footprint_sqm": 1936.0,
        "stories": 6,
        "height_m": 24
      },
      "geometry": {
        "type": "Polygon",
        "coordinates": [
          [
            [
              1616.0,
              802.0
            ],
            [
              1616.0,
              846.0
            ],
            [
              1660.0,
              846.0
            ],
            [
              1660.0,
              802.0
            ],
            [
              1616.0,
              802.0
            ]
          ]
        ]
      }
    },
    {
      "type": "Feature",
      "properties": {
        "id": "bldg_H_030",
        "layer": "buildings",
        "building_type": "H",
        "source_type": "design_model",
        "confidence": 0.7,
        "geometry_role": "design_layer",
        "footprint_sqm": 1936.0,
        "stories": 6,
        "height_m": 24
      },
      "geometry": {
        "type": "Polygon",
        "coordinates": [
          [
            [
              1616.0,
              870.0
            ],
            [
              1616.0,
              914.0
            ],
            [
              1660.0,
              914.0
            ],
            [
              1660.0,
              870.0
            ],
            [
              1616.0,
              870.0
            ]
          ]
        ]
      }
    },
    {
      "type": "Feature",
      "properties": {
        "id": "bldg_H_031",
        "layer": "buildings",
        "building_type": "H",
        "source_type": "design_model",
        "confidence": 0.7,
        "geometry_role": "design_layer",
        "footprint_sqm": 1936.0,
        "stories": 6,
        "height_m": 24
      },
      "geometry": {
        "type": "Polygon",
        "coordinates": [
          [
            [
              1616.0,
              938.0
            ],
            [
              1616.0,
              982.0
            ],
            [
              1660.0,
              982.0
            ],
            [
              1660.0,
              938.0
            ],
            [
              1616.0,
              938.0
            ]
          ]
        ]
      }
    },
    {
      "type": "Feature",
      "properties": {
        "id": "bldg_H_032",
        "layer": "buildings",
        "building_type": "H",
        "source_type": "design_model",
        "confidence": 0.7,
        "geometry_role": "design_layer",
        "footprint_sqm": 1936.0,
        "stories": 6,
        "height_m": 24
      },
      "geometry": {
        "type": "Polygon",
        "coordinates": [
          [
            [
              1616.0,
              1006.0
            ],
            [
              1616.0,
              1050.0
            ],
            [
              1660.0,
              1050.0
            ],
            [
              1660.0,
              1006.0
            ],
            [
              1616.0,
              1006.0
            ]
          ]
        ]
      }
    },
    {
      "type": "Feature",
      "properties": {
        "id": "bldg_H_033",
        "layer": "buildings",
        "building_type": "H",
        "source_type": "design_model",
        "confidence": 0.7,
        "geometry_role": "design_layer",
        "footprint_sqm": 1936.0,
        "stories": 6,
        "height_m": 24
      },
      "geometry": {
        "type": "Polygon",
        "coordinates": [
          [
            [
              1616.0,
              1074.0
            ],
            [
              1616.0,
              1118.0
            ],
            [
              1660.0,
              1118.0
            ],
            [
              1660.0,
              1074.0
            ],
            [
              1616.0,
              1074.0
            ]
          ]
        ]
      }
    },
    {
      "type": "Feature",
      "properties": {
        "id": "bldg_H_034",
        "layer": "buildings",
        "building_type": "H",
        "source_type": "design_model",
        "confidence": 0.7,
        "geometry_role": "design_layer",
        "footprint_sqm": 1936.0,
        "stories": 6,
        "height_m": 24
      },
      "geometry": {
        "type": "Polygon",
        "coordinates": [
          [
            [
              1616.0,
              1142.0
            ],
            [
              1616.0,
              1186.0
            ],
            [
              1660.0,
              1186.0
            ],
            [
              1660.0,
              1142.0
            ],
            [
              1616.0,
              1142.0
            ]
          ]
        ]
      }
    },
    {
      "type": "Feature",
      "properties": {
        "id": "bldg_H_035",
        "layer": "buildings",
        "building_type": "H",
        "source_type": "design_model",
        "confidence": 0.7,
        "geometry_role": "design_layer",
        "footprint_sqm": 1936.0,
        "stories": 6,
        "height_m": 24
      },
      "geometry": {
        "type": "Polygon",
        "coordinates": [
          [
            [
              1616.0,
              1210.0
            ],
            [
              1616.0,
              1254.0
            ],
            [
              1660.0,
              1254.0
            ],
            [
              1660.0,
              1210.0
            ],
            [
              1616.0,
              1210.0
            ]
          ]
        ]
      }
    },
    {
      "type": "Feature",
      "properties": {
        "id": "bldg_H_036",
        "layer": "buildings",
        "building_type": "H",
        "source_type": "design_model",
        "confidence": 0.7,
        "geometry_role": "design_layer",
        "footprint_sqm": 1936.0,
        "stories": 6,
        "height_m": 24
      },
      "geometry": {
        "type": "Polygon",
        "coordinates": [
          [
            [
              1616.0,
              1278.0
            ],
            [
              1616.0,
              1322.0
            ],
            [
              1660.0,
              1322.0
            ],
            [
              1660.0,
              1278.0
            ],
            [
              1616.0,
              1278.0
            ]
          ]
        ]
      }
    },
    {
      "type": "Feature",
      "properties": {
        "id": "bldg_H_037",
        "layer": "buildings",
        "building_type": "H",
        "source_type": "design_model",
        "confidence": 0.7,
        "geometry_role": "design_layer",
        "footprint_sqm": 1936.0,
        "stories": 6,
        "height_m": 24
      },
      "geometry": {
        "type": "Polygon",
        "coordinates": [
          [
            [
              1616.0,
              1346.0
            ],
            [
              1616.0,
              1390.0
            ],
            [
              1660.0,
              1390.0
            ],
            [
              1660.0,
              1346.0
            ],
            [
              1616.0,
              1346.0
            ]
          ]
        ]
      }
    },
    {
      "type": "Feature",
      "properties": {
        "id": "bldg_H_038",
        "layer": "buildings",
        "building_type": "H",
        "source_type": "design_model",
        "confidence": 0.7,
        "geometry_role": "design_layer",
        "footprint_sqm": 1936.0,
        "stories": 6,
        "height_m": 24
      },
      "geometry": {
        "type": "Polygon",
        "coordinates": [
          [
            [
              1616.0,
              1414.0
            ],
            [
              1616.0,
              1458.0
            ],
            [
              1660.0,
              1458.0
            ],
            [
              1660.0,
              1414.0
            ],
            [
              1616.0,
              1414.0
            ]
          ]
        ]
      }
    },
    {
      "type": "Feature",
      "properties": {
        "id": "bldg_H_039",
        "layer": "buildings",
        "building_type": "H",
        "source_type": "design_model",
        "confidence": 0.7,
        "geometry_role": "design_layer",
        "footprint_sqm": 1936.0,
        "stories": 6,
        "height_m": 24
      },
      "geometry": {
        "type": "Polygon",
        "coordinates": [
          [
            [
              1616.0,
              1482.0
            ],
            [
              1616.0,
              1526.0
            ],
            [
              1660.0,
              1526.0
            ],
            [
              1660.0,
              1482.0
            ],
            [
              1616.0,
              1482.0
            ]
          ]
        ]
      }
    },
    {
      "type": "Feature",
      "properties": {
        "id": "bldg_H_040",
        "layer": "buildings",
        "building_type": "H",
        "source_type": "design_model",
        "confidence": 0.7,
        "geometry_role": "design_layer",
        "footprint_sqm": 1936.0,
        "stories": 6,
        "height_m": 24
      },
      "geometry": {
        "type": "Polygon",
        "coordinates": [
          [
            [
              1616.0,
              1550.0
            ],
            [
              1616.0,
              1594.0
            ],
            [
              1660.0,
              1594.0
            ],
            [
              1660.0,
              1550.0
            ],
            [
              1616.0,
              1550.0
            ]
          ]
        ]
      }
    },
    {
      "type": "Feature",
      "properties": {
        "id": "bldg_H_041",
        "layer": "buildings",
        "building_type": "H",
        "source_type": "design_model",
        "confidence": 0.7,
        "geometry_role": "design_layer",
        "footprint_sqm": 1936.0,
        "stories": 6,
        "height_m": 24
      },
      "geometry": {
        "type": "Polygon",
        "coordinates": [
          [
            [
              1616.0,
              1618.0
            ],
            [
              1616.0,
              1662.0
            ],
            [
              1660.0,
              1662.0
            ],
            [
              1660.0,
              1618.0
            ],
            [
              1616.0,
              1618.0
            ]
          ]
        ]
      }
    },
    {
      "type": "Feature",
      "properties": {
        "id": "bldg_H_042",
        "layer": "buildings",
        "building_type": "H",
        "source_type": "design_model",
        "confidence": 0.7,
        "geometry_role": "design_layer",
        "footprint_sqm": 1936.0,
        "stories": 6,
        "height_m": 24
      },
      "geometry": {
        "type": "Polygon",
        "coordinates": [
          [
            [
              1616.0,
              1686.0
            ],
            [
              1616.0,
              1730.0
            ],
            [
              1660.0,
              1730.0
            ],
            [
              1660.0,
              1686.0
            ],
            [
              1616.0,
              1686.0
            ]
          ]
        ]
      }
    },
    {
      "type": "Feature",
      "properties": {
        "id": "bldg_H_043",
        "layer": "buildings",
        "building_type": "H",
        "source_type": "design_model",
        "confidence": 0.7,
        "geometry_role": "design_layer",
        "footprint_sqm": 1936.0,
        "stories": 6,
        "height_m": 24
      },
      "geometry": {
        "type": "Polygon",
        "coordinates": [
          [
            [
              1616.0,
              1754.0
            ],
            [
              1616.0,
              1798.0
            ],
            [
              1660.0,
              1798.0
            ],
            [
              1660.0,
              1754.0
            ],
            [
              1616.0,
              1754.0
            ]
          ]
        ]
      }
    },
    {
      "type": "Feature",
      "properties": {
        "id": "bldg_H_044",
        "layer": "buildings",
        "building_type": "H",
        "source_type": "design_model",
        "confidence": 0.7,
        "geometry_role": "design_layer",
        "footprint_sqm": 1936.0,
        "stories": 6,
        "height_m": 24
      },
      "geometry": {
        "type": "Polygon",
        "coordinates": [
          [
            [
              1616.0,
              1822.0
            ],
            [
              1616.0,
              1866.0
            ],
            [
              1660.0,
              1866.0
            ],
            [
              1660.0,
              1822.0
            ],
            [
              1616.0,
              1822.0
            ]
          ]
        ]
      }
    },
    {
      "type": "Feature",
      "properties": {
        "id": "bldg_H_045",
        "layer": "buildings",
        "building_type": "H",
        "source_type": "design_model",
        "confidence": 0.7,
        "geometry_role": "design_layer",
        "footprint_sqm": 1936.0,
        "stories": 6,
        "height_m": 24
      },
      "geometry": {
        "type": "Polygon",
        "coordinates": [
          [
            [
              1616.0,
              1890.0
            ],
            [
              1616.0,
              1934.0
            ],
            [
              1660.0,
              1934.0
            ],
            [
              1660.0,
              1890.0
            ],
            [
              1616.0,
              1890.0
            ]
          ]
        ]
      }
    },
    {
      "type": "Feature",
      "properties": {
        "id": "bldg_H_046",
        "layer": "buildings",
        "building_type": "H",
        "source_type": "design_model",
        "confidence": 0.7,
        "geometry_role": "design_layer",
        "footprint_sqm": 1936.0,
        "stories": 6,
        "height_m": 24
      },
      "geometry": {
        "type": "Polygon",
        "coordinates": [
          [
            [
              1616.0,
              1958.0
            ],
            [
              1616.0,
              2002.0
            ],
            [
              1660.0,
              2002.0
            ],
            [
              1660.0,
              1958.0
            ],
            [
              1616.0,
              1958.0
            ]
          ]
        ]
      }
    },
    {
      "type": "Feature",
      "properties": {
        "id": "bldg_H_047",
        "layer": "buildings",
        "building_type": "H",
        "source_type": "design_model",
        "confidence": 0.7,
        "geometry_role": "design_layer",
        "footprint_sqm": 1936.0,
        "stories": 6,
        "height_m": 24
      },
      "geometry": {
        "type": "Polygon",
        "coordinates": [
          [
            [
              1616.0,
              2026.0
            ],
            [
              1616.0,
              2070.0
            ],
            [
              1660.0,
              2070.0
            ],
            [
              1660.0,
              2026.0
            ],
            [
              1616.0,
              2026.0
            ]
          ]
        ]
      }
    },
    {
      "type": "Feature",
      "properties": {
        "id": "bldg_H_048",
        "layer": "buildings",
        "building_type": "H",
        "source_type": "design_model",
        "confidence": 0.7,
        "geometry_role": "design_layer",
        "footprint_sqm": 1936.0,
        "stories": 6,
        "height_m": 24
      },
      "geometry": {
        "type": "Polygon",
        "coordinates": [
          [
            [
              1616.0,
              2094.0
            ],
            [
              1616.0,
              2138.0
            ],
            [
              1660.0,
              2138.0
            ],
            [
              1660.0,
              2094.0
            ],
            [
              1616.0,
              2094.0
            ]
          ]
        ]
      }
    },
    {
      "type": "Feature",
      "properties": {
        "id": "bldg_H_049",
        "layer": "buildings",
        "building_type": "H",
        "source_type": "design_model",
        "confidence": 0.7,
        "geometry_role": "design_layer",
        "footprint_sqm": 1936.0,
        "stories": 6,
        "height_m": 24
      },
      "geometry": {
        "type": "Polygon",
        "coordinates": [
          [
            [
              1616.0,
              2162.0
            ],
            [
              1616.0,
              2206.0
            ],
            [
              1660.0,
              2206.0
            ],
            [
              1660.0,
              2162.0
            ],
            [
              1616.0,
              2162.0
            ]
          ]
        ]
      }
    },
    {
      "type": "Feature",
      "properties": {
        "id": "bldg_H_050",
        "layer": "buildings",
        "building_type": "H",
        "source_type": "design_model",
        "confidence": 0.7,
        "geometry_role": "design_layer",
        "footprint_sqm": 1936.0,
        "stories": 6,
        "height_m": 24
      },
      "geometry": {
        "type": "Polygon",
        "coordinates": [
          [
            [
              1616.0,
              2230.0
            ],
            [
              1616.0,
              2274.0
            ],
            [
              1660.0,
              2274.0
            ],
            [
              1660.0,
              2230.0
            ],
            [
              1616.0,
              2230.0
            ]
          ]
        ]
      }
    },
    {
      "type": "Feature",
      "properties": {
        "id": "bldg_H_051",
        "layer": "buildings",
        "building_type": "H",
        "source_type": "design_model",
        "confidence": 0.7,
        "geometry_role": "design_layer",
        "footprint_sqm": 1936.0,
        "stories": 6,
        "height_m": 24
      },
      "geometry": {
        "type": "Polygon",
        "coordinates": [
          [
            [
              1616.0,
              2298.0
            ],
            [
              1616.0,
              2342.0
            ],
            [
              1660.0,
              2342.0
            ],
            [
              1660.0,
              2298.0
            ],
            [
              1616.0,
              2298.0
            ]
          ]
        ]
      }
    },
    {
      "type": "Feature",
      "properties": {
        "id": "bldg_H_052",
        "layer": "buildings",
        "building_type": "H",
        "source_type": "design_model",
        "confidence": 0.7,
        "geometry_role": "design_layer",
        "footprint_sqm": 1936.0,
        "stories": 6,
        "height_m": 24
      },
      "geometry": {
        "type": "Polygon",
        "coordinates": [
          [
            [
              1684.0,
              598.0
            ],
            [
              1684.0,
              642.0
            ],
            [
              1728.0,
              642.0
            ],
            [
              1728.0,
              598.0
            ],
            [
              1684.0,
              598.0
            ]
          ]
        ]
      }
    },
    {
      "type": "Feature",
      "properties": {
        "id": "bldg_H_053",
        "layer": "buildings",
        "building_type": "H",
        "source_type": "design_model",
        "confidence": 0.7,
        "geometry_role": "design_layer",
        "footprint_sqm": 1936.0,
        "stories": 6,
        "height_m": 24
      },
      "geometry": {
        "type": "Polygon",
        "coordinates": [
          [
            [
              1684.0,
              666.0
            ],
            [
              1684.0,
              710.0
            ],
            [
              1728.0,
              710.0
            ],
            [
              1728.0,
              666.0
            ],
            [
              1684.0,
              666.0
            ]
          ]
        ]
      }
    },
    {
      "type": "Feature",
      "properties": {
        "id": "bldg_H_054",
        "layer": "buildings",
        "building_type": "H",
        "source_type": "design_model",
        "confidence": 0.7,
        "geometry_role": "design_layer",
        "footprint_sqm": 1936.0,
        "stories": 6,
        "height_m": 24
      },
      "geometry": {
        "type": "Polygon",
        "coordinates": [
          [
            [
              1684.0,
              734.0
            ],
            [
              1684.0,
              778.0
            ],
            [
              1728.0,
              778.0
            ],
            [
              1728.0,
              734.0
            ],
            [
              1684.0,
              734.0
            ]
          ]
        ]
      }
    },
    {
      "type": "Feature",
      "properties": {
        "id": "bldg_H_055",
        "layer": "buildings",
        "building_type": "H",
        "source_type": "design_model",
        "confidence": 0.7,
        "geometry_role": "design_layer",
        "footprint_sqm": 1936.0,
        "stories": 6,
        "height_m": 24
      },
      "geometry": {
        "type": "Polygon",
        "coordinates": [
          [
            [
              1684.0,
              802.0
            ],
            [
              1684.0,
              846.0
            ],
            [
              1728.0,
              846.0
            ],
            [
              1728.0,
              802.0
            ],
            [
              1684.0,
              802.0
            ]
          ]
        ]
      }
    },
    {
      "type": "Feature",
      "properties": {
        "id": "bldg_H_056",
        "layer": "buildings",
        "building_type": "H",
        "source_type": "design_model",
        "confidence": 0.7,
        "geometry_role": "design_layer",
        "footprint_sqm": 1936.0,
        "stories": 6,
        "height_m": 24
      },
      "geometry": {
        "type": "Polygon",
        "coordinates": [
          [
            [
              1684.0,
              870.0
            ],
            [
              1684.0,
              914.0
            ],
            [
              1728.0,
              914.0
            ],
            [
              1728.0,
              870.0
            ],
            [
              1684.0,
              870.0
            ]
          ]
        ]
      }
    },
    {
      "type": "Feature",
      "properties": {
        "id": "bldg_H_057",
        "layer": "buildings",
        "building_type": "H",
        "source_type": "design_model",
        "confidence": 0.7,
        "geometry_role": "design_layer",
        "footprint_sqm": 1936.0,
        "stories": 6,
        "height_m": 24
      },
      "geometry": {
        "type": "Polygon",
        "coordinates": [
          [
            [
              1684.0,
              938.0
            ],
            [
              1684.0,
              982.0
            ],
            [
              1728.0,
              982.0
            ],
            [
              1728.0,
              938.0
            ],
            [
              1684.0,
              938.0
            ]
          ]
        ]
      }
    },
    {
      "type": "Feature",
      "properties": {
        "id": "bldg_H_058",
        "layer": "buildings",
        "building_type": "H",
        "source_type": "design_model",
        "confidence": 0.7,
        "geometry_role": "design_layer",
        "footprint_sqm": 1936.0,
        "stories": 6,
        "height_m": 24
      },
      "geometry": {
        "type": "Polygon",
        "coordinates": [
          [
            [
              1684.0,
              1006.0
            ],
            [
              1684.0,
              1050.0
            ],
            [
              1728.0,
              1050.0
            ],
            [
              1728.0,
              1006.0
            ],
            [
              1684.0,
              1006.0
            ]
          ]
        ]
      }
    },
    {
      "type": "Feature",
      "properties": {
        "id": "bldg_H_059",
        "layer": "buildings",
        "building_type": "H",
        "source_type": "design_model",
        "confidence": 0.7,
        "geometry_role": "design_layer",
        "footprint_sqm": 1936.0,
        "stories": 6,
        "height_m": 24
      },
      "geometry": {
        "type": "Polygon",
        "coordinates": [
          [
            [
              1684.0,
              1074.0
            ],
            [
              1684.0,
              1118.0
            ],
            [
              1728.0,
              1118.0
            ],
            [
              1728.0,
              1074.0
            ],
            [
              1684.0,
              1074.0
            ]
          ]
        ]
      }
    },
    {
      "type": "Feature",
      "properties": {
        "id": "bldg_H_060",
        "layer": "buildings",
        "building_type": "H",
        "source_type": "design_model",
        "confidence": 0.7,
        "geometry_role": "design_layer",
        "footprint_sqm": 1936.0,
        "stories": 6,
        "height_m": 24
      },
      "geometry": {
        "type": "Polygon",
        "coordinates": [
          [
            [
              1684.0,
              1142.0
            ],
            [
              1684.0,
              1186.0
            ],
            [
              1728.0,
              1186.0
            ],
            [
              1728.0,
              1142.0
            ],
            [
              1684.0,
              1142.0
            ]
          ]
        ]
      }
    },
    {
      "type": "Feature",
      "properties": {
        "id": "bldg_H_061",
        "layer": "buildings",
        "building_type": "H",
        "source_type": "design_model",
        "confidence": 0.7,
        "geometry_role": "design_layer",
        "footprint_sqm": 1936.0,
        "stories": 6,
        "height_m": 24
      },
      "geometry": {
        "type": "Polygon",
        "coordinates": [
          [
            [
              1684.0,
              1210.0
            ],
            [
              1684.0,
              1254.0
            ],
            [
              1728.0,
              1254.0
            ],
            [
              1728.0,
              1210.0
            ],
            [
              1684.0,
              1210.0
            ]
          ]
        ]
      }
    },
    {
      "type": "Feature",
      "properties": {
        "id": "bldg_H_062",
        "layer": "buildings",
        "building_type": "H",
        "source_type": "design_model",
        "confidence": 0.7,
        "geometry_role": "design_layer",
        "footprint_sqm": 1936.0,
        "stories": 6,
        "height_m": 24
      },
      "geometry": {
        "type": "Polygon",
        "coordinates": [
          [
            [
              1684.0,
              1278.0
            ],
            [
              1684.0,
              1322.0
            ],
            [
              1728.0,
              1322.0
            ],
            [
              1728.0,
              1278.0
            ],
            [
              1684.0,
              1278.0
            ]
          ]
        ]
      }
    },
    {
      "type": "Feature",
      "properties": {
        "id": "bldg_H_063",
        "layer": "buildings",
        "building_type": "H",
        "source_type": "design_model",
        "confidence": 0.7,
        "geometry_role": "design_layer",
        "footprint_sqm": 1936.0,
        "stories": 6,
        "height_m": 24
      },
      "geometry": {
        "type": "Polygon",
        "coordinates": [
          [
            [
              1684.0,
              1346.0
            ],
            [
              1684.0,
              1390.0
            ],
            [
              1728.0,
              1390.0
            ],
            [
              1728.0,
              1346.0
            ],
            [
              1684.0,
              1346.0
            ]
          ]
        ]
      }
    },
    {
      "type": "Feature",
      "properties": {
        "id": "bldg_H_064",
        "layer": "buildings",
        "building_type": "H",
        "source_type": "design_model",
        "confidence": 0.7,
        "geometry_role": "design_layer",
        "footprint_sqm": 1936.0,
        "stories": 6,
        "height_m": 24
      },
      "geometry": {
        "type": "Polygon",
        "coordinates": [
          [
            [
              1684.0,
              1414.0
            ],
            [
              1684.0,
              1458.0
            ],
            [
              1728.0,
              1458.0
            ],
            [
              1728.0,
              1414.0
            ],
            [
              1684.0,
              1414.0
            ]
          ]
        ]
      }
    },
    {
      "type": "Feature",
      "properties": {
        "id": "bldg_H_065",
        "layer": "buildings",
        "building_type": "H",
        "source_type": "design_model",
        "confidence": 0.7,
        "geometry_role": "design_layer",
        "footprint_sqm": 1936.0,
        "stories": 6,
        "height_m": 24
      },
      "geometry": {
        "type": "Polygon",
        "coordinates": [
          [
            [
              1684.0,
              1482.0
            ],
            [
              1684.0,
              1526.0
            ],
            [
              1728.0,
              1526.0
            ],
            [
              1728.0,
              1482.0
            ],
            [
              1684.0,
              1482.0
            ]
          ]
        ]
      }
    },
    {
      "type": "Feature",
      "properties": {
        "id": "bldg_H_066",
        "layer": "buildings",
        "building_type": "H",
        "source_type": "design_model",
        "confidence": 0.7,
        "geometry_role": "design_layer",
        "footprint_sqm": 1936.0,
        "stories": 6,
        "height_m": 24
      },
      "geometry": {
        "type": "Polygon",
        "coordinates": [
          [
            [
              1684.0,
              1550.0
            ],
            [
              1684.0,
              1594.0
            ],
            [
              1728.0,
              1594.0
            ],
            [
              1728.0,
              1550.0
            ],
            [
              1684.0,
              1550.0
            ]
          ]
        ]
      }
    },
    {
      "type": "Feature",
      "properties": {
        "id": "bldg_H_067",
        "layer": "buildings",
        "building_type": "H",
        "source_type": "design_model",
        "confidence": 0.7,
        "geometry_role": "design_layer",
        "footprint_sqm": 1936.0,
        "stories": 6,
        "height_m": 24
      },
      "geometry": {
        "type": "Polygon",
        "coordinates": [
          [
            [
              1684.0,
              1618.0
            ],
            [
              1684.0,
              1662.0
            ],
            [
              1728.0,
              1662.0
            ],
            [
              1728.0,
              1618.0
            ],
            [
              1684.0,
              1618.0
            ]
          ]
        ]
      }
    },
    {
      "type": "Feature",
      "properties": {
        "id": "bldg_H_068",
        "layer": "buildings",
        "building_type": "H",
        "source_type": "design_model",
        "confidence": 0.7,
        "geometry_role": "design_layer",
        "footprint_sqm": 1936.0,
        "stories": 6,
        "height_m": 24
      },
      "geometry": {
        "type": "Polygon",
        "coordinates": [
          [
            [
              1684.0,
              1686.0
            ],
            [
              1684.0,
              1730.0
            ],
            [
              1728.0,
              1730.0
            ],
            [
              1728.0,
              1686.0
            ],
            [
              1684.0,
              1686.0
            ]
          ]
        ]
      }
    },
    {
      "type": "Feature",
      "properties": {
        "id": "bldg_H_069",
        "layer": "buildings",
        "building_type": "H",
        "source_type": "design_model",
        "confidence": 0.7,
        "geometry_role": "design_layer",
        "footprint_sqm": 1936.0,
        "stories": 6,
        "height_m": 24
      },
      "geometry": {
        "type": "Polygon",
        "coordinates": [
          [
            [
              1684.0,
              1754.0
            ],
            [
              1684.0,
              1798.0
            ],
            [
              1728.0,
              1798.0
            ],
            [
              1728.0,
              1754.0
            ],
            [
              1684.0,
              1754.0
            ]
          ]
        ]
      }
    },
    {
      "type": "Feature",
      "properties": {
        "id": "bldg_H_070",
        "layer": "buildings",
        "building_type": "H",
        "source_type": "design_model",
        "confidence": 0.7,
        "geometry_role": "design_layer",
        "footprint_sqm": 1936.0,
        "stories": 6,
        "height_m": 24
      },
      "geometry": {
        "type": "Polygon",
        "coordinates": [
          [
            [
              1684.0,
              1822.0
            ],
            [
              1684.0,
              1866.0
            ],
            [
              1728.0,
              1866.0
            ],
            [
              1728.0,
              1822.0
            ],
            [
              1684.0,
              1822.0
            ]
          ]
        ]
      }
    },
    {
      "type": "Feature",
      "properties": {
        "id": "bldg_H_071",
        "layer": "buildings",
        "building_type": "H",
        "source_type": "design_model",
        "confidence": 0.7,
        "geometry_role": "design_layer",
        "footprint_sqm": 1936.0,
        "stories": 6,
        "height_m": 24
      },
      "geometry": {
        "type": "Polygon",
        "coordinates": [
          [
            [
              1684.0,
              1890.0
            ],
            [
              1684.0,
              1934.0
            ],
            [
              1728.0,
              1934.0
            ],
            [
              1728.0,
              1890.0
            ],
            [
              1684.0,
              1890.0
            ]
          ]
        ]
      }
    },
    {
      "type": "Feature",
      "properties": {
        "id": "bldg_H_072",
        "layer": "buildings",
        "building_type": "H",
        "source_type": "design_model",
        "confidence": 0.7,
        "geometry_role": "design_layer",
        "footprint_sqm": 1936.0,
        "stories": 6,
        "height_m": 24
      },
      "geometry": {
        "type": "Polygon",
        "coordinates": [
          [
            [
              1684.0,
              1958.0
            ],
            [
              1684.0,
              2002.0
            ],
            [
              1728.0,
              2002.0
            ],
            [
              1728.0,
              1958.0
            ],
            [
              1684.0,
              1958.0
            ]
          ]
        ]
      }
    },
    {
      "type": "Feature",
      "properties": {
        "id": "bldg_H_073",
        "layer": "buildings",
        "building_type": "H",
        "source_type": "design_model",
        "confidence": 0.7,
        "geometry_role": "design_layer",
        "footprint_sqm": 1936.0,
        "stories": 6,
        "height_m": 24
      },
      "geometry": {
        "type": "Polygon",
        "coordinates": [
          [
            [
              1684.0,
              2026.0
            ],
            [
              1684.0,
              2070.0
            ],
            [
              1728.0,
              2070.0
            ],
            [
              1728.0,
              2026.0
            ],
            [
              1684.0,
              2026.0
            ]
          ]
        ]
      }
    },
    {
      "type": "Feature",
      "properties": {
        "id": "bldg_H_074",
        "layer": "buildings",
        "building_type": "H",
        "source_type": "design_model",
        "confidence": 0.7,
        "geometry_role": "design_layer",
        "footprint_sqm": 1936.0,
        "stories": 6,
        "height_m": 24
      },
      "geometry": {
        "type": "Polygon",
        "coordinates": [
          [
            [
              1684.0,
              2094.0
            ],
            [
              1684.0,
              2138.0
            ],
            [
              1728.0,
              2138.0
            ],
            [
              1728.0,
              2094.0
            ],
            [
              1684.0,
              2094.0
            ]
          ]
        ]
      }
    },
    {
      "type": "Feature",
      "properties": {
        "id": "bldg_H_075",
        "layer": "buildings",
        "building_type": "H",
        "source_type": "design_model",
        "confidence": 0.7,
        "geometry_role": "design_layer",
        "footprint_sqm": 1936.0,
        "stories": 6,
        "height_m": 24
      },
      "geometry": {
        "type": "Polygon",
        "coordinates": [
          [
            [
              1684.0,
              2162.0
            ],
            [
              1684.0,
              2206.0
            ],
            [
              1728.0,
              2206.0
            ],
            [
              1728.0,
              2162.0
            ],
            [
              1684.0,
              2162.0
            ]
          ]
        ]
      }
    },
    {
      "type": "Feature",
      "properties": {
        "id": "bldg_H_076",
        "layer": "buildings",
        "building_type": "H",
        "source_type": "design_model",
        "confidence": 0.7,
        "geometry_role": "design_layer",
        "footprint_sqm": 1936.0,
        "stories": 6,
        "height_m": 24
      },
      "geometry": {
        "type": "Polygon",
        "coordinates": [
          [
            [
              1684.0,
              2230.0
            ],
            [
              1684.0,
              2274.0
            ],
            [
              1728.0,
              2274.0
            ],
            [
              1728.0,
              2230.0
            ],
            [
              1684.0,
              2230.0
            ]
          ]
        ]
      }
    },
    {
      "type": "Feature",
      "properties": {
        "id": "bldg_H_077",
        "layer": "buildings",
        "building_type": "H",
        "source_type": "design_model",
        "confidence": 0.7,
        "geometry_role": "design_layer",
        "footprint_sqm": 1936.0,
        "stories": 6,
        "height_m": 24
      },
      "geometry": {
        "type": "Polygon",
        "coordinates": [
          [
            [
              1684.0,
              2298.0
            ],
            [
              1684.0,
              2342.0
            ],
            [
              1728.0,
              2342.0
            ],
            [
              1728.0,
              2298.0
            ],
            [
              1684.0,
              2298.0
            ]
          ]
        ]
      }
    },
    {
      "type": "Feature",
      "properties": {
        "id": "bldg_H_078",
        "layer": "buildings",
        "building_type": "H",
        "source_type": "design_model",
        "confidence": 0.7,
        "geometry_role": "design_layer",
        "footprint_sqm": 1936.0,
        "stories": 6,
        "height_m": 24
      },
      "geometry": {
        "type": "Polygon",
        "coordinates": [
          [
            [
              1752.0,
              598.0
            ],
            [
              1752.0,
              642.0
            ],
            [
              1796.0,
              642.0
            ],
            [
              1796.0,
              598.0
            ],
            [
              1752.0,
              598.0
            ]
          ]
        ]
      }
    },
    {
      "type": "Feature",
      "properties": {
        "id": "bldg_H_079",
        "layer": "buildings",
        "building_type": "H",
        "source_type": "design_model",
        "confidence": 0.7,
        "geometry_role": "design_layer",
        "footprint_sqm": 1936.0,
        "stories": 6,
        "height_m": 24
      },
      "geometry": {
        "type": "Polygon",
        "coordinates": [
          [
            [
              1752.0,
              666.0
            ],
            [
              1752.0,
              710.0
            ],
            [
              1796.0,
              710.0
            ],
            [
              1796.0,
              666.0
            ],
            [
              1752.0,
              666.0
            ]
          ]
        ]
      }
    },
    {
      "type": "Feature",
      "properties": {
        "id": "bldg_H_080",
        "layer": "buildings",
        "building_type": "H",
        "source_type": "design_model",
        "confidence": 0.7,
        "geometry_role": "design_layer",
        "footprint_sqm": 1936.0,
        "stories": 6,
        "height_m": 24
      },
      "geometry": {
        "type": "Polygon",
        "coordinates": [
          [
            [
              1752.0,
              734.0
            ],
            [
              1752.0,
              778.0
            ],
            [
              1796.0,
              778.0
            ],
            [
              1796.0,
              734.0
            ],
            [
              1752.0,
              734.0
            ]
          ]
        ]
      }
    },
    {
      "type": "Feature",
      "properties": {
        "id": "bldg_H_081",
        "layer": "buildings",
        "building_type": "H",
        "source_type": "design_model",
        "confidence": 0.7,
        "geometry_role": "design_layer",
        "footprint_sqm": 1936.0,
        "stories": 6,
        "height_m": 24
      },
      "geometry": {
        "type": "Polygon",
        "coordinates": [
          [
            [
              1752.0,
              802.0
            ],
            [
              1752.0,
              846.0
            ],
            [
              1796.0,
              846.0
            ],
            [
              1796.0,
              802.0
            ],
            [
              1752.0,
              802.0
            ]
          ]
        ]
      }
    },
    {
      "type": "Feature",
      "properties": {
        "id": "bldg_H_082",
        "layer": "buildings",
        "building_type": "H",
        "source_type": "design_model",
        "confidence": 0.7,
        "geometry_role": "design_layer",
        "footprint_sqm": 1936.0,
        "stories": 6,
        "height_m": 24
      },
      "geometry": {
        "type": "Polygon",
        "coordinates": [
          [
            [
              1752.0,
              870.0
            ],
            [
              1752.0,
              914.0
            ],
            [
              1796.0,
              914.0
            ],
            [
              1796.0,
              870.0
            ],
            [
              1752.0,
              870.0
            ]
          ]
        ]
      }
    },
    {
      "type": "Feature",
      "properties": {
        "id": "bldg_H_083",
        "layer": "buildings",
        "building_type": "H",
        "source_type": "design_model",
        "confidence": 0.7,
        "geometry_role": "design_layer",
        "footprint_sqm": 1936.0,
        "stories": 6,
        "height_m": 24
      },
      "geometry": {
        "type": "Polygon",
        "coordinates": [
          [
            [
              1752.0,
              938.0
            ],
            [
              1752.0,
              982.0
            ],
            [
              1796.0,
              982.0
            ],
            [
              1796.0,
              938.0
            ],
            [
              1752.0,
              938.0
            ]
          ]
        ]
      }
    },
    {
      "type": "Feature",
      "properties": {
        "id": "bldg_H_084",
        "layer": "buildings",
        "building_type": "H",
        "source_type": "design_model",
        "confidence": 0.7,
        "geometry_role": "design_layer",
        "footprint_sqm": 1936.0,
        "stories": 6,
        "height_m": 24
      },
      "geometry": {
        "type": "Polygon",
        "coordinates": [
          [
            [
              1752.0,
              1006.0
            ],
            [
              1752.0,
              1050.0
            ],
            [
              1796.0,
              1050.0
            ],
            [
              1796.0,
              1006.0
            ],
            [
              1752.0,
              1006.0
            ]
          ]
        ]
      }
    },
    {
      "type": "Feature",
      "properties": {
        "id": "bldg_H_085",
        "layer": "buildings",
        "building_type": "H",
        "source_type": "design_model",
        "confidence": 0.7,
        "geometry_role": "design_layer",
        "footprint_sqm": 1936.0,
        "stories": 6,
        "height_m": 24
      },
      "geometry": {
        "type": "Polygon",
        "coordinates": [
          [
            [
              1752.0,
              1074.0
            ],
            [
              1752.0,
              1118.0
            ],
            [
              1796.0,
              1118.0
            ],
            [
              1796.0,
              1074.0
            ],
            [
              1752.0,
              1074.0
            ]
          ]
        ]
      }
    },
    {
      "type": "Feature",
      "properties": {
        "id": "bldg_H_086",
        "layer": "buildings",
        "building_type": "H",
        "source_type": "design_model",
        "confidence": 0.7,
        "geometry_role": "design_layer",
        "footprint_sqm": 1936.0,
        "stories": 6,
        "height_m": 24
      },
      "geometry": {
        "type": "Polygon",
        "coordinates": [
          [
            [
              1752.0,
              1142.0
            ],
            [
              1752.0,
              1186.0
            ],
            [
              1796.0,
              1186.0
            ],
            [
              1796.0,
              1142.0
            ],
            [
              1752.0,
              1142.0
            ]
          ]
        ]
      }
    },
    {
      "type": "Feature",
      "properties": {
        "id": "bldg_H_087",
        "layer": "buildings",
        "building_type": "H",
        "source_type": "design_model",
        "confidence": 0.7,
        "geometry_role": "design_layer",
        "footprint_sqm": 1936.0,
        "stories": 6,
        "height_m": 24
      },
      "geometry": {
        "type": "Polygon",
        "coordinates": [
          [
            [
              1752.0,
              1210.0
            ],
            [
              1752.0,
              1254.0
            ],
            [
              1796.0,
              1254.0
            ],
            [
              1796.0,
              1210.0
            ],
            [
              1752.0,
              1210.0
            ]
          ]
        ]
      }
    },
    {
      "type": "Feature",
      "properties": {
        "id": "bldg_H_088",
        "layer": "buildings",
        "building_type": "H",
        "source_type": "design_model",
        "confidence": 0.7,
        "geometry_role": "design_layer",
        "footprint_sqm": 1936.0,
        "stories": 6,
        "height_m": 24
      },
      "geometry": {
        "type": "Polygon",
        "coordinates": [
          [
            [
              1752.0,
              1278.0
            ],
            [
              1752.0,
              1322.0
            ],
            [
              1796.0,
              1322.0
            ],
            [
              1796.0,
              1278.0
            ],
            [
              1752.0,
              1278.0
            ]
          ]
        ]
      }
    },
    {
      "type": "Feature",
      "properties": {
        "id": "bldg_H_089",
        "layer": "buildings",
        "building_type": "H",
        "source_type": "design_model",
        "confidence": 0.7,
        "geometry_role": "design_layer",
        "footprint_sqm": 1936.0,
        "stories": 6,
        "height_m": 24
      },
      "geometry": {
        "type": "Polygon",
        "coordinates": [
          [
            [
              1752.0,
              1346.0
            ],
            [
              1752.0,
              1390.0
            ],
            [
              1796.0,
              1390.0
            ],
            [
              1796.0,
              1346.0
            ],
            [
              1752.0,
              1346.0
            ]
          ]
        ]
      }
    },
    {
      "type": "Feature",
      "properties": {
        "id": "bldg_H_090",
        "layer": "buildings",
        "building_type": "H",
        "source_type": "design_model",
        "confidence": 0.7,
        "geometry_role": "design_layer",
        "footprint_sqm": 1936.0,
        "stories": 6,
        "height_m": 24
      },
      "geometry": {
        "type": "Polygon",
        "coordinates": [
          [
            [
              1752.0,
              1414.0
            ],
            [
              1752.0,
              1458.0
            ],
            [
              1796.0,
              1458.0
            ],
            [
              1796.0,
              1414.0
            ],
            [
              1752.0,
              1414.0
            ]
          ]
        ]
      }
    },
    {
      "type": "Feature",
      "properties": {
        "id": "bldg_H_091",
        "layer": "buildings",
        "building_type": "H",
        "source_type": "design_model",
        "confidence": 0.7,
        "geometry_role": "design_layer",
        "footprint_sqm": 1936.0,
        "stories": 6,
        "height_m": 24
      },
      "geometry": {
        "type": "Polygon",
        "coordinates": [
          [
            [
              1752.0,
              1482.0
            ],
            [
              1752.0,
              1526.0
            ],
            [
              1796.0,
              1526.0
            ],
            [
              1796.0,
              1482.0
            ],
            [
              1752.0,
              1482.0
            ]
          ]
        ]
      }
    },
    {
      "type": "Feature",
      "properties": {
        "id": "bldg_H_092",
        "layer": "buildings",
        "building_type": "H",
        "source_type": "design_model",
        "confidence": 0.7,
        "geometry_role": "design_layer",
        "footprint_sqm": 1936.0,
        "stories": 6,
        "height_m": 24
      },
      "geometry": {
        "type": "Polygon",
        "coordinates": [
          [
            [
              1752.0,
              1550.0
            ],
            [
              1752.0,
              1594.0
            ],
            [
              1796.0,
              1594.0
            ],
            [
              1796.0,
              1550.0
            ],
            [
              1752.0,
              1550.0
            ]
          ]
        ]
      }
    },
    {
      "type": "Feature",
      "properties": {
        "id": "bldg_H_093",
        "layer": "buildings",
        "building_type": "H",
        "source_type": "design_model",
        "confidence": 0.7,
        "geometry_role": "design_layer",
        "footprint_sqm": 1936.0,
        "stories": 6,
        "height_m": 24
      },
      "geometry": {
        "type": "Polygon",
        "coordinates": [
          [
            [
              1752.0,
              1618.0
            ],
            [
              1752.0,
              1662.0
            ],
            [
              1796.0,
              1662.0
            ],
            [
              1796.0,
              1618.0
            ],
            [
              1752.0,
              1618.0
            ]
          ]
        ]
      }
    },
    {
      "type": "Feature",
      "properties": {
        "id": "bldg_H_094",
        "layer": "buildings",
        "building_type": "H",
        "source_type": "design_model",
        "confidence": 0.7,
        "geometry_role": "design_layer",
        "footprint_sqm": 1936.0,
        "stories": 6,
        "height_m": 24
      },
      "geometry": {
        "type": "Polygon",
        "coordinates": [
          [
            [
              1752.0,
              1686.0
            ],
            [
              1752.0,
              1730.0
            ],
            [
              1796.0,
              1730.0
            ],
            [
              1796.0,
              1686.0
            ],
            [
              1752.0,
              1686.0
            ]
          ]
        ]
      }
    },
    {
      "type": "Feature",
      "properties": {
        "id": "bldg_H_095",
        "layer": "buildings",
        "building_type": "H",
        "source_type": "design_model",
        "confidence": 0.7,
        "geometry_role": "design_layer",
        "footprint_sqm": 1936.0,
        "stories": 6,
        "height_m": 24
      },
      "geometry": {
        "type": "Polygon",
        "coordinates": [
          [
            [
              1752.0,
              1754.0
            ],
            [
              1752.0,
              1798.0
            ],
            [
              1796.0,
              1798.0
            ],
            [
              1796.0,
              1754.0
            ],
            [
              1752.0,
              1754.0
            ]
          ]
        ]
      }
    },
    {
      "type": "Feature",
      "properties": {
        "id": "bldg_H_096",
        "layer": "buildings",
        "building_type": "H",
        "source_type": "design_model",
        "confidence": 0.7,
        "geometry_role": "design_layer",
        "footprint_sqm": 1936.0,
        "stories": 6,
        "height_m": 24
      },
      "geometry": {
        "type": "Polygon",
        "coordinates": [
          [
            [
              1752.0,
              1822.0
            ],
            [
              1752.0,
              1866.0
            ],
            [
              1796.0,
              1866.0
            ],
            [
              1796.0,
              1822.0
            ],
            [
              1752.0,
              1822.0
            ]
          ]
        ]
      }
    },
    {
      "type": "Feature",
      "properties": {
        "id": "bldg_H_097",
        "layer": "buildings",
        "building_type": "H",
        "source_type": "design_model",
        "confidence": 0.7,
        "geometry_role": "design_layer",
        "footprint_sqm": 1936.0,
        "stories": 6,
        "height_m": 24
      },
      "geometry": {
        "type": "Polygon",
        "coordinates": [
          [
            [
              1752.0,
              1890.0
            ],
            [
              1752.0,
              1934.0
            ],
            [
              1796.0,
              1934.0
            ],
            [
              1796.0,
              1890.0
            ],
            [
              1752.0,
              1890.0
            ]
          ]
        ]
      }
    },
    {
      "type": "Feature",
      "properties": {
        "id": "bldg_H_098",
        "layer": "buildings",
        "building_type": "H",
        "source_type": "design_model",
        "confidence": 0.7,
        "geometry_role": "design_layer",
        "footprint_sqm": 1936.0,
        "stories": 6,
        "height_m": 24
      },
      "geometry": {
        "type": "Polygon",
        "coordinates": [
          [
            [
              1752.0,
              1958.0
            ],
            [
              1752.0,
              2002.0
            ],
            [
              1796.0,
              2002.0
            ],
            [
              1796.0,
              1958.0
            ],
            [
              1752.0,
              1958.0
            ]
          ]
        ]
      }
    },
    {
      "type": "Feature",
      "properties": {
        "id": "bldg_H_099",
        "layer": "buildings",
        "building_type": "H",
        "source_type": "design_model",
        "confidence": 0.7,
        "geometry_role": "design_layer",
        "footprint_sqm": 1936.0,
        "stories": 6,
        "height_m": 24
      },
      "geometry": {
        "type": "Polygon",
        "coordinates": [
          [
            [
              1752.0,
              2026.0
            ],
            [
              1752.0,
              2070.0
            ],
            [
              1796.0,
              2070.0
            ],
            [
              1796.0,
              2026.0
            ],
            [
              1752.0,
              2026.0
            ]
          ]
        ]
      }
    },
    {
      "type": "Feature",
      "properties": {
        "id": "bldg_H_100",
        "layer": "buildings",
        "building_type": "H",
        "source_type": "design_model",
        "confidence": 0.7,
        "geometry_role": "design_layer",
        "footprint_sqm": 1936.0,
        "stories": 6,
        "height_m": 24
      },
      "geometry": {
        "type": "Polygon",
        "coordinates": [
          [
            [
              1752.0,
              2094.0
            ],
            [
              1752.0,
              2138.0
            ],
            [
              1796.0,
              2138.0
            ],
            [
              1796.0,
              2094.0
            ],
            [
              1752.0,
              2094.0
            ]
          ]
        ]
      }
    },
    {
      "type": "Feature",
      "properties": {
        "id": "bldg_H_101",
        "layer": "buildings",
        "building_type": "H",
        "source_type": "design_model",
        "confidence": 0.7,
        "geometry_role": "design_layer",
        "footprint_sqm": 1936.0,
        "stories": 6,
        "height_m": 24
      },
      "geometry": {
        "type": "Polygon",
        "coordinates": [
          [
            [
              1752.0,
              2162.0
            ],
            [
              1752.0,
              2206.0
            ],
            [
              1796.0,
              2206.0
            ],
            [
              1796.0,
              2162.0
            ],
            [
              1752.0,
              2162.0
            ]
          ]
        ]
      }
    },
    {
      "type": "Feature",
      "properties": {
        "id": "bldg_H_102",
        "layer": "buildings",
        "building_type": "H",
        "source_type": "design_model",
        "confidence": 0.7,
        "geometry_role": "design_layer",
        "footprint_sqm": 1936.0,
        "stories": 6,
        "height_m": 24
      },
      "geometry": {
        "type": "Polygon",
        "coordinates": [
          [
            [
              1752.0,
              2230.0
            ],
            [
              1752.0,
              2274.0
            ],
            [
              1796.0,
              2274.0
            ],
            [
              1796.0,
              2230.0
            ],
            [
              1752.0,
              2230.0
            ]
          ]
        ]
      }
    },
    {
      "type": "Feature",
      "properties": {
        "id": "bldg_H_103",
        "layer": "buildings",
        "building_type": "H",
        "source_type": "design_model",
        "confidence": 0.7,
        "geometry_role": "design_layer",
        "footprint_sqm": 1936.0,
        "stories": 6,
        "height_m": 24
      },
      "geometry": {
        "type": "Polygon",
        "coordinates": [
          [
            [
              1752.0,
              2298.0
            ],
            [
              1752.0,
              2342.0
            ],
            [
              1796.0,
              2342.0
            ],
            [
              1796.0,
              2298.0
            ],
            [
              1752.0,
              2298.0
            ]
          ]
        ]
      }
    },
    {
      "type": "Feature",
      "properties": {
        "id": "bldg_H_104",
        "layer": "buildings",
        "building_type": "H",
        "source_type": "design_model",
        "confidence": 0.7,
        "geometry_role": "design_layer",
        "footprint_sqm": 1936.0,
        "stories": 6,
        "height_m": 24
      },
      "geometry": {
        "type": "Polygon",
        "coordinates": [
          [
            [
              1820.0,
              598.0
            ],
            [
              1820.0,
              642.0
            ],
            [
              1864.0,
              642.0
            ],
            [
              1864.0,
              598.0
            ],
            [
              1820.0,
              598.0
            ]
          ]
        ]
      }
    },
    {
      "type": "Feature",
      "properties": {
        "id": "bldg_H_105",
        "layer": "buildings",
        "building_type": "H",
        "source_type": "design_model",
        "confidence": 0.7,
        "geometry_role": "design_layer",
        "footprint_sqm": 1936.0,
        "stories": 6,
        "height_m": 24
      },
      "geometry": {
        "type": "Polygon",
        "coordinates": [
          [
            [
              1820.0,
              666.0
            ],
            [
              1820.0,
              710.0
            ],
            [
              1864.0,
              710.0
            ],
            [
              1864.0,
              666.0
            ],
            [
              1820.0,
              666.0
            ]
          ]
        ]
      }
    },
    {
      "type": "Feature",
      "properties": {
        "id": "bldg_H_106",
        "layer": "buildings",
        "building_type": "H",
        "source_type": "design_model",
        "confidence": 0.7,
        "geometry_role": "design_layer",
        "footprint_sqm": 1936.0,
        "stories": 6,
        "height_m": 24
      },
      "geometry": {
        "type": "Polygon",
        "coordinates": [
          [
            [
              1820.0,
              734.0
            ],
            [
              1820.0,
              778.0
            ],
            [
              1864.0,
              778.0
            ],
            [
              1864.0,
              734.0
            ],
            [
              1820.0,
              734.0
            ]
          ]
        ]
      }
    },
    {
      "type": "Feature",
      "properties": {
        "id": "bldg_H_107",
        "layer": "buildings",
        "building_type": "H",
        "source_type": "design_model",
        "confidence": 0.7,
        "geometry_role": "design_layer",
        "footprint_sqm": 1936.0,
        "stories": 6,
        "height_m": 24
      },
      "geometry": {
        "type": "Polygon",
        "coordinates": [
          [
            [
              1820.0,
              802.0
            ],
            [
              1820.0,
              846.0
            ],
            [
              1864.0,
              846.0
            ],
            [
              1864.0,
              802.0
            ],
            [
              1820.0,
              802.0
            ]
          ]
        ]
      }
    },
    {
      "type": "Feature",
      "properties": {
        "id": "bldg_H_108",
        "layer": "buildings",
        "building_type": "H",
        "source_type": "design_model",
        "confidence": 0.7,
        "geometry_role": "design_layer",
        "footprint_sqm": 1936.0,
        "stories": 6,
        "height_m": 24
      },
      "geometry": {
        "type": "Polygon",
        "coordinates": [
          [
            [
              1820.0,
              870.0
            ],
            [
              1820.0,
              914.0
            ],
            [
              1864.0,
              914.0
            ],
            [
              1864.0,
              870.0
            ],
            [
              1820.0,
              870.0
            ]
          ]
        ]
      }
    },
    {
      "type": "Feature",
      "properties": {
        "id": "bldg_H_109",
        "layer": "buildings",
        "building_type": "H",
        "source_type": "design_model",
        "confidence": 0.7,
        "geometry_role": "design_layer",
        "footprint_sqm": 1936.0,
        "stories": 6,
        "height_m": 24
      },
      "geometry": {
        "type": "Polygon",
        "coordinates": [
          [
            [
              1820.0,
              938.0
            ],
            [
              1820.0,
              982.0
            ],
            [
              1864.0,
              982.0
            ],
            [
              1864.0,
              938.0
            ],
            [
              1820.0,
              938.0
            ]
          ]
        ]
      }
    },
    {
      "type": "Feature",
      "properties": {
        "id": "bldg_H_110",
        "layer": "buildings",
        "building_type": "H",
        "source_type": "design_model",
        "confidence": 0.7,
        "geometry_role": "design_layer",
        "footprint_sqm": 1936.0,
        "stories": 6,
        "height_m": 24
      },
      "geometry": {
        "type": "Polygon",
        "coordinates": [
          [
            [
              1820.0,
              1006.0
            ],
            [
              1820.0,
              1050.0
            ],
            [
              1864.0,
              1050.0
            ],
            [
              1864.0,
              1006.0
            ],
            [
              1820.0,
              1006.0
            ]
          ]
        ]
      }
    },
    {
      "type": "Feature",
      "properties": {
        "id": "bldg_H_111",
        "layer": "buildings",
        "building_type": "H",
        "source_type": "design_model",
        "confidence": 0.7,
        "geometry_role": "design_layer",
        "footprint_sqm": 1936.0,
        "stories": 6,
        "height_m": 24
      },
      "geometry": {
        "type": "Polygon",
        "coordinates": [
          [
            [
              1820.0,
              1074.0
            ],
            [
              1820.0,
              1118.0
            ],
            [
              1864.0,
              1118.0
            ],
            [
              1864.0,
              1074.0
            ],
            [
              1820.0,
              1074.0
            ]
          ]
        ]
      }
    },
    {
      "type": "Feature",
      "properties": {
        "id": "bldg_H_112",
        "layer": "buildings",
        "building_type": "H",
        "source_type": "design_model",
        "confidence": 0.7,
        "geometry_role": "design_layer",
        "footprint_sqm": 1936.0,
        "stories": 6,
        "height_m": 24
      },
      "geometry": {
        "type": "Polygon",
        "coordinates": [
          [
            [
              1820.0,
              1142.0
            ],
            [
              1820.0,
              1186.0
            ],
            [
              1864.0,
              1186.0
            ],
            [
              1864.0,
              1142.0
            ],
            [
              1820.0,
              1142.0
            ]
          ]
        ]
      }
    },
    {
      "type": "Feature",
      "properties": {
        "id": "bldg_H_113",
        "layer": "buildings",
        "building_type": "H",
        "source_type": "design_model",
        "confidence": 0.7,
        "geometry_role": "design_layer",
        "footprint_sqm": 1936.0,
        "stories": 6,
        "height_m": 24
      },
      "geometry": {
        "type": "Polygon",
        "coordinates": [
          [
            [
              1820.0,
              1210.0
            ],
            [
              1820.0,
              1254.0
            ],
            [
              1864.0,
              1254.0
            ],
            [
              1864.0,
              1210.0
            ],
            [
              1820.0,
              1210.0
            ]
          ]
        ]
      }
    },
    {
      "type": "Feature",
      "properties": {
        "id": "bldg_H_114",
        "layer": "buildings",
        "building_type": "H",
        "source_type": "design_model",
        "confidence": 0.7,
        "geometry_role": "design_layer",
        "footprint_sqm": 1936.0,
        "stories": 6,
        "height_m": 24
      },
      "geometry": {
        "type": "Polygon",
        "coordinates": [
          [
            [
              1820.0,
              1278.0
            ],
            [
              1820.0,
              1322.0
            ],
            [
              1864.0,
              1322.0
            ],
            [
              1864.0,
              1278.0
            ],
            [
              1820.0,
              1278.0
            ]
          ]
        ]
      }
    },
    {
      "type": "Feature",
      "properties": {
        "id": "bldg_H_115",
        "layer": "buildings",
        "building_type": "H",
        "source_type": "design_model",
        "confidence": 0.7,
        "geometry_role": "design_layer",
        "footprint_sqm": 1936.0,
        "stories": 6,
        "height_m": 24
      },
      "geometry": {
        "type": "Polygon",
        "coordinates": [
          [
            [
              1820.0,
              1346.0
            ],
            [
              1820.0,
              1390.0
            ],
            [
              1864.0,
              1390.0
            ],
            [
              1864.0,
              1346.0
            ],
            [
              1820.0,
              1346.0
            ]
          ]
        ]
      }
    },
    {
      "type": "Feature",
      "properties": {
        "id": "bldg_H_116",
        "layer": "buildings",
        "building_type": "H",
        "source_type": "design_model",
        "confidence": 0.7,
        "geometry_role": "design_layer",
        "footprint_sqm": 1936.0,
        "stories": 6,
        "height_m": 24
      },
      "geometry": {
        "type": "Polygon",
        "coordinates": [
          [
            [
              1820.0,
              1414.0
            ],
            [
              1820.0,
              1458.0
            ],
            [
              1864.0,
              1458.0
            ],
            [
              1864.0,
              1414.0
            ],
            [
              1820.0,
              1414.0
            ]
          ]
        ]
      }
    },
    {
      "type": "Feature",
      "properties": {
        "id": "bldg_H_117",
        "layer": "buildings",
        "building_type": "H",
        "source_type": "design_model",
        "confidence": 0.7,
        "geometry_role": "design_layer",
        "footprint_sqm": 1936.0,
        "stories": 6,
        "height_m": 24
      },
      "geometry": {
        "type": "Polygon",
        "coordinates": [
          [
            [
              1820.0,
              1482.0
            ],
            [
              1820.0,
              1526.0
            ],
            [
              1864.0,
              1526.0
            ],
            [
              1864.0,
              1482.0
            ],
            [
              1820.0,
              1482.0
            ]
          ]
        ]
      }
    },
    {
      "type": "Feature",
      "properties": {
        "id": "bldg_H_118",
        "layer": "buildings",
        "building_type": "H",
        "source_type": "design_model",
        "confidence": 0.7,
        "geometry_role": "design_layer",
        "footprint_sqm": 1936.0,
        "stories": 6,
        "height_m": 24
      },
      "geometry": {
        "type": "Polygon",
        "coordinates": [
          [
            [
              1820.0,
              1550.0
            ],
            [
              1820.0,
              1594.0
            ],
            [
              1864.0,
              1594.0
            ],
            [
              1864.0,
              1550.0
            ],
            [
              1820.0,
              1550.0
            ]
          ]
        ]
      }
    },
    {
      "type": "Feature",
      "properties": {
        "id": "bldg_H_119",
        "layer": "buildings",
        "building_type": "H",
        "source_type": "design_model",
        "confidence": 0.7,
        "geometry_role": "design_layer",
        "footprint_sqm": 1936.0,
        "stories": 6,
        "height_m": 24
      },
      "geometry": {
        "type": "Polygon",
        "coordinates": [
          [
            [
              1820.0,
              1618.0
            ],
            [
              1820.0,
              1662.0
            ],
            [
              1864.0,
              1662.0
            ],
            [
              1864.0,
              1618.0
            ],
            [
              1820.0,
              1618.0
            ]
          ]
        ]
      }
    },
    {
      "type": "Feature",
      "properties": {
        "id": "bldg_H_120",
        "layer": "buildings",
        "building_type": "H",
        "source_type": "design_model",
        "confidence": 0.7,
        "geometry_role": "design_layer",
        "footprint_sqm": 1936.0,
        "stories": 6,
        "height_m": 24
      },
      "geometry": {
        "type": "Polygon",
        "coordinates": [
          [
            [
              1820.0,
              1686.0
            ],
            [
              1820.0,
              1730.0
            ],
            [
              1864.0,
              1730.0
            ],
            [
              1864.0,
              1686.0
            ],
            [
              1820.0,
              1686.0
            ]
          ]
        ]
      }
    },
    {
      "type": "Feature",
      "properties": {
        "id": "bldg_H_121",
        "layer": "buildings",
        "building_type": "H",
        "source_type": "design_model",
        "confidence": 0.7,
        "geometry_role": "design_layer",
        "footprint_sqm": 1936.0,
        "stories": 6,
        "height_m": 24
      },
      "geometry": {
        "type": "Polygon",
        "coordinates": [
          [
            [
              1820.0,
              1754.0
            ],
            [
              1820.0,
              1798.0
            ],
            [
              1864.0,
              1798.0
            ],
            [
              1864.0,
              1754.0
            ],
            [
              1820.0,
              1754.0
            ]
          ]
        ]
      }
    },
    {
      "type": "Feature",
      "properties": {
        "id": "bldg_H_122",
        "layer": "buildings",
        "building_type": "H",
        "source_type": "design_model",
        "confidence": 0.7,
        "geometry_role": "design_layer",
        "footprint_sqm": 1936.0,
        "stories": 6,
        "height_m": 24
      },
      "geometry": {
        "type": "Polygon",
        "coordinates": [
          [
            [
              1820.0,
              1822.0
            ],
            [
              1820.0,
              1866.0
            ],
            [
              1864.0,
              1866.0
            ],
            [
              1864.0,
              1822.0
            ],
            [
              1820.0,
              1822.0
            ]
          ]
        ]
      }
    },
    {
      "type": "Feature",
      "properties": {
        "id": "bldg_H_123",
        "layer": "buildings",
        "building_type": "H",
        "source_type": "design_model",
        "confidence": 0.7,
        "geometry_role": "design_layer",
        "footprint_sqm": 1936.0,
        "stories": 6,
        "height_m": 24
      },
      "geometry": {
        "type": "Polygon",
        "coordinates": [
          [
            [
              1820.0,
              1890.0
            ],
            [
              1820.0,
              1934.0
            ],
            [
              1864.0,
              1934.0
            ],
            [
              1864.0,
              1890.0
            ],
            [
              1820.0,
              1890.0
            ]
          ]
        ]
      }
    },
    {
      "type": "Feature",
      "properties": {
        "id": "bldg_H_124",
        "layer": "buildings",
        "building_type": "H",
        "source_type": "design_model",
        "confidence": 0.7,
        "geometry_role": "design_layer",
        "footprint_sqm": 1936.0,
        "stories": 6,
        "height_m": 24
      },
      "geometry": {
        "type": "Polygon",
        "coordinates": [
          [
            [
              1820.0,
              1958.0
            ],
            [
              1820.0,
              2002.0
            ],
            [
              1864.0,
              2002.0
            ],
            [
              1864.0,
              1958.0
            ],
            [
              1820.0,
              1958.0
            ]
          ]
        ]
      }
    },
    {
      "type": "Feature",
      "properties": {
        "id": "bldg_H_125",
        "layer": "buildings",
        "building_type": "H",
        "source_type": "design_model",
        "confidence": 0.7,
        "geometry_role": "design_layer",
        "footprint_sqm": 1936.0,
        "stories": 6,
        "height_m": 24
      },
      "geometry": {
        "type": "Polygon",
        "coordinates": [
          [
            [
              1820.0,
              2026.0
            ],
            [
              1820.0,
              2070.0
            ],
            [
              1864.0,
              2070.0
            ],
            [
              1864.0,
              2026.0
            ],
            [
              1820.0,
              2026.0
            ]
          ]
        ]
      }
    },
    {
      "type": "Feature",
      "properties": {
        "id": "bldg_H_126",
        "layer": "buildings",
        "building_type": "H",
        "source_type": "design_model",
        "confidence": 0.7,
        "geometry_role": "design_layer",
        "footprint_sqm": 1936.0,
        "stories": 6,
        "height_m": 24
      },
      "geometry": {
        "type": "Polygon",
        "coordinates": [
          [
            [
              1820.0,
              2094.0
            ],
            [
              1820.0,
              2138.0
            ],
            [
              1864.0,
              2138.0
            ],
            [
              1864.0,
              2094.0
            ],
            [
              1820.0,
              2094.0
            ]
          ]
        ]
      }
    },
    {
      "type": "Feature",
      "properties": {
        "id": "bldg_H_127",
        "layer": "buildings",
        "building_type": "H",
        "source_type": "design_model",
        "confidence": 0.7,
        "geometry_role": "design_layer",
        "footprint_sqm": 1936.0,
        "stories": 6,
        "height_m": 24
      },
      "geometry": {
        "type": "Polygon",
        "coordinates": [
          [
            [
              1820.0,
              2162.0
            ],
            [
              1820.0,
              2206.0
            ],
            [
              1864.0,
              2206.0
            ],
            [
              1864.0,
              2162.0
            ],
            [
              1820.0,
              2162.0
            ]
          ]
        ]
      }
    },
    {
      "type": "Feature",
      "properties": {
        "id": "bldg_H_128",
        "layer": "buildings",
        "building_type": "H",
        "source_type": "design_model",
        "confidence": 0.7,
        "geometry_role": "design_layer",
        "footprint_sqm": 1936.0,
        "stories": 6,
        "height_m": 24
      },
      "geometry": {
        "type": "Polygon",
        "coordinates": [
          [
            [
              1820.0,
              2230.0
            ],
            [
              1820.0,
              2274.0
            ],
            [
              1864.0,
              2274.0
            ],
            [
              1864.0,
              2230.0
            ],
            [
              1820.0,
              2230.0
            ]
          ]
        ]
      }
    },
    {
      "type": "Feature",
      "properties": {
        "id": "bldg_H_129",
        "layer": "buildings",
        "building_type": "H",
        "source_type": "design_model",
        "confidence": 0.7,
        "geometry_role": "design_layer",
        "footprint_sqm": 1936.0,
        "stories": 6,
        "height_m": 24
      },
      "geometry": {
        "type": "Polygon",
        "coordinates": [
          [
            [
              1820.0,
              2298.0
            ],
            [
              1820.0,
              2342.0
            ],
            [
              1864.0,
              2342.0
            ],
            [
              1864.0,
              2298.0
            ],
            [
              1820.0,
              2298.0
            ]
          ]
        ]
      }
    },
    {
      "type": "Feature",
      "properties": {
        "id": "bldg_H_130",
        "layer": "buildings",
        "building_type": "H",
        "source_type": "design_model",
        "confidence": 0.7,
        "geometry_role": "design_layer",
        "footprint_sqm": 1936.0,
        "stories": 6,
        "height_m": 24
      },
      "geometry": {
        "type": "Polygon",
        "coordinates": [
          [
            [
              1888.0,
              598.0
            ],
            [
              1888.0,
              642.0
            ],
            [
              1932.0,
              642.0
            ],
            [
              1932.0,
              598.0
            ],
            [
              1888.0,
              598.0
            ]
          ]
        ]
      }
    },
    {
      "type": "Feature",
      "properties": {
        "id": "bldg_H_131",
        "layer": "buildings",
        "building_type": "H",
        "source_type": "design_model",
        "confidence": 0.7,
        "geometry_role": "design_layer",
        "footprint_sqm": 1936.0,
        "stories": 6,
        "height_m": 24
      },
      "geometry": {
        "type": "Polygon",
        "coordinates": [
          [
            [
              1888.0,
              666.0
            ],
            [
              1888.0,
              710.0
            ],
            [
              1932.0,
              710.0
            ],
            [
              1932.0,
              666.0
            ],
            [
              1888.0,
              666.0
            ]
          ]
        ]
      }
    },
    {
      "type": "Feature",
      "properties": {
        "id": "bldg_H_132",
        "layer": "buildings",
        "building_type": "H",
        "source_type": "design_model",
        "confidence": 0.7,
        "geometry_role": "design_layer",
        "footprint_sqm": 1936.0,
        "stories": 6,
        "height_m": 24
      },
      "geometry": {
        "type": "Polygon",
        "coordinates": [
          [
            [
              1888.0,
              734.0
            ],
            [
              1888.0,
              778.0
            ],
            [
              1932.0,
              778.0
            ],
            [
              1932.0,
              734.0
            ],
            [
              1888.0,
              734.0
            ]
          ]
        ]
      }
    },
    {
      "type": "Feature",
      "properties": {
        "id": "bldg_H_133",
        "layer": "buildings",
        "building_type": "H",
        "source_type": "design_model",
        "confidence": 0.7,
        "geometry_role": "design_layer",
        "footprint_sqm": 1936.0,
        "stories": 6,
        "height_m": 24
      },
      "geometry": {
        "type": "Polygon",
        "coordinates": [
          [
            [
              1888.0,
              802.0
            ],
            [
              1888.0,
              846.0
            ],
            [
              1932.0,
              846.0
            ],
            [
              1932.0,
              802.0
            ],
            [
              1888.0,
              802.0
            ]
          ]
        ]
      }
    },
    {
      "type": "Feature",
      "properties": {
        "id": "bldg_H_134",
        "layer": "buildings",
        "building_type": "H",
        "source_type": "design_model",
        "confidence": 0.7,
        "geometry_role": "design_layer",
        "footprint_sqm": 1936.0,
        "stories": 6,
        "height_m": 24
      },
      "geometry": {
        "type": "Polygon",
        "coordinates": [
          [
            [
              1888.0,
              870.0
            ],
            [
              1888.0,
              914.0
            ],
            [
              1932.0,
              914.0
            ],
            [
              1932.0,
              870.0
            ],
            [
              1888.0,
              870.0
            ]
          ]
        ]
      }
    },
    {
      "type": "Feature",
      "properties": {
        "id": "bldg_H_135",
        "layer": "buildings",
        "building_type": "H",
        "source_type": "design_model",
        "confidence": 0.7,
        "geometry_role": "design_layer",
        "footprint_sqm": 1936.0,
        "stories": 6,
        "height_m": 24
      },
      "geometry": {
        "type": "Polygon",
        "coordinates": [
          [
            [
              1888.0,
              938.0
            ],
            [
              1888.0,
              982.0
            ],
            [
              1932.0,
              982.0
            ],
            [
              1932.0,
              938.0
            ],
            [
              1888.0,
              938.0
            ]
          ]
        ]
      }
    },
    {
      "type": "Feature",
      "properties": {
        "id": "bldg_H_136",
        "layer": "buildings",
        "building_type": "H",
        "source_type": "design_model",
        "confidence": 0.7,
        "geometry_role": "design_layer",
        "footprint_sqm": 1936.0,
        "stories": 6,
        "height_m": 24
      },
      "geometry": {
        "type": "Polygon",
        "coordinates": [
          [
            [
              1888.0,
              1006.0
            ],
            [
              1888.0,
              1050.0
            ],
            [
              1932.0,
              1050.0
            ],
            [
              1932.0,
              1006.0
            ],
            [
              1888.0,
              1006.0
            ]
          ]
        ]
      }
    },
    {
      "type": "Feature",
      "properties": {
        "id": "bldg_H_137",
        "layer": "buildings",
        "building_type": "H",
        "source_type": "design_model",
        "confidence": 0.7,
        "geometry_role": "design_layer",
        "footprint_sqm": 1936.0,
        "stories": 6,
        "height_m": 24
      },
      "geometry": {
        "type": "Polygon",
        "coordinates": [
          [
            [
              1888.0,
              1074.0
            ],
            [
              1888.0,
              1118.0
            ],
            [
              1932.0,
              1118.0
            ],
            [
              1932.0,
              1074.0
            ],
            [
              1888.0,
              1074.0
            ]
          ]
        ]
      }
    },
    {
      "type": "Feature",
      "properties": {
        "id": "bldg_H_138",
        "layer": "buildings",
        "building_type": "H",
        "source_type": "design_model",
        "confidence": 0.7,
        "geometry_role": "design_layer",
        "footprint_sqm": 1936.0,
        "stories": 6,
        "height_m": 24
      },
      "geometry": {
        "type": "Polygon",
        "coordinates": [
          [
            [
              1888.0,
              1142.0
            ],
            [
              1888.0,
              1186.0
            ],
            [
              1932.0,
              1186.0
            ],
            [
              1932.0,
              1142.0
            ],
            [
              1888.0,
              1142.0
            ]
          ]
        ]
      }
    },
    {
      "type": "Feature",
      "properties": {
        "id": "bldg_H_139",
        "layer": "buildings",
        "building_type": "H",
        "source_type": "design_model",
        "confidence": 0.7,
        "geometry_role": "design_layer",
        "footprint_sqm": 1936.0,
        "stories": 6,
        "height_m": 24
      },
      "geometry": {
        "type": "Polygon",
        "coordinates": [
          [
            [
              1888.0,
              1210.0
            ],
            [
              1888.0,
              1254.0
            ],
            [
              1932.0,
              1254.0
            ],
            [
              1932.0,
              1210.0
            ],
            [
              1888.0,
              1210.0
            ]
          ]
        ]
      }
    },
    {
      "type": "Feature",
      "properties": {
        "id": "bldg_H_140",
        "layer": "buildings",
        "building_type": "H",
        "source_type": "design_model",
        "confidence": 0.7,
        "geometry_role": "design_layer",
        "footprint_sqm": 1936.0,
        "stories": 6,
        "height_m": 24
      },
      "geometry": {
        "type": "Polygon",
        "coordinates": [
          [
            [
              1888.0,
              1278.0
            ],
            [
              1888.0,
              1322.0
            ],
            [
              1932.0,
              1322.0
            ],
            [
              1932.0,
              1278.0
            ],
            [
              1888.0,
              1278.0
            ]
          ]
        ]
      }
    },
    {
      "type": "Feature",
      "properties": {
        "id": "bldg_H_141",
        "layer": "buildings",
        "building_type": "H",
        "source_type": "design_model",
        "confidence": 0.7,
        "geometry_role": "design_layer",
        "footprint_sqm": 1936.0,
        "stories": 6,
        "height_m": 24
      },
      "geometry": {
        "type": "Polygon",
        "coordinates": [
          [
            [
              1888.0,
              1346.0
            ],
            [
              1888.0,
              1390.0
            ],
            [
              1932.0,
              1390.0
            ],
            [
              1932.0,
              1346.0
            ],
            [
              1888.0,
              1346.0
            ]
          ]
        ]
      }
    },
    {
      "type": "Feature",
      "properties": {
        "id": "bldg_H_142",
        "layer": "buildings",
        "building_type": "H",
        "source_type": "design_model",
        "confidence": 0.7,
        "geometry_role": "design_layer",
        "footprint_sqm": 1936.0,
        "stories": 6,
        "height_m": 24
      },
      "geometry": {
        "type": "Polygon",
        "coordinates": [
          [
            [
              1888.0,
              1414.0
            ],
            [
              1888.0,
              1458.0
            ],
            [
              1932.0,
              1458.0
            ],
            [
              1932.0,
              1414.0
            ],
            [
              1888.0,
              1414.0
            ]
          ]
        ]
      }
    },
    {
      "type": "Feature",
      "properties": {
        "id": "bldg_H_143",
        "layer": "buildings",
        "building_type": "H",
        "source_type": "design_model",
        "confidence": 0.7,
        "geometry_role": "design_layer",
        "footprint_sqm": 1936.0,
        "stories": 6,
        "height_m": 24
      },
      "geometry": {
        "type": "Polygon",
        "coordinates": [
          [
            [
              1888.0,
              1482.0
            ],
            [
              1888.0,
              1526.0
            ],
            [
              1932.0,
              1526.0
            ],
            [
              1932.0,
              1482.0
            ],
            [
              1888.0,
              1482.0
            ]
          ]
        ]
      }
    },
    {
      "type": "Feature",
      "properties": {
        "id": "bldg_H_144",
        "layer": "buildings",
        "building_type": "H",
        "source_type": "design_model",
        "confidence": 0.7,
        "geometry_role": "design_layer",
        "footprint_sqm": 1936.0,
        "stories": 6,
        "height_m": 24
      },
      "geometry": {
        "type": "Polygon",
        "coordinates": [
          [
            [
              1888.0,
              1550.0
            ],
            [
              1888.0,
              1594.0
            ],
            [
              1932.0,
              1594.0
            ],
            [
              1932.0,
              1550.0
            ],
            [
              1888.0,
              1550.0
            ]
          ]
        ]
      }
    },
    {
      "type": "Feature",
      "properties": {
        "id": "bldg_H_145",
        "layer": "buildings",
        "building_type": "H",
        "source_type": "design_model",
        "confidence": 0.7,
        "geometry_role": "design_layer",
        "footprint_sqm": 1936.0,
        "stories": 6,
        "height_m": 24
      },
      "geometry": {
        "type": "Polygon",
        "coordinates": [
          [
            [
              1888.0,
              1618.0
            ],
            [
              1888.0,
              1662.0
            ],
            [
              1932.0,
              1662.0
            ],
            [
              1932.0,
              1618.0
            ],
            [
              1888.0,
              1618.0
            ]
          ]
        ]
      }
    },
    {
      "type": "Feature",
      "properties": {
        "id": "bldg_H_146",
        "layer": "buildings",
        "building_type": "H",
        "source_type": "design_model",
        "confidence": 0.7,
        "geometry_role": "design_layer",
        "footprint_sqm": 1936.0,
        "stories": 6,
        "height_m": 24
      },
      "geometry": {
        "type": "Polygon",
        "coordinates": [
          [
            [
              1888.0,
              1686.0
            ],
            [
              1888.0,
              1730.0
            ],
            [
              1932.0,
              1730.0
            ],
            [
              1932.0,
              1686.0
            ],
            [
              1888.0,
              1686.0
            ]
          ]
        ]
      }
    },
    {
      "type": "Feature",
      "properties": {
        "id": "bldg_H_147",
        "layer": "buildings",
        "building_type": "H",
        "source_type": "design_model",
        "confidence": 0.7,
        "geometry_role": "design_layer",
        "footprint_sqm": 1936.0,
        "stories": 6,
        "height_m": 24
      },
      "geometry": {
        "type": "Polygon",
        "coordinates": [
          [
            [
              1888.0,
              1754.0
            ],
            [
              1888.0,
              1798.0
            ],
            [
              1932.0,
              1798.0
            ],
            [
              1932.0,
              1754.0
            ],
            [
              1888.0,
              1754.0
            ]
          ]
        ]
      }
    },
    {
      "type": "Feature",
      "properties": {
        "id": "bldg_H_148",
        "layer": "buildings",
        "building_type": "H",
        "source_type": "design_model",
        "confidence": 0.7,
        "geometry_role": "design_layer",
        "footprint_sqm": 1936.0,
        "stories": 6,
        "height_m": 24
      },
      "geometry": {
        "type": "Polygon",
        "coordinates": [
          [
            [
              1888.0,
              1822.0
            ],
            [
              1888.0,
              1866.0
            ],
            [
              1932.0,
              1866.0
            ],
            [
              1932.0,
              1822.0
            ],
            [
              1888.0,
              1822.0
            ]
          ]
        ]
      }
    },
    {
      "type": "Feature",
      "properties": {
        "id": "bldg_H_149",
        "layer": "buildings",
        "building_type": "H",
        "source_type": "design_model",
        "confidence": 0.7,
        "geometry_role": "design_layer",
        "footprint_sqm": 1936.0,
        "stories": 6,
        "height_m": 24
      },
      "geometry": {
        "type": "Polygon",
        "coordinates": [
          [
            [
              1888.0,
              1890.0
            ],
            [
              1888.0,
              1934.0
            ],
            [
              1932.0,
              1934.0
            ],
            [
              1932.0,
              1890.0
            ],
            [
              1888.0,
              1890.0
            ]
          ]
        ]
      }
    },
    {
      "type": "Feature",
      "properties": {
        "id": "bldg_H_150",
        "layer": "buildings",
        "building_type": "H",
        "source_type": "design_model",
        "confidence": 0.7,
        "geometry_role": "design_layer",
        "footprint_sqm": 1936.0,
        "stories": 6,
        "height_m": 24
      },
      "geometry": {
        "type": "Polygon",
        "coordinates": [
          [
            [
              1888.0,
              1958.0
            ],
            [
              1888.0,
              2002.0
            ],
            [
              1932.0,
              2002.0
            ],
            [
              1932.0,
              1958.0
            ],
            [
              1888.0,
              1958.0
            ]
          ]
        ]
      }
    },
    {
      "type": "Feature",
      "properties": {
        "id": "bldg_H_151",
        "layer": "buildings",
        "building_type": "H",
        "source_type": "design_model",
        "confidence": 0.7,
        "geometry_role": "design_layer",
        "footprint_sqm": 1936.0,
        "stories": 6,
        "height_m": 24
      },
      "geometry": {
        "type": "Polygon",
        "coordinates": [
          [
            [
              1888.0,
              2026.0
            ],
            [
              1888.0,
              2070.0
            ],
            [
              1932.0,
              2070.0
            ],
            [
              1932.0,
              2026.0
            ],
            [
              1888.0,
              2026.0
            ]
          ]
        ]
      }
    },
    {
      "type": "Feature",
      "properties": {
        "id": "bldg_H_152",
        "layer": "buildings",
        "building_type": "H",
        "source_type": "design_model",
        "confidence": 0.7,
        "geometry_role": "design_layer",
        "footprint_sqm": 1936.0,
        "stories": 6,
        "height_m": 24
      },
      "geometry": {
        "type": "Polygon",
        "coordinates": [
          [
            [
              1888.0,
              2094.0
            ],
            [
              1888.0,
              2138.0
            ],
            [
              1932.0,
              2138.0
            ],
            [
              1932.0,
              2094.0
            ],
            [
              1888.0,
              2094.0
            ]
          ]
        ]
      }
    },
    {
      "type": "Feature",
      "properties": {
        "id": "bldg_H_153",
        "layer": "buildings",
        "building_type": "H",
        "source_type": "design_model",
        "confidence": 0.7,
        "geometry_role": "design_layer",
        "footprint_sqm": 1936.0,
        "stories": 6,
        "height_m": 24
      },
      "geometry": {
        "type": "Polygon",
        "coordinates": [
          [
            [
              1888.0,
              2162.0
            ],
            [
              1888.0,
              2206.0
            ],
            [
              1932.0,
              2206.0
            ],
            [
              1932.0,
              2162.0
            ],
            [
              1888.0,
              2162.0
            ]
          ]
        ]
      }
    },
    {
      "type": "Feature",
      "properties": {
        "id": "bldg_H_154",
        "layer": "buildings",
        "building_type": "H",
        "source_type": "design_model",
        "confidence": 0.7,
        "geometry_role": "design_layer",
        "footprint_sqm": 1936.0,
        "stories": 6,
        "height_m": 24
      },
      "geometry": {
        "type": "Polygon",
        "coordinates": [
          [
            [
              1888.0,
              2230.0
            ],
            [
              1888.0,
              2274.0
            ],
            [
              1932.0,
              2274.0
            ],
            [
              1932.0,
              2230.0
            ],
            [
              1888.0,
              2230.0
            ]
          ]
        ]
      }
    },
    {
      "type": "Feature",
      "properties": {
        "id": "bldg_H_155",
        "layer": "buildings",
        "building_type": "H",
        "source_type": "design_model",
        "confidence": 0.7,
        "geometry_role": "design_layer",
        "footprint_sqm": 1936.0,
        "stories": 6,
        "height_m": 24
      },
      "geometry": {
        "type": "Polygon",
        "coordinates": [
          [
            [
              1888.0,
              2298.0
            ],
            [
              1888.0,
              2342.0
            ],
            [
              1932.0,
              2342.0
            ],
            [
              1932.0,
              2298.0
            ],
            [
              1888.0,
              2298.0
            ]
          ]
        ]
      }
    },
    {
      "type": "Feature",
      "properties": {
        "id": "bldg_H_156",
        "layer": "buildings",
        "building_type": "H",
        "source_type": "design_model",
        "confidence": 0.7,
        "geometry_role": "design_layer",
        "footprint_sqm": 1936.0,
        "stories": 6,
        "height_m": 24
      },
      "geometry": {
        "type": "Polygon",
        "coordinates": [
          [
            [
              1956.0,
              598.0
            ],
            [
              1956.0,
              642.0
            ],
            [
              2000.0,
              642.0
            ],
            [
              2000.0,
              598.0
            ],
            [
              1956.0,
              598.0
            ]
          ]
        ]
      }
    },
    {
      "type": "Feature",
      "properties": {
        "id": "bldg_H_157",
        "layer": "buildings",
        "building_type": "H",
        "source_type": "design_model",
        "confidence": 0.7,
        "geometry_role": "design_layer",
        "footprint_sqm": 1936.0,
        "stories": 6,
        "height_m": 24
      },
      "geometry": {
        "type": "Polygon",
        "coordinates": [
          [
            [
              1956.0,
              666.0
            ],
            [
              1956.0,
              710.0
            ],
            [
              2000.0,
              710.0
            ],
            [
              2000.0,
              666.0
            ],
            [
              1956.0,
              666.0
            ]
          ]
        ]
      }
    },
    {
      "type": "Feature",
      "properties": {
        "id": "bldg_H_158",
        "layer": "buildings",
        "building_type": "H",
        "source_type": "design_model",
        "confidence": 0.7,
        "geometry_role": "design_layer",
        "footprint_sqm": 1936.0,
        "stories": 6,
        "height_m": 24
      },
      "geometry": {
        "type": "Polygon",
        "coordinates": [
          [
            [
              1956.0,
              734.0
            ],
            [
              1956.0,
              778.0
            ],
            [
              2000.0,
              778.0
            ],
            [
              2000.0,
              734.0
            ],
            [
              1956.0,
              734.0
            ]
          ]
        ]
      }
    },
    {
      "type": "Feature",
      "properties": {
        "id": "bldg_H_159",
        "layer": "buildings",
        "building_type": "H",
        "source_type": "design_model",
        "confidence": 0.7,
        "geometry_role": "design_layer",
        "footprint_sqm": 1936.0,
        "stories": 6,
        "height_m": 24
      },
      "geometry": {
        "type": "Polygon",
        "coordinates": [
          [
            [
              1956.0,
              802.0
            ],
            [
              1956.0,
              846.0
            ],
            [
              2000.0,
              846.0
            ],
            [
              2000.0,
              802.0
            ],
            [
              1956.0,
              802.0
            ]
          ]
        ]
      }
    },
    {
      "type": "Feature",
      "properties": {
        "id": "bldg_H_160",
        "layer": "buildings",
        "building_type": "H",
        "source_type": "design_model",
        "confidence": 0.7,
        "geometry_role": "design_layer",
        "footprint_sqm": 1936.0,
        "stories": 6,
        "height_m": 24
      },
      "geometry": {
        "type": "Polygon",
        "coordinates": [
          [
            [
              1956.0,
              870.0
            ],
            [
              1956.0,
              914.0
            ],
            [
              2000.0,
              914.0
            ],
            [
              2000.0,
              870.0
            ],
            [
              1956.0,
              870.0
            ]
          ]
        ]
      }
    },
    {
      "type": "Feature",
      "properties": {
        "id": "bldg_H_161",
        "layer": "buildings",
        "building_type": "H",
        "source_type": "design_model",
        "confidence": 0.7,
        "geometry_role": "design_layer",
        "footprint_sqm": 1936.0,
        "stories": 6,
        "height_m": 24
      },
      "geometry": {
        "type": "Polygon",
        "coordinates": [
          [
            [
              1956.0,
              938.0
            ],
            [
              1956.0,
              982.0
            ],
            [
              2000.0,
              982.0
            ],
            [
              2000.0,
              938.0
            ],
            [
              1956.0,
              938.0
            ]
          ]
        ]
      }
    },
    {
      "type": "Feature",
      "properties": {
        "id": "bldg_H_162",
        "layer": "buildings",
        "building_type": "H",
        "source_type": "design_model",
        "confidence": 0.7,
        "geometry_role": "design_layer",
        "footprint_sqm": 1936.0,
        "stories": 6,
        "height_m": 24
      },
      "geometry": {
        "type": "Polygon",
        "coordinates": [
          [
            [
              1956.0,
              1006.0
            ],
            [
              1956.0,
              1050.0
            ],
            [
              2000.0,
              1050.0
            ],
            [
              2000.0,
              1006.0
            ],
            [
              1956.0,
              1006.0
            ]
          ]
        ]
      }
    },
    {
      "type": "Feature",
      "properties": {
        "id": "bldg_H_163",
        "layer": "buildings",
        "building_type": "H",
        "source_type": "design_model",
        "confidence": 0.7,
        "geometry_role": "design_layer",
        "footprint_sqm": 1936.0,
        "stories": 6,
        "height_m": 24
      },
      "geometry": {
        "type": "Polygon",
        "coordinates": [
          [
            [
              1956.0,
              1074.0
            ],
            [
              1956.0,
              1118.0
            ],
            [
              2000.0,
              1118.0
            ],
            [
              2000.0,
              1074.0
            ],
            [
              1956.0,
              1074.0
            ]
          ]
        ]
      }
    },
    {
      "type": "Feature",
      "properties": {
        "id": "bldg_H_164",
        "layer": "buildings",
        "building_type": "H",
        "source_type": "design_model",
        "confidence": 0.7,
        "geometry_role": "design_layer",
        "footprint_sqm": 1936.0,
        "stories": 6,
        "height_m": 24
      },
      "geometry": {
        "type": "Polygon",
        "coordinates": [
          [
            [
              1956.0,
              1142.0
            ],
            [
              1956.0,
              1186.0
            ],
            [
              2000.0,
              1186.0
            ],
            [
              2000.0,
              1142.0
            ],
            [
              1956.0,
              1142.0
            ]
          ]
        ]
      }
    },
    {
      "type": "Feature",
      "properties": {
        "id": "bldg_H_165",
        "layer": "buildings",
        "building_type": "H",
        "source_type": "design_model",
        "confidence": 0.7,
        "geometry_role": "design_layer",
        "footprint_sqm": 1936.0,
        "stories": 6,
        "height_m": 24
      },
      "geometry": {
        "type": "Polygon",
        "coordinates": [
          [
            [
              1956.0,
              1210.0
            ],
            [
              1956.0,
              1254.0
            ],
            [
              2000.0,
              1254.0
            ],
            [
              2000.0,
              1210.0
            ],
            [
              1956.0,
              1210.0
            ]
          ]
        ]
      }
    },
    {
      "type": "Feature",
      "properties": {
        "id": "bldg_H_166",
        "layer": "buildings",
        "building_type": "H",
        "source_type": "design_model",
        "confidence": 0.7,
        "geometry_role": "design_layer",
        "footprint_sqm": 1936.0,
        "stories": 6,
        "height_m": 24
      },
      "geometry": {
        "type": "Polygon",
        "coordinates": [
          [
            [
              1956.0,
              1278.0
            ],
            [
              1956.0,
              1322.0
            ],
            [
              2000.0,
              1322.0
            ],
            [
              2000.0,
              1278.0
            ],
            [
              1956.0,
              1278.0
            ]
          ]
        ]
      }
    },
    {
      "type": "Feature",
      "properties": {
        "id": "bldg_H_167",
        "layer": "buildings",
        "building_type": "H",
        "source_type": "design_model",
        "confidence": 0.7,
        "geometry_role": "design_layer",
        "footprint_sqm": 1936.0,
        "stories": 6,
        "height_m": 24
      },
      "geometry": {
        "type": "Polygon",
        "coordinates": [
          [
            [
              1956.0,
              1346.0
            ],
            [
              1956.0,
              1390.0
            ],
            [
              2000.0,
              1390.0
            ],
            [
              2000.0,
              1346.0
            ],
            [
              1956.0,
              1346.0
            ]
          ]
        ]
      }
    },
    {
      "type": "Feature",
      "properties": {
        "id": "bldg_H_168",
        "layer": "buildings",
        "building_type": "H",
        "source_type": "design_model",
        "confidence": 0.7,
        "geometry_role": "design_layer",
        "footprint_sqm": 1936.0,
        "stories": 6,
        "height_m": 24
      },
      "geometry": {
        "type": "Polygon",
        "coordinates": [
          [
            [
              1956.0,
              1414.0
            ],
            [
              1956.0,
              1458.0
            ],
            [
              2000.0,
              1458.0
            ],
            [
              2000.0,
              1414.0
            ],
            [
              1956.0,
              1414.0
            ]
          ]
        ]
      }
    },
    {
      "type": "Feature",
      "properties": {
        "id": "bldg_H_169",
        "layer": "buildings",
        "building_type": "H",
        "source_type": "design_model",
        "confidence": 0.7,
        "geometry_role": "design_layer",
        "footprint_sqm": 1936.0,
        "stories": 6,
        "height_m": 24
      },
      "geometry": {
        "type": "Polygon",
        "coordinates": [
          [
            [
              1956.0,
              1482.0
            ],
            [
              1956.0,
              1526.0
            ],
            [
              2000.0,
              1526.0
            ],
            [
              2000.0,
              1482.0
            ],
            [
              1956.0,
              1482.0
            ]
          ]
        ]
      }
    },
    {
      "type": "Feature",
      "properties": {
        "id": "bldg_H_170",
        "layer": "buildings",
        "building_type": "H",
        "source_type": "design_model",
        "confidence": 0.7,
        "geometry_role": "design_layer",
        "footprint_sqm": 1936.0,
        "stories": 6,
        "height_m": 24
      },
      "geometry": {
        "type": "Polygon",
        "coordinates": [
          [
            [
              1956.0,
              1550.0
            ],
            [
              1956.0,
              1594.0
            ],
            [
              2000.0,
              1594.0
            ],
            [
              2000.0,
              1550.0
            ],
            [
              1956.0,
              1550.0
            ]
          ]
        ]
      }
    },
    {
      "type": "Feature",
      "properties": {
        "id": "bldg_H_171",
        "layer": "buildings",
        "building_type": "H",
        "source_type": "design_model",
        "confidence": 0.7,
        "geometry_role": "design_layer",
        "footprint_sqm": 1936.0,
        "stories": 6,
        "height_m": 24
      },
      "geometry": {
        "type": "Polygon",
        "coordinates": [
          [
            [
              1956.0,
              1618.0
            ],
            [
              1956.0,
              1662.0
            ],
            [
              2000.0,
              1662.0
            ],
            [
              2000.0,
              1618.0
            ],
            [
              1956.0,
              1618.0
            ]
          ]
        ]
      }
    },
    {
      "type": "Feature",
      "properties": {
        "id": "bldg_H_172",
        "layer": "buildings",
        "building_type": "H",
        "source_type": "design_model",
        "confidence": 0.7,
        "geometry_role": "design_layer",
        "footprint_sqm": 1936.0,
        "stories": 6,
        "height_m": 24
      },
      "geometry": {
        "type": "Polygon",
        "coordinates": [
          [
            [
              1956.0,
              1686.0
            ],
            [
              1956.0,
              1730.0
            ],
            [
              2000.0,
              1730.0
            ],
            [
              2000.0,
              1686.0
            ],
            [
              1956.0,
              1686.0
            ]
          ]
        ]
      }
    },
    {
      "type": "Feature",
      "properties": {
        "id": "bldg_H_173",
        "layer": "buildings",
        "building_type": "H",
        "source_type": "design_model",
        "confidence": 0.7,
        "geometry_role": "design_layer",
        "footprint_sqm": 1936.0,
        "stories": 6,
        "height_m": 24
      },
      "geometry": {
        "type": "Polygon",
        "coordinates": [
          [
            [
              1956.0,
              1754.0
            ],
            [
              1956.0,
              1798.0
            ],
            [
              2000.0,
              1798.0
            ],
            [
              2000.0,
              1754.0
            ],
            [
              1956.0,
              1754.0
            ]
          ]
        ]
      }
    },
    {
      "type": "Feature",
      "properties": {
        "id": "bldg_H_174",
        "layer": "buildings",
        "building_type": "H",
        "source_type": "design_model",
        "confidence": 0.7,
        "geometry_role": "design_layer",
        "footprint_sqm": 1936.0,
        "stories": 6,
        "height_m": 24
      },
      "geometry": {
        "type": "Polygon",
        "coordinates": [
          [
            [
              1956.0,
              1822.0
            ],
            [
              1956.0,
              1866.0
            ],
            [
              2000.0,
              1866.0
            ],
            [
              2000.0,
              1822.0
            ],
            [
              1956.0,
              1822.0
            ]
          ]
        ]
      }
    },
    {
      "type": "Feature",
      "properties": {
        "id": "bldg_H_175",
        "layer": "buildings",
        "building_type": "H",
        "source_type": "design_model",
        "confidence": 0.7,
        "geometry_role": "design_layer",
        "footprint_sqm": 1936.0,
        "stories": 6,
        "height_m": 24
      },
      "geometry": {
        "type": "Polygon",
        "coordinates": [
          [
            [
              1956.0,
              1890.0
            ],
            [
              1956.0,
              1934.0
            ],
            [
              2000.0,
              1934.0
            ],
            [
              2000.0,
              1890.0
            ],
            [
              1956.0,
              1890.0
            ]
          ]
        ]
      }
    },
    {
      "type": "Feature",
      "properties": {
        "id": "bldg_H_176",
        "layer": "buildings",
        "building_type": "H",
        "source_type": "design_model",
        "confidence": 0.7,
        "geometry_role": "design_layer",
        "footprint_sqm": 1936.0,
        "stories": 6,
        "height_m": 24
      },
      "geometry": {
        "type": "Polygon",
        "coordinates": [
          [
            [
              1956.0,
              1958.0
            ],
            [
              1956.0,
              2002.0
            ],
            [
              2000.0,
              2002.0
            ],
            [
              2000.0,
              1958.0
            ],
            [
              1956.0,
              1958.0
            ]
          ]
        ]
      }
    },
    {
      "type": "Feature",
      "properties": {
        "id": "bldg_H_177",
        "layer": "buildings",
        "building_type": "H",
        "source_type": "design_model",
        "confidence": 0.7,
        "geometry_role": "design_layer",
        "footprint_sqm": 1936.0,
        "stories": 6,
        "height_m": 24
      },
      "geometry": {
        "type": "Polygon",
        "coordinates": [
          [
            [
              1956.0,
              2026.0
            ],
            [
              1956.0,
              2070.0
            ],
            [
              2000.0,
              2070.0
            ],
            [
              2000.0,
              2026.0
            ],
            [
              1956.0,
              2026.0
            ]
          ]
        ]
      }
    },
    {
      "type": "Feature",
      "properties": {
        "id": "bldg_H_178",
        "layer": "buildings",
        "building_type": "H",
        "source_type": "design_model",
        "confidence": 0.7,
        "geometry_role": "design_layer",
        "footprint_sqm": 1936.0,
        "stories": 6,
        "height_m": 24
      },
      "geometry": {
        "type": "Polygon",
        "coordinates": [
          [
            [
              1956.0,
              2094.0
            ],
            [
              1956.0,
              2138.0
            ],
            [
              2000.0,
              2138.0
            ],
            [
              2000.0,
              2094.0
            ],
            [
              1956.0,
              2094.0
            ]
          ]
        ]
      }
    },
    {
      "type": "Feature",
      "properties": {
        "id": "bldg_H_179",
        "layer": "buildings",
        "building_type": "H",
        "source_type": "design_model",
        "confidence": 0.7,
        "geometry_role": "design_layer",
        "footprint_sqm": 1936.0,
        "stories": 6,
        "height_m": 24
      },
      "geometry": {
        "type": "Polygon",
        "coordinates": [
          [
            [
              1956.0,
              2162.0
            ],
            [
              1956.0,
              2206.0
            ],
            [
              2000.0,
              2206.0
            ],
            [
              2000.0,
              2162.0
            ],
            [
              1956.0,
              2162.0
            ]
          ]
        ]
      }
    },
    {
      "type": "Feature",
      "properties": {
        "id": "bldg_H_180",
        "layer": "buildings",
        "building_type": "H",
        "source_type": "design_model",
        "confidence": 0.7,
        "geometry_role": "design_layer",
        "footprint_sqm": 1936.0,
        "stories": 6,
        "height_m": 24
      },
      "geometry": {
        "type": "Polygon",
        "coordinates": [
          [
            [
              1956.0,
              2230.0
            ],
            [
              1956.0,
              2274.0
            ],
            [
              2000.0,
              2274.0
            ],
            [
              2000.0,
              2230.0
            ],
            [
              1956.0,
              2230.0
            ]
          ]
        ]
      }
    },
    {
      "type": "Feature",
      "properties": {
        "id": "bldg_H_181",
        "layer": "buildings",
        "building_type": "H",
        "source_type": "design_model",
        "confidence": 0.7,
        "geometry_role": "design_layer",
        "footprint_sqm": 1936.0,
        "stories": 6,
        "height_m": 24
      },
      "geometry": {
        "type": "Polygon",
        "coordinates": [
          [
            [
              1956.0,
              2298.0
            ],
            [
              1956.0,
              2342.0
            ],
            [
              2000.0,
              2342.0
            ],
            [
              2000.0,
              2298.0
            ],
            [
              1956.0,
              2298.0
            ]
          ]
        ]
      }
    },
    {
      "type": "Feature",
      "properties": {
        "id": "bldg_H_182",
        "layer": "buildings",
        "building_type": "H",
        "source_type": "design_model",
        "confidence": 0.7,
        "geometry_role": "design_layer",
        "footprint_sqm": 1936.0,
        "stories": 6,
        "height_m": 24
      },
      "geometry": {
        "type": "Polygon",
        "coordinates": [
          [
            [
              2024.0,
              598.0
            ],
            [
              2024.0,
              642.0
            ],
            [
              2068.0,
              642.0
            ],
            [
              2068.0,
              598.0
            ],
            [
              2024.0,
              598.0
            ]
          ]
        ]
      }
    },
    {
      "type": "Feature",
      "properties": {
        "id": "bldg_H_183",
        "layer": "buildings",
        "building_type": "H",
        "source_type": "design_model",
        "confidence": 0.7,
        "geometry_role": "design_layer",
        "footprint_sqm": 1936.0,
        "stories": 6,
        "height_m": 24
      },
      "geometry": {
        "type": "Polygon",
        "coordinates": [
          [
            [
              2024.0,
              666.0
            ],
            [
              2024.0,
              710.0
            ],
            [
              2068.0,
              710.0
            ],
            [
              2068.0,
              666.0
            ],
            [
              2024.0,
              666.0
            ]
          ]
        ]
      }
    },
    {
      "type": "Feature",
      "properties": {
        "id": "bldg_H_184",
        "layer": "buildings",
        "building_type": "H",
        "source_type": "design_model",
        "confidence": 0.7,
        "geometry_role": "design_layer",
        "footprint_sqm": 1936.0,
        "stories": 6,
        "height_m": 24
      },
      "geometry": {
        "type": "Polygon",
        "coordinates": [
          [
            [
              2024.0,
              734.0
            ],
            [
              2024.0,
              778.0
            ],
            [
              2068.0,
              778.0
            ],
            [
              2068.0,
              734.0
            ],
            [
              2024.0,
              734.0
            ]
          ]
        ]
      }
    },
    {
      "type": "Feature",
      "properties": {
        "id": "bldg_H_185",
        "layer": "buildings",
        "building_type": "H",
        "source_type": "design_model",
        "confidence": 0.7,
        "geometry_role": "design_layer",
        "footprint_sqm": 1936.0,
        "stories": 6,
        "height_m": 24
      },
      "geometry": {
        "type": "Polygon",
        "coordinates": [
          [
            [
              2024.0,
              802.0
            ],
            [
              2024.0,
              846.0
            ],
            [
              2068.0,
              846.0
            ],
            [
              2068.0,
              802.0
            ],
            [
              2024.0,
              802.0
            ]
          ]
        ]
      }
    },
    {
      "type": "Feature",
      "properties": {
        "id": "bldg_H_186",
        "layer": "buildings",
        "building_type": "H",
        "source_type": "design_model",
        "confidence": 0.7,
        "geometry_role": "design_layer",
        "footprint_sqm": 1936.0,
        "stories": 6,
        "height_m": 24
      },
      "geometry": {
        "type": "Polygon",
        "coordinates": [
          [
            [
              2024.0,
              870.0
            ],
            [
              2024.0,
              914.0
            ],
            [
              2068.0,
              914.0
            ],
            [
              2068.0,
              870.0
            ],
            [
              2024.0,
              870.0
            ]
          ]
        ]
      }
    },
    {
      "type": "Feature",
      "properties": {
        "id": "bldg_H_187",
        "layer": "buildings",
        "building_type": "H",
        "source_type": "design_model",
        "confidence": 0.7,
        "geometry_role": "design_layer",
        "footprint_sqm": 1936.0,
        "stories": 6,
        "height_m": 24
      },
      "geometry": {
        "type": "Polygon",
        "coordinates": [
          [
            [
              2024.0,
              938.0
            ],
            [
              2024.0,
              982.0
            ],
            [
              2068.0,
              982.0
            ],
            [
              2068.0,
              938.0
            ],
            [
              2024.0,
              938.0
            ]
          ]
        ]
      }
    },
    {
      "type": "Feature",
      "properties": {
        "id": "bldg_H_188",
        "layer": "buildings",
        "building_type": "H",
        "source_type": "design_model",
        "confidence": 0.7,
        "geometry_role": "design_layer",
        "footprint_sqm": 1936.0,
        "stories": 6,
        "height_m": 24
      },
      "geometry": {
        "type": "Polygon",
        "coordinates": [
          [
            [
              2024.0,
              1006.0
            ],
            [
              2024.0,
              1050.0
            ],
            [
              2068.0,
              1050.0
            ],
            [
              2068.0,
              1006.0
            ],
            [
              2024.0,
              1006.0
            ]
          ]
        ]
      }
    },
    {
      "type": "Feature",
      "properties": {
        "id": "bldg_H_189",
        "layer": "buildings",
        "building_type": "H",
        "source_type": "design_model",
        "confidence": 0.7,
        "geometry_role": "design_layer",
        "footprint_sqm": 1936.0,
        "stories": 6,
        "height_m": 24
      },
      "geometry": {
        "type": "Polygon",
        "coordinates": [
          [
            [
              2024.0,
              1074.0
            ],
            [
              2024.0,
              1118.0
            ],
            [
              2068.0,
              1118.0
            ],
            [
              2068.0,
              1074.0
            ],
            [
              2024.0,
              1074.0
            ]
          ]
        ]
      }
    },
    {
      "type": "Feature",
      "properties": {
        "id": "bldg_H_190",
        "layer": "buildings",
        "building_type": "H",
        "source_type": "design_model",
        "confidence": 0.7,
        "geometry_role": "design_layer",
        "footprint_sqm": 1936.0,
        "stories": 6,
        "height_m": 24
      },
      "geometry": {
        "type": "Polygon",
        "coordinates": [
          [
            [
              2024.0,
              1142.0
            ],
            [
              2024.0,
              1186.0
            ],
            [
              2068.0,
              1186.0
            ],
            [
              2068.0,
              1142.0
            ],
            [
              2024.0,
              1142.0
            ]
          ]
        ]
      }
    },
    {
      "type": "Feature",
      "properties": {
        "id": "bldg_H_191",
        "layer": "buildings",
        "building_type": "H",
        "source_type": "design_model",
        "confidence": 0.7,
        "geometry_role": "design_layer",
        "footprint_sqm": 1936.0,
        "stories": 6,
        "height_m": 24
      },
      "geometry": {
        "type": "Polygon",
        "coordinates": [
          [
            [
              2024.0,
              1210.0
            ],
            [
              2024.0,
              1254.0
            ],
            [
              2068.0,
              1254.0
            ],
            [
              2068.0,
              1210.0
            ],
            [
              2024.0,
              1210.0
            ]
          ]
        ]
      }
    },
    {
      "type": "Feature",
      "properties": {
        "id": "bldg_H_192",
        "layer": "buildings",
        "building_type": "H",
        "source_type": "design_model",
        "confidence": 0.7,
        "geometry_role": "design_layer",
        "footprint_sqm": 1936.0,
        "stories": 6,
        "height_m": 24
      },
      "geometry": {
        "type": "Polygon",
        "coordinates": [
          [
            [
              2024.0,
              1278.0
            ],
            [
              2024.0,
              1322.0
            ],
            [
              2068.0,
              1322.0
            ],
            [
              2068.0,
              1278.0
            ],
            [
              2024.0,
              1278.0
            ]
          ]
        ]
      }
    },
    {
      "type": "Feature",
      "properties": {
        "id": "bldg_H_193",
        "layer": "buildings",
        "building_type": "H",
        "source_type": "design_model",
        "confidence": 0.7,
        "geometry_role": "design_layer",
        "footprint_sqm": 1936.0,
        "stories": 6,
        "height_m": 24
      },
      "geometry": {
        "type": "Polygon",
        "coordinates": [
          [
            [
              2024.0,
              1346.0
            ],
            [
              2024.0,
              1390.0
            ],
            [
              2068.0,
              1390.0
            ],
            [
              2068.0,
              1346.0
            ],
            [
              2024.0,
              1346.0
            ]
          ]
        ]
      }
    },
    {
      "type": "Feature",
      "properties": {
        "id": "bldg_H_194",
        "layer": "buildings",
        "building_type": "H",
        "source_type": "design_model",
        "confidence": 0.7,
        "geometry_role": "design_layer",
        "footprint_sqm": 1936.0,
        "stories": 6,
        "height_m": 24
      },
      "geometry": {
        "type": "Polygon",
        "coordinates": [
          [
            [
              2024.0,
              1414.0
            ],
            [
              2024.0,
              1458.0
            ],
            [
              2068.0,
              1458.0
            ],
            [
              2068.0,
              1414.0
            ],
            [
              2024.0,
              1414.0
            ]
          ]
        ]
      }
    },
    {
      "type": "Feature",
      "properties": {
        "id": "bldg_H_195",
        "layer": "buildings",
        "building_type": "H",
        "source_type": "design_model",
        "confidence": 0.7,
        "geometry_role": "design_layer",
        "footprint_sqm": 1936.0,
        "stories": 6,
        "height_m": 24
      },
      "geometry": {
        "type": "Polygon",
        "coordinates": [
          [
            [
              2024.0,
              1482.0
            ],
            [
              2024.0,
              1526.0
            ],
            [
              2068.0,
              1526.0
            ],
            [
              2068.0,
              1482.0
            ],
            [
              2024.0,
              1482.0
            ]
          ]
        ]
      }
    },
    {
      "type": "Feature",
      "properties": {
        "id": "bldg_H_196",
        "layer": "buildings",
        "building_type": "H",
        "source_type": "design_model",
        "confidence": 0.7,
        "geometry_role": "design_layer",
        "footprint_sqm": 1936.0,
        "stories": 6,
        "height_m": 24
      },
      "geometry": {
        "type": "Polygon",
        "coordinates": [
          [
            [
              2024.0,
              1550.0
            ],
            [
              2024.0,
              1594.0
            ],
            [
              2068.0,
              1594.0
            ],
            [
              2068.0,
              1550.0
            ],
            [
              2024.0,
              1550.0
            ]
          ]
        ]
      }
    },
    {
      "type": "Feature",
      "properties": {
        "id": "bldg_H_197",
        "layer": "buildings",
        "building_type": "H",
        "source_type": "design_model",
        "confidence": 0.7,
        "geometry_role": "design_layer",
        "footprint_sqm": 1936.0,
        "stories": 6,
        "height_m": 24
      },
      "geometry": {
        "type": "Polygon",
        "coordinates": [
          [
            [
              2024.0,
              1618.0
            ],
            [
              2024.0,
              1662.0
            ],
            [
              2068.0,
              1662.0
            ],
            [
              2068.0,
              1618.0
            ],
            [
              2024.0,
              1618.0
            ]
          ]
        ]
      }
    },
    {
      "type": "Feature",
      "properties": {
        "id": "bldg_H_198",
        "layer": "buildings",
        "building_type": "H",
        "source_type": "design_model",
        "confidence": 0.7,
        "geometry_role": "design_layer",
        "footprint_sqm": 1936.0,
        "stories": 6,
        "height_m": 24
      },
      "geometry": {
        "type": "Polygon",
        "coordinates": [
          [
            [
              2024.0,
              1686.0
            ],
            [
              2024.0,
              1730.0
            ],
            [
              2068.0,
              1730.0
            ],
            [
              2068.0,
              1686.0
            ],
            [
              2024.0,
              1686.0
            ]
          ]
        ]
      }
    },
    {
      "type": "Feature",
      "properties": {
        "id": "bldg_H_199",
        "layer": "buildings",
        "building_type": "H",
        "source_type": "design_model",
        "confidence": 0.7,
        "geometry_role": "design_layer",
        "footprint_sqm": 1936.0,
        "stories": 6,
        "height_m": 24
      },
      "geometry": {
        "type": "Polygon",
        "coordinates": [
          [
            [
              2024.0,
              1754.0
            ],
            [
              2024.0,
              1798.0
            ],
            [
              2068.0,
              1798.0
            ],
            [
              2068.0,
              1754.0
            ],
            [
              2024.0,
              1754.0
            ]
          ]
        ]
      }
    },
    {
      "type": "Feature",
      "properties": {
        "id": "bldg_H_200",
        "layer": "buildings",
        "building_type": "H",
        "source_type": "design_model",
        "confidence": 0.7,
        "geometry_role": "design_layer",
        "footprint_sqm": 1936.0,
        "stories": 6,
        "height_m": 24
      },
      "geometry": {
        "type": "Polygon",
        "coordinates": [
          [
            [
              2024.0,
              1822.0
            ],
            [
              2024.0,
              1866.0
            ],
            [
              2068.0,
              1866.0
            ],
            [
              2068.0,
              1822.0
            ],
            [
              2024.0,
              1822.0
            ]
          ]
        ]
      }
    },
    {
      "type": "Feature",
      "properties": {
        "id": "bldg_H_201",
        "layer": "buildings",
        "building_type": "H",
        "source_type": "design_model",
        "confidence": 0.7,
        "geometry_role": "design_layer",
        "footprint_sqm": 1936.0,
        "stories": 6,
        "height_m": 24
      },
      "geometry": {
        "type": "Polygon",
        "coordinates": [
          [
            [
              2024.0,
              1890.0
            ],
            [
              2024.0,
              1934.0
            ],
            [
              2068.0,
              1934.0
            ],
            [
              2068.0,
              1890.0
            ],
            [
              2024.0,
              1890.0
            ]
          ]
        ]
      }
    },
    {
      "type": "Feature",
      "properties": {
        "id": "bldg_H_202",
        "layer": "buildings",
        "building_type": "H",
        "source_type": "design_model",
        "confidence": 0.7,
        "geometry_role": "design_layer",
        "footprint_sqm": 1936.0,
        "stories": 6,
        "height_m": 24
      },
      "geometry": {
        "type": "Polygon",
        "coordinates": [
          [
            [
              2024.0,
              1958.0
            ],
            [
              2024.0,
              2002.0
            ],
            [
              2068.0,
              2002.0
            ],
            [
              2068.0,
              1958.0
            ],
            [
              2024.0,
              1958.0
            ]
          ]
        ]
      }
    },
    {
      "type": "Feature",
      "properties": {
        "id": "bldg_H_203",
        "layer": "buildings",
        "building_type": "H",
        "source_type": "design_model",
        "confidence": 0.7,
        "geometry_role": "design_layer",
        "footprint_sqm": 1936.0,
        "stories": 6,
        "height_m": 24
      },
      "geometry": {
        "type": "Polygon",
        "coordinates": [
          [
            [
              2024.0,
              2026.0
            ],
            [
              2024.0,
              2070.0
            ],
            [
              2068.0,
              2070.0
            ],
            [
              2068.0,
              2026.0
            ],
            [
              2024.0,
              2026.0
            ]
          ]
        ]
      }
    },
    {
      "type": "Feature",
      "properties": {
        "id": "bldg_H_204",
        "layer": "buildings",
        "building_type": "H",
        "source_type": "design_model",
        "confidence": 0.7,
        "geometry_role": "design_layer",
        "footprint_sqm": 1936.0,
        "stories": 6,
        "height_m": 24
      },
      "geometry": {
        "type": "Polygon",
        "coordinates": [
          [
            [
              2024.0,
              2094.0
            ],
            [
              2024.0,
              2138.0
            ],
            [
              2068.0,
              2138.0
            ],
            [
              2068.0,
              2094.0
            ],
            [
              2024.0,
              2094.0
            ]
          ]
        ]
      }
    },
    {
      "type": "Feature",
      "properties": {
        "id": "bldg_H_205",
        "layer": "buildings",
        "building_type": "H",
        "source_type": "design_model",
        "confidence": 0.7,
        "geometry_role": "design_layer",
        "footprint_sqm": 1936.0,
        "stories": 6,
        "height_m": 24
      },
      "geometry": {
        "type": "Polygon",
        "coordinates": [
          [
            [
              2024.0,
              2162.0
            ],
            [
              2024.0,
              2206.0
            ],
            [
              2068.0,
              2206.0
            ],
            [
              2068.0,
              2162.0
            ],
            [
              2024.0,
              2162.0
            ]
          ]
        ]
      }
    },
    {
      "type": "Feature",
      "properties": {
        "id": "bldg_H_206",
        "layer": "buildings",
        "building_type": "H",
        "source_type": "design_model",
        "confidence": 0.7,
        "geometry_role": "design_layer",
        "footprint_sqm": 1936.0,
        "stories": 6,
        "height_m": 24
      },
      "geometry": {
        "type": "Polygon",
        "coordinates": [
          [
            [
              2024.0,
              2230.0
            ],
            [
              2024.0,
              2274.0
            ],
            [
              2068.0,
              2274.0
            ],
            [
              2068.0,
              2230.0
            ],
            [
              2024.0,
              2230.0
            ]
          ]
        ]
      }
    },
    {
      "type": "Feature",
      "properties": {
        "id": "bldg_H_207",
        "layer": "buildings",
        "building_type": "H",
        "source_type": "design_model",
        "confidence": 0.7,
        "geometry_role": "design_layer",
        "footprint_sqm": 1936.0,
        "stories": 6,
        "height_m": 24
      },
      "geometry": {
        "type": "Polygon",
        "coordinates": [
          [
            [
              2024.0,
              2298.0
            ],
            [
              2024.0,
              2342.0
            ],
            [
              2068.0,
              2342.0
            ],
            [
              2068.0,
              2298.0
            ],
            [
              2024.0,
              2298.0
            ]
          ]
        ]
      }
    },
    {
      "type": "Feature",
      "properties": {
        "id": "bldg_H_208",
        "layer": "buildings",
        "building_type": "H",
        "source_type": "design_model",
        "confidence": 0.7,
        "geometry_role": "design_layer",
        "footprint_sqm": 1936.0,
        "stories": 6,
        "height_m": 24
      },
      "geometry": {
        "type": "Polygon",
        "coordinates": [
          [
            [
              2092.0,
              598.0
            ],
            [
              2092.0,
              642.0
            ],
            [
              2136.0,
              642.0
            ],
            [
              2136.0,
              598.0
            ],
            [
              2092.0,
              598.0
            ]
          ]
        ]
      }
    },
    {
      "type": "Feature",
      "properties": {
        "id": "bldg_H_209",
        "layer": "buildings",
        "building_type": "H",
        "source_type": "design_model",
        "confidence": 0.7,
        "geometry_role": "design_layer",
        "footprint_sqm": 1936.0,
        "stories": 6,
        "height_m": 24
      },
      "geometry": {
        "type": "Polygon",
        "coordinates": [
          [
            [
              2092.0,
              666.0
            ],
            [
              2092.0,
              710.0
            ],
            [
              2136.0,
              710.0
            ],
            [
              2136.0,
              666.0
            ],
            [
              2092.0,
              666.0
            ]
          ]
        ]
      }
    },
    {
      "type": "Feature",
      "properties": {
        "id": "bldg_H_210",
        "layer": "buildings",
        "building_type": "H",
        "source_type": "design_model",
        "confidence": 0.7,
        "geometry_role": "design_layer",
        "footprint_sqm": 1936.0,
        "stories": 6,
        "height_m": 24
      },
      "geometry": {
        "type": "Polygon",
        "coordinates": [
          [
            [
              2092.0,
              734.0
            ],
            [
              2092.0,
              778.0
            ],
            [
              2136.0,
              778.0
            ],
            [
              2136.0,
              734.0
            ],
            [
              2092.0,
              734.0
            ]
          ]
        ]
      }
    },
    {
      "type": "Feature",
      "properties": {
        "id": "bldg_H_211",
        "layer": "buildings",
        "building_type": "H",
        "source_type": "design_model",
        "confidence": 0.7,
        "geometry_role": "design_layer",
        "footprint_sqm": 1936.0,
        "stories": 6,
        "height_m": 24
      },
      "geometry": {
        "type": "Polygon",
        "coordinates": [
          [
            [
              2092.0,
              802.0
            ],
            [
              2092.0,
              846.0
            ],
            [
              2136.0,
              846.0
            ],
            [
              2136.0,
              802.0
            ],
            [
              2092.0,
              802.0
            ]
          ]
        ]
      }
    },
    {
      "type": "Feature",
      "properties": {
        "id": "bldg_H_212",
        "layer": "buildings",
        "building_type": "H",
        "source_type": "design_model",
        "confidence": 0.7,
        "geometry_role": "design_layer",
        "footprint_sqm": 1936.0,
        "stories": 6,
        "height_m": 24
      },
      "geometry": {
        "type": "Polygon",
        "coordinates": [
          [
            [
              2092.0,
              870.0
            ],
            [
              2092.0,
              914.0
            ],
            [
              2136.0,
              914.0
            ],
            [
              2136.0,
              870.0
            ],
            [
              2092.0,
              870.0
            ]
          ]
        ]
      }
    },
    {
      "type": "Feature",
      "properties": {
        "id": "bldg_H_213",
        "layer": "buildings",
        "building_type": "H",
        "source_type": "design_model",
        "confidence": 0.7,
        "geometry_role": "design_layer",
        "footprint_sqm": 1936.0,
        "stories": 6,
        "height_m": 24
      },
      "geometry": {
        "type": "Polygon",
        "coordinates": [
          [
            [
              2092.0,
              938.0
            ],
            [
              2092.0,
              982.0
            ],
            [
              2136.0,
              982.0
            ],
            [
              2136.0,
              938.0
            ],
            [
              2092.0,
              938.0
            ]
          ]
        ]
      }
    },
    {
      "type": "Feature",
      "properties": {
        "id": "bldg_H_214",
        "layer": "buildings",
        "building_type": "H",
        "source_type": "design_model",
        "confidence": 0.7,
        "geometry_role": "design_layer",
        "footprint_sqm": 1936.0,
        "stories": 6,
        "height_m": 24
      },
      "geometry": {
        "type": "Polygon",
        "coordinates": [
          [
            [
              2092.0,
              1006.0
            ],
            [
              2092.0,
              1050.0
            ],
            [
              2136.0,
              1050.0
            ],
            [
              2136.0,
              1006.0
            ],
            [
              2092.0,
              1006.0
            ]
          ]
        ]
      }
    },
    {
      "type": "Feature",
      "properties": {
        "id": "bldg_H_215",
        "layer": "buildings",
        "building_type": "H",
        "source_type": "design_model",
        "confidence": 0.7,
        "geometry_role": "design_layer",
        "footprint_sqm": 1936.0,
        "stories": 6,
        "height_m": 24
      },
      "geometry": {
        "type": "Polygon",
        "coordinates": [
          [
            [
              2092.0,
              1074.0
            ],
            [
              2092.0,
              1118.0
            ],
            [
              2136.0,
              1118.0
            ],
            [
              2136.0,
              1074.0
            ],
            [
              2092.0,
              1074.0
            ]
          ]
        ]
      }
    },
    {
      "type": "Feature",
      "properties": {
        "id": "bldg_H_216",
        "layer": "buildings",
        "building_type": "H",
        "source_type": "design_model",
        "confidence": 0.7,
        "geometry_role": "design_layer",
        "footprint_sqm": 1936.0,
        "stories": 6,
        "height_m": 24
      },
      "geometry": {
        "type": "Polygon",
        "coordinates": [
          [
            [
              2092.0,
              1142.0
            ],
            [
              2092.0,
              1186.0
            ],
            [
              2136.0,
              1186.0
            ],
            [
              2136.0,
              1142.0
            ],
            [
              2092.0,
              1142.0
            ]
          ]
        ]
      }
    },
    {
      "type": "Feature",
      "properties": {
        "id": "bldg_H_217",
        "layer": "buildings",
        "building_type": "H",
        "source_type": "design_model",
        "confidence": 0.7,
        "geometry_role": "design_layer",
        "footprint_sqm": 1936.0,
        "stories": 6,
        "height_m": 24
      },
      "geometry": {
        "type": "Polygon",
        "coordinates": [
          [
            [
              2092.0,
              1210.0
            ],
            [
              2092.0,
              1254.0
            ],
            [
              2136.0,
              1254.0
            ],
            [
              2136.0,
              1210.0
            ],
            [
              2092.0,
              1210.0
            ]
          ]
        ]
      }
    },
    {
      "type": "Feature",
      "properties": {
        "id": "bldg_H_218",
        "layer": "buildings",
        "building_type": "H",
        "source_type": "design_model",
        "confidence": 0.7,
        "geometry_role": "design_layer",
        "footprint_sqm": 1936.0,
        "stories": 6,
        "height_m": 24
      },
      "geometry": {
        "type": "Polygon",
        "coordinates": [
          [
            [
              2092.0,
              1278.0
            ],
            [
              2092.0,
              1322.0
            ],
            [
              2136.0,
              1322.0
            ],
            [
              2136.0,
              1278.0
            ],
            [
              2092.0,
              1278.0
            ]
          ]
        ]
      }
    },
    {
      "type": "Feature",
      "properties": {
        "id": "bldg_H_219",
        "layer": "buildings",
        "building_type": "H",
        "source_type": "design_model",
        "confidence": 0.7,
        "geometry_role": "design_layer",
        "footprint_sqm": 1936.0,
        "stories": 6,
        "height_m": 24
      },
      "geometry": {
        "type": "Polygon",
        "coordinates": [
          [
            [
              2092.0,
              1346.0
            ],
            [
              2092.0,
              1390.0
            ],
            [
              2136.0,
              1390.0
            ],
            [
              2136.0,
              1346.0
            ],
            [
              2092.0,
              1346.0
            ]
          ]
        ]
      }
    },
    {
      "type": "Feature",
      "properties": {
        "id": "bldg_H_220",
        "layer": "buildings",
        "building_type": "H",
        "source_type": "design_model",
        "confidence": 0.7,
        "geometry_role": "design_layer",
        "footprint_sqm": 1936.0,
        "stories": 6,
        "height_m": 24
      },
      "geometry": {
        "type": "Polygon",
        "coordinates": [
          [
            [
              2092.0,
              1414.0
            ],
            [
              2092.0,
              1458.0
            ],
            [
              2136.0,
              1458.0
            ],
            [
              2136.0,
              1414.0
            ],
            [
              2092.0,
              1414.0
            ]
          ]
        ]
      }
    },
    {
      "type": "Feature",
      "properties": {
        "id": "bldg_H_221",
        "layer": "buildings",
        "building_type": "H",
        "source_type": "design_model",
        "confidence": 0.7,
        "geometry_role": "design_layer",
        "footprint_sqm": 1936.0,
        "stories": 6,
        "height_m": 24
      },
      "geometry": {
        "type": "Polygon",
        "coordinates": [
          [
            [
              2092.0,
              1482.0
            ],
            [
              2092.0,
              1526.0
            ],
            [
              2136.0,
              1526.0
            ],
            [
              2136.0,
              1482.0
            ],
            [
              2092.0,
              1482.0
            ]
          ]
        ]
      }
    },
    {
      "type": "Feature",
      "properties": {
        "id": "bldg_H_222",
        "layer": "buildings",
        "building_type": "H",
        "source_type": "design_model",
        "confidence": 0.7,
        "geometry_role": "design_layer",
        "footprint_sqm": 1936.0,
        "stories": 6,
        "height_m": 24
      },
      "geometry": {
        "type": "Polygon",
        "coordinates": [
          [
            [
              2092.0,
              1550.0
            ],
            [
              2092.0,
              1594.0
            ],
            [
              2136.0,
              1594.0
            ],
            [
              2136.0,
              1550.0
            ],
            [
              2092.0,
              1550.0
            ]
          ]
        ]
      }
    },
    {
      "type": "Feature",
      "properties": {
        "id": "bldg_H_223",
        "layer": "buildings",
        "building_type": "H",
        "source_type": "design_model",
        "confidence": 0.7,
        "geometry_role": "design_layer",
        "footprint_sqm": 1936.0,
        "stories": 6,
        "height_m": 24
      },
      "geometry": {
        "type": "Polygon",
        "coordinates": [
          [
            [
              2092.0,
              1618.0
            ],
            [
              2092.0,
              1662.0
            ],
            [
              2136.0,
              1662.0
            ],
            [
              2136.0,
              1618.0
            ],
            [
              2092.0,
              1618.0
            ]
          ]
        ]
      }
    },
    {
      "type": "Feature",
      "properties": {
        "id": "bldg_H_224",
        "layer": "buildings",
        "building_type": "H",
        "source_type": "design_model",
        "confidence": 0.7,
        "geometry_role": "design_layer",
        "footprint_sqm": 1936.0,
        "stories": 6,
        "height_m": 24
      },
      "geometry": {
        "type": "Polygon",
        "coordinates": [
          [
            [
              2092.0,
              1686.0
            ],
            [
              2092.0,
              1730.0
            ],
            [
              2136.0,
              1730.0
            ],
            [
              2136.0,
              1686.0
            ],
            [
              2092.0,
              1686.0
            ]
          ]
        ]
      }
    },
    {
      "type": "Feature",
      "properties": {
        "id": "bldg_H_225",
        "layer": "buildings",
        "building_type": "H",
        "source_type": "design_model",
        "confidence": 0.7,
        "geometry_role": "design_layer",
        "footprint_sqm": 1936.0,
        "stories": 6,
        "height_m": 24
      },
      "geometry": {
        "type": "Polygon",
        "coordinates": [
          [
            [
              2092.0,
              1754.0
            ],
            [
              2092.0,
              1798.0
            ],
            [
              2136.0,
              1798.0
            ],
            [
              2136.0,
              1754.0
            ],
            [
              2092.0,
              1754.0
            ]
          ]
        ]
      }
    },
    {
      "type": "Feature",
      "properties": {
        "id": "bldg_H_226",
        "layer": "buildings",
        "building_type": "H",
        "source_type": "design_model",
        "confidence": 0.7,
        "geometry_role": "design_layer",
        "footprint_sqm": 1936.0,
        "stories": 6,
        "height_m": 24
      },
      "geometry": {
        "type": "Polygon",
        "coordinates": [
          [
            [
              2092.0,
              1822.0
            ],
            [
              2092.0,
              1866.0
            ],
            [
              2136.0,
              1866.0
            ],
            [
              2136.0,
              1822.0
            ],
            [
              2092.0,
              1822.0
            ]
          ]
        ]
      }
    },
    {
      "type": "Feature",
      "properties": {
        "id": "bldg_H_227",
        "layer": "buildings",
        "building_type": "H",
        "source_type": "design_model",
        "confidence": 0.7,
        "geometry_role": "design_layer",
        "footprint_sqm": 1936.0,
        "stories": 6,
        "height_m": 24
      },
      "geometry": {
        "type": "Polygon",
        "coordinates": [
          [
            [
              2092.0,
              1890.0
            ],
            [
              2092.0,
              1934.0
            ],
            [
              2136.0,
              1934.0
            ],
            [
              2136.0,
              1890.0
            ],
            [
              2092.0,
              1890.0
            ]
          ]
        ]
      }
    },
    {
      "type": "Feature",
      "properties": {
        "id": "bldg_H_228",
        "layer": "buildings",
        "building_type": "H",
        "source_type": "design_model",
        "confidence": 0.7,
        "geometry_role": "design_layer",
        "footprint_sqm": 1936.0,
        "stories": 6,
        "height_m": 24
      },
      "geometry": {
        "type": "Polygon",
        "coordinates": [
          [
            [
              2092.0,
              1958.0
            ],
            [
              2092.0,
              2002.0
            ],
            [
              2136.0,
              2002.0
            ],
            [
              2136.0,
              1958.0
            ],
            [
              2092.0,
              1958.0
            ]
          ]
        ]
      }
    },
    {
      "type": "Feature",
      "properties": {
        "id": "bldg_H_229",
        "layer": "buildings",
        "building_type": "H",
        "source_type": "design_model",
        "confidence": 0.7,
        "geometry_role": "design_layer",
        "footprint_sqm": 1936.0,
        "stories": 6,
        "height_m": 24
      },
      "geometry": {
        "type": "Polygon",
        "coordinates": [
          [
            [
              2092.0,
              2026.0
            ],
            [
              2092.0,
              2070.0
            ],
            [
              2136.0,
              2070.0
            ],
            [
              2136.0,
              2026.0
            ],
            [
              2092.0,
              2026.0
            ]
          ]
        ]
      }
    },
    {
      "type": "Feature",
      "properties": {
        "id": "bldg_H_230",
        "layer": "buildings",
        "building_type": "H",
        "source_type": "design_model",
        "confidence": 0.7,
        "geometry_role": "design_layer",
        "footprint_sqm": 1936.0,
        "stories": 6,
        "height_m": 24
      },
      "geometry": {
        "type": "Polygon",
        "coordinates": [
          [
            [
              2092.0,
              2094.0
            ],
            [
              2092.0,
              2138.0
            ],
            [
              2136.0,
              2138.0
            ],
            [
              2136.0,
              2094.0
            ],
            [
              2092.0,
              2094.0
            ]
          ]
        ]
      }
    },
    {
      "type": "Feature",
      "properties": {
        "id": "bldg_H_231",
        "layer": "buildings",
        "building_type": "H",
        "source_type": "design_model",
        "confidence": 0.7,
        "geometry_role": "design_layer",
        "footprint_sqm": 1936.0,
        "stories": 6,
        "height_m": 24
      },
      "geometry": {
        "type": "Polygon",
        "coordinates": [
          [
            [
              2092.0,
              2162.0
            ],
            [
              2092.0,
              2206.0
            ],
            [
              2136.0,
              2206.0
            ],
            [
              2136.0,
              2162.0
            ],
            [
              2092.0,
              2162.0
            ]
          ]
        ]
      }
    },
    {
      "type": "Feature",
      "properties": {
        "id": "bldg_H_232",
        "layer": "buildings",
        "building_type": "H",
        "source_type": "design_model",
        "confidence": 0.7,
        "geometry_role": "design_layer",
        "footprint_sqm": 1936.0,
        "stories": 6,
        "height_m": 24
      },
      "geometry": {
        "type": "Polygon",
        "coordinates": [
          [
            [
              2092.0,
              2230.0
            ],
            [
              2092.0,
              2274.0
            ],
            [
              2136.0,
              2274.0
            ],
            [
              2136.0,
              2230.0
            ],
            [
              2092.0,
              2230.0
            ]
          ]
        ]
      }
    },
    {
      "type": "Feature",
      "properties": {
        "id": "bldg_H_233",
        "layer": "buildings",
        "building_type": "H",
        "source_type": "design_model",
        "confidence": 0.7,
        "geometry_role": "design_layer",
        "footprint_sqm": 1936.0,
        "stories": 6,
        "height_m": 24
      },
      "geometry": {
        "type": "Polygon",
        "coordinates": [
          [
            [
              2160.0,
              598.0
            ],
            [
              2160.0,
              642.0
            ],
            [
              2204.0,
              642.0
            ],
            [
              2204.0,
              598.0
            ],
            [
              2160.0,
              598.0
            ]
          ]
        ]
      }
    },
    {
      "type": "Feature",
      "properties": {
        "id": "bldg_H_234",
        "layer": "buildings",
        "building_type": "H",
        "source_type": "design_model",
        "confidence": 0.7,
        "geometry_role": "design_layer",
        "footprint_sqm": 1936.0,
        "stories": 6,
        "height_m": 24
      },
      "geometry": {
        "type": "Polygon",
        "coordinates": [
          [
            [
              2160.0,
              666.0
            ],
            [
              2160.0,
              710.0
            ],
            [
              2204.0,
              710.0
            ],
            [
              2204.0,
              666.0
            ],
            [
              2160.0,
              666.0
            ]
          ]
        ]
      }
    },
    {
      "type": "Feature",
      "properties": {
        "id": "bldg_H_235",
        "layer": "buildings",
        "building_type": "H",
        "source_type": "design_model",
        "confidence": 0.7,
        "geometry_role": "design_layer",
        "footprint_sqm": 1936.0,
        "stories": 6,
        "height_m": 24
      },
      "geometry": {
        "type": "Polygon",
        "coordinates": [
          [
            [
              2160.0,
              734.0
            ],
            [
              2160.0,
              778.0
            ],
            [
              2204.0,
              778.0
            ],
            [
              2204.0,
              734.0
            ],
            [
              2160.0,
              734.0
            ]
          ]
        ]
      }
    },
    {
      "type": "Feature",
      "properties": {
        "id": "bldg_H_236",
        "layer": "buildings",
        "building_type": "H",
        "source_type": "design_model",
        "confidence": 0.7,
        "geometry_role": "design_layer",
        "footprint_sqm": 1936.0,
        "stories": 6,
        "height_m": 24
      },
      "geometry": {
        "type": "Polygon",
        "coordinates": [
          [
            [
              2160.0,
              802.0
            ],
            [
              2160.0,
              846.0
            ],
            [
              2204.0,
              846.0
            ],
            [
              2204.0,
              802.0
            ],
            [
              2160.0,
              802.0
            ]
          ]
        ]
      }
    },
    {
      "type": "Feature",
      "properties": {
        "id": "bldg_H_237",
        "layer": "buildings",
        "building_type": "H",
        "source_type": "design_model",
        "confidence": 0.7,
        "geometry_role": "design_layer",
        "footprint_sqm": 1936.0,
        "stories": 6,
        "height_m": 24
      },
      "geometry": {
        "type": "Polygon",
        "coordinates": [
          [
            [
              2160.0,
              870.0
            ],
            [
              2160.0,
              914.0
            ],
            [
              2204.0,
              914.0
            ],
            [
              2204.0,
              870.0
            ],
            [
              2160.0,
              870.0
            ]
          ]
        ]
      }
    },
    {
      "type": "Feature",
      "properties": {
        "id": "bldg_H_238",
        "layer": "buildings",
        "building_type": "H",
        "source_type": "design_model",
        "confidence": 0.7,
        "geometry_role": "design_layer",
        "footprint_sqm": 1936.0,
        "stories": 6,
        "height_m": 24
      },
      "geometry": {
        "type": "Polygon",
        "coordinates": [
          [
            [
              2160.0,
              938.0
            ],
            [
              2160.0,
              982.0
            ],
            [
              2204.0,
              982.0
            ],
            [
              2204.0,
              938.0
            ],
            [
              2160.0,
              938.0
            ]
          ]
        ]
      }
    },
    {
      "type": "Feature",
      "properties": {
        "id": "bldg_H_239",
        "layer": "buildings",
        "building_type": "H",
        "source_type": "design_model",
        "confidence": 0.7,
        "geometry_role": "design_layer",
        "footprint_sqm": 1936.0,
        "stories": 6,
        "height_m": 24
      },
      "geometry": {
        "type": "Polygon",
        "coordinates": [
          [
            [
              2160.0,
              1006.0
            ],
            [
              2160.0,
              1050.0
            ],
            [
              2204.0,
              1050.0
            ],
            [
              2204.0,
              1006.0
            ],
            [
              2160.0,
              1006.0
            ]
          ]
        ]
      }
    },
    {
      "type": "Feature",
      "properties": {
        "id": "bldg_H_240",
        "layer": "buildings",
        "building_type": "H",
        "source_type": "design_model",
        "confidence": 0.7,
        "geometry_role": "design_layer",
        "footprint_sqm": 1936.0,
        "stories": 6,
        "height_m": 24
      },
      "geometry": {
        "type": "Polygon",
        "coordinates": [
          [
            [
              2160.0,
              1074.0
            ],
            [
              2160.0,
              1118.0
            ],
            [
              2204.0,
              1118.0
            ],
            [
              2204.0,
              1074.0
            ],
            [
              2160.0,
              1074.0
            ]
          ]
        ]
      }
    },
    {
      "type": "Feature",
      "properties": {
        "id": "bldg_H_241",
        "layer": "buildings",
        "building_type": "H",
        "source_type": "design_model",
        "confidence": 0.7,
        "geometry_role": "design_layer",
        "footprint_sqm": 1936.0,
        "stories": 6,
        "height_m": 24
      },
      "geometry": {
        "type": "Polygon",
        "coordinates": [
          [
            [
              2160.0,
              1142.0
            ],
            [
              2160.0,
              1186.0
            ],
            [
              2204.0,
              1186.0
            ],
            [
              2204.0,
              1142.0
            ],
            [
              2160.0,
              1142.0
            ]
          ]
        ]
      }
    },
    {
      "type": "Feature",
      "properties": {
        "id": "bldg_H_242",
        "layer": "buildings",
        "building_type": "H",
        "source_type": "design_model",
        "confidence": 0.7,
        "geometry_role": "design_layer",
        "footprint_sqm": 1936.0,
        "stories": 6,
        "height_m": 24
      },
      "geometry": {
        "type": "Polygon",
        "coordinates": [
          [
            [
              2160.0,
              1210.0
            ],
            [
              2160.0,
              1254.0
            ],
            [
              2204.0,
              1254.0
            ],
            [
              2204.0,
              1210.0
            ],
            [
              2160.0,
              1210.0
            ]
          ]
        ]
      }
    },
    {
      "type": "Feature",
      "properties": {
        "id": "bldg_H_243",
        "layer": "buildings",
        "building_type": "H",
        "source_type": "design_model",
        "confidence": 0.7,
        "geometry_role": "design_layer",
        "footprint_sqm": 1936.0,
        "stories": 6,
        "height_m": 24
      },
      "geometry": {
        "type": "Polygon",
        "coordinates": [
          [
            [
              2160.0,
              1278.0
            ],
            [
              2160.0,
              1322.0
            ],
            [
              2204.0,
              1322.0
            ],
            [
              2204.0,
              1278.0
            ],
            [
              2160.0,
              1278.0
            ]
          ]
        ]
      }
    },
    {
      "type": "Feature",
      "properties": {
        "id": "bldg_H_244",
        "layer": "buildings",
        "building_type": "H",
        "source_type": "design_model",
        "confidence": 0.7,
        "geometry_role": "design_layer",
        "footprint_sqm": 1936.0,
        "stories": 6,
        "height_m": 24
      },
      "geometry": {
        "type": "Polygon",
        "coordinates": [
          [
            [
              2160.0,
              1346.0
            ],
            [
              2160.0,
              1390.0
            ],
            [
              2204.0,
              1390.0
            ],
            [
              2204.0,
              1346.0
            ],
            [
              2160.0,
              1346.0
            ]
          ]
        ]
      }
    },
    {
      "type": "Feature",
      "properties": {
        "id": "bldg_H_245",
        "layer": "buildings",
        "building_type": "H",
        "source_type": "design_model",
        "confidence": 0.7,
        "geometry_role": "design_layer",
        "footprint_sqm": 1936.0,
        "stories": 6,
        "height_m": 24
      },
      "geometry": {
        "type": "Polygon",
        "coordinates": [
          [
            [
              2160.0,
              1414.0
            ],
            [
              2160.0,
              1458.0
            ],
            [
              2204.0,
              1458.0
            ],
            [
              2204.0,
              1414.0
            ],
            [
              2160.0,
              1414.0
            ]
          ]
        ]
      }
    },
    {
      "type": "Feature",
      "properties": {
        "id": "bldg_H_246",
        "layer": "buildings",
        "building_type": "H",
        "source_type": "design_model",
        "confidence": 0.7,
        "geometry_role": "design_layer",
        "footprint_sqm": 1936.0,
        "stories": 6,
        "height_m": 24
      },
      "geometry": {
        "type": "Polygon",
        "coordinates": [
          [
            [
              2160.0,
              1482.0
            ],
            [
              2160.0,
              1526.0
            ],
            [
              2204.0,
              1526.0
            ],
            [
              2204.0,
              1482.0
            ],
            [
              2160.0,
              1482.0
            ]
          ]
        ]
      }
    },
    {
      "type": "Feature",
      "properties": {
        "id": "bldg_H_247",
        "layer": "buildings",
        "building_type": "H",
        "source_type": "design_model",
        "confidence": 0.7,
        "geometry_role": "design_layer",
        "footprint_sqm": 1936.0,
        "stories": 6,
        "height_m": 24
      },
      "geometry": {
        "type": "Polygon",
        "coordinates": [
          [
            [
              2160.0,
              1550.0
            ],
            [
              2160.0,
              1594.0
            ],
            [
              2204.0,
              1594.0
            ],
            [
              2204.0,
              1550.0
            ],
            [
              2160.0,
              1550.0
            ]
          ]
        ]
      }
    },
    {
      "type": "Feature",
      "properties": {
        "id": "bldg_H_248",
        "layer": "buildings",
        "building_type": "H",
        "source_type": "design_model",
        "confidence": 0.7,
        "geometry_role": "design_layer",
        "footprint_sqm": 1936.0,
        "stories": 6,
        "height_m": 24
      },
      "geometry": {
        "type": "Polygon",
        "coordinates": [
          [
            [
              2160.0,
              1618.0
            ],
            [
              2160.0,
              1662.0
            ],
            [
              2204.0,
              1662.0
            ],
            [
              2204.0,
              1618.0
            ],
            [
              2160.0,
              1618.0
            ]
          ]
        ]
      }
    },
    {
      "type": "Feature",
      "properties": {
        "id": "bldg_H_249",
        "layer": "buildings",
        "building_type": "H",
        "source_type": "design_model",
        "confidence": 0.7,
        "geometry_role": "design_layer",
        "footprint_sqm": 1936.0,
        "stories": 6,
        "height_m": 24
      },
      "geometry": {
        "type": "Polygon",
        "coordinates": [
          [
            [
              2160.0,
              1686.0
            ],
            [
              2160.0,
              1730.0
            ],
            [
              2204.0,
              1730.0
            ],
            [
              2204.0,
              1686.0
            ],
            [
              2160.0,
              1686.0
            ]
          ]
        ]
      }
    },
    {
      "type": "Feature",
      "properties": {
        "id": "bldg_H_250",
        "layer": "buildings",
        "building_type": "H",
        "source_type": "design_model",
        "confidence": 0.7,
        "geometry_role": "design_layer",
        "footprint_sqm": 1936.0,
        "stories": 6,
        "height_m": 24
      },
      "geometry": {
        "type": "Polygon",
        "coordinates": [
          [
            [
              2160.0,
              1754.0
            ],
            [
              2160.0,
              1798.0
            ],
            [
              2204.0,
              1798.0
            ],
            [
              2204.0,
              1754.0
            ],
            [
              2160.0,
              1754.0
            ]
          ]
        ]
      }
    },
    {
      "type": "Feature",
      "properties": {
        "id": "bldg_H_251",
        "layer": "buildings",
        "building_type": "H",
        "source_type": "design_model",
        "confidence": 0.7,
        "geometry_role": "design_layer",
        "footprint_sqm": 1936.0,
        "stories": 6,
        "height_m": 24
      },
      "geometry": {
        "type": "Polygon",
        "coordinates": [
          [
            [
              2160.0,
              1822.0
            ],
            [
              2160.0,
              1866.0
            ],
            [
              2204.0,
              1866.0
            ],
            [
              2204.0,
              1822.0
            ],
            [
              2160.0,
              1822.0
            ]
          ]
        ]
      }
    },
    {
      "type": "Feature",
      "properties": {
        "id": "bldg_H_252",
        "layer": "buildings",
        "building_type": "H",
        "source_type": "design_model",
        "confidence": 0.7,
        "geometry_role": "design_layer",
        "footprint_sqm": 1936.0,
        "stories": 6,
        "height_m": 24
      },
      "geometry": {
        "type": "Polygon",
        "coordinates": [
          [
            [
              2160.0,
              1890.0
            ],
            [
              2160.0,
              1934.0
            ],
            [
              2204.0,
              1934.0
            ],
            [
              2204.0,
              1890.0
            ],
            [
              2160.0,
              1890.0
            ]
          ]
        ]
      }
    },
    {
      "type": "Feature",
      "properties": {
        "id": "bldg_H_253",
        "layer": "buildings",
        "building_type": "H",
        "source_type": "design_model",
        "confidence": 0.7,
        "geometry_role": "design_layer",
        "footprint_sqm": 1936.0,
        "stories": 6,
        "height_m": 24
      },
      "geometry": {
        "type": "Polygon",
        "coordinates": [
          [
            [
              2160.0,
              1958.0
            ],
            [
              2160.0,
              2002.0
            ],
            [
              2204.0,
              2002.0
            ],
            [
              2204.0,
              1958.0
            ],
            [
              2160.0,
              1958.0
            ]
          ]
        ]
      }
    },
    {
      "type": "Feature",
      "properties": {
        "id": "bldg_H_254",
        "layer": "buildings",
        "building_type": "H",
        "source_type": "design_model",
        "confidence": 0.7,
        "geometry_role": "design_layer",
        "footprint_sqm": 1936.0,
        "stories": 6,
        "height_m": 24
      },
      "geometry": {
        "type": "Polygon",
        "coordinates": [
          [
            [
              2160.0,
              2026.0
            ],
            [
              2160.0,
              2070.0
            ],
            [
              2204.0,
              2070.0
            ],
            [
              2204.0,
              2026.0
            ],
            [
              2160.0,
              2026.0
            ]
          ]
        ]
      }
    },
    {
      "type": "Feature",
      "properties": {
        "id": "bldg_H_255",
        "layer": "buildings",
        "building_type": "H",
        "source_type": "design_model",
        "confidence": 0.7,
        "geometry_role": "design_layer",
        "footprint_sqm": 1936.0,
        "stories": 6,
        "height_m": 24
      },
      "geometry": {
        "type": "Polygon",
        "coordinates": [
          [
            [
              2160.0,
              2094.0
            ],
            [
              2160.0,
              2138.0
            ],
            [
              2204.0,
              2138.0
            ],
            [
              2204.0,
              2094.0
            ],
            [
              2160.0,
              2094.0
            ]
          ]
        ]
      }
    },
    {
      "type": "Feature",
      "properties": {
        "id": "bldg_H_256",
        "layer": "buildings",
        "building_type": "H",
        "source_type": "design_model",
        "confidence": 0.7,
        "geometry_role": "design_layer",
        "footprint_sqm": 1936.0,
        "stories": 6,
        "height_m": 24
      },
      "geometry": {
        "type": "Polygon",
        "coordinates": [
          [
            [
              2160.0,
              2162.0
            ],
            [
              2160.0,
              2206.0
            ],
            [
              2204.0,
              2206.0
            ],
            [
              2204.0,
              2162.0
            ],
            [
              2160.0,
              2162.0
            ]
          ]
        ]
      }
    },
    {
      "type": "Feature",
      "properties": {
        "id": "bldg_H_257",
        "layer": "buildings",
        "building_type": "H",
        "source_type": "design_model",
        "confidence": 0.7,
        "geometry_role": "design_layer",
        "footprint_sqm": 1936.0,
        "stories": 6,
        "height_m": 24
      },
      "geometry": {
        "type": "Polygon",
        "coordinates": [
          [
            [
              2160.0,
              2230.0
            ],
            [
              2160.0,
              2274.0
            ],
            [
              2204.0,
              2274.0
            ],
            [
              2204.0,
              2230.0
            ],
            [
              2160.0,
              2230.0
            ]
          ]
        ]
      }
    },
    {
      "type": "Feature",
      "properties": {
        "id": "bldg_H_258",
        "layer": "buildings",
        "building_type": "H",
        "source_type": "design_model",
        "confidence": 0.7,
        "geometry_role": "design_layer",
        "footprint_sqm": 1936.0,
        "stories": 6,
        "height_m": 24
      },
      "geometry": {
        "type": "Polygon",
        "coordinates": [
          [
            [
              2228.0,
              598.0
            ],
            [
              2228.0,
              642.0
            ],
            [
              2272.0,
              642.0
            ],
            [
              2272.0,
              598.0
            ],
            [
              2228.0,
              598.0
            ]
          ]
        ]
      }
    },
    {
      "type": "Feature",
      "properties": {
        "id": "bldg_H_259",
        "layer": "buildings",
        "building_type": "H",
        "source_type": "design_model",
        "confidence": 0.7,
        "geometry_role": "design_layer",
        "footprint_sqm": 1936.0,
        "stories": 6,
        "height_m": 24
      },
      "geometry": {
        "type": "Polygon",
        "coordinates": [
          [
            [
              2228.0,
              666.0
            ],
            [
              2228.0,
              710.0
            ],
            [
              2272.0,
              710.0
            ],
            [
              2272.0,
              666.0
            ],
            [
              2228.0,
              666.0
            ]
          ]
        ]
      }
    },
    {
      "type": "Feature",
      "properties": {
        "id": "bldg_H_260",
        "layer": "buildings",
        "building_type": "H",
        "source_type": "design_model",
        "confidence": 0.7,
        "geometry_role": "design_layer",
        "footprint_sqm": 1936.0,
        "stories": 6,
        "height_m": 24
      },
      "geometry": {
        "type": "Polygon",
        "coordinates": [
          [
            [
              2228.0,
              734.0
            ],
            [
              2228.0,
              778.0
            ],
            [
              2272.0,
              778.0
            ],
            [
              2272.0,
              734.0
            ],
            [
              2228.0,
              734.0
            ]
          ]
        ]
      }
    },
    {
      "type": "Feature",
      "properties": {
        "id": "bldg_H_261",
        "layer": "buildings",
        "building_type": "H",
        "source_type": "design_model",
        "confidence": 0.7,
        "geometry_role": "design_layer",
        "footprint_sqm": 1936.0,
        "stories": 6,
        "height_m": 24
      },
      "geometry": {
        "type": "Polygon",
        "coordinates": [
          [
            [
              2228.0,
              802.0
            ],
            [
              2228.0,
              846.0
            ],
            [
              2272.0,
              846.0
            ],
            [
              2272.0,
              802.0
            ],
            [
              2228.0,
              802.0
            ]
          ]
        ]
      }
    },
    {
      "type": "Feature",
      "properties": {
        "id": "bldg_H_262",
        "layer": "buildings",
        "building_type": "H",
        "source_type": "design_model",
        "confidence": 0.7,
        "geometry_role": "design_layer",
        "footprint_sqm": 1936.0,
        "stories": 6,
        "height_m": 24
      },
      "geometry": {
        "type": "Polygon",
        "coordinates": [
          [
            [
              2228.0,
              870.0
            ],
            [
              2228.0,
              914.0
            ],
            [
              2272.0,
              914.0
            ],
            [
              2272.0,
              870.0
            ],
            [
              2228.0,
              870.0
            ]
          ]
        ]
      }
    },
    {
      "type": "Feature",
      "properties": {
        "id": "bldg_H_263",
        "layer": "buildings",
        "building_type": "H",
        "source_type": "design_model",
        "confidence": 0.7,
        "geometry_role": "design_layer",
        "footprint_sqm": 1936.0,
        "stories": 6,
        "height_m": 24
      },
      "geometry": {
        "type": "Polygon",
        "coordinates": [
          [
            [
              2228.0,
              938.0
            ],
            [
              2228.0,
              982.0
            ],
            [
              2272.0,
              982.0
            ],
            [
              2272.0,
              938.0
            ],
            [
              2228.0,
              938.0
            ]
          ]
        ]
      }
    },
    {
      "type": "Feature",
      "properties": {
        "id": "bldg_H_264",
        "layer": "buildings",
        "building_type": "H",
        "source_type": "design_model",
        "confidence": 0.7,
        "geometry_role": "design_layer",
        "footprint_sqm": 1936.0,
        "stories": 6,
        "height_m": 24
      },
      "geometry": {
        "type": "Polygon",
        "coordinates": [
          [
            [
              2228.0,
              1006.0
            ],
            [
              2228.0,
              1050.0
            ],
            [
              2272.0,
              1050.0
            ],
            [
              2272.0,
              1006.0
            ],
            [
              2228.0,
              1006.0
            ]
          ]
        ]
      }
    },
    {
      "type": "Feature",
      "properties": {
        "id": "bldg_H_265",
        "layer": "buildings",
        "building_type": "H",
        "source_type": "design_model",
        "confidence": 0.7,
        "geometry_role": "design_layer",
        "footprint_sqm": 1936.0,
        "stories": 6,
        "height_m": 24
      },
      "geometry": {
        "type": "Polygon",
        "coordinates": [
          [
            [
              2228.0,
              1074.0
            ],
            [
              2228.0,
              1118.0
            ],
            [
              2272.0,
              1118.0
            ],
            [
              2272.0,
              1074.0
            ],
            [
              2228.0,
              1074.0
            ]
          ]
        ]
      }
    },
    {
      "type": "Feature",
      "properties": {
        "id": "bldg_H_266",
        "layer": "buildings",
        "building_type": "H",
        "source_type": "design_model",
        "confidence": 0.7,
        "geometry_role": "design_layer",
        "footprint_sqm": 1936.0,
        "stories": 6,
        "height_m": 24
      },
      "geometry": {
        "type": "Polygon",
        "coordinates": [
          [
            [
              2228.0,
              1142.0
            ],
            [
              2228.0,
              1186.0
            ],
            [
              2272.0,
              1186.0
            ],
            [
              2272.0,
              1142.0
            ],
            [
              2228.0,
              1142.0
            ]
          ]
        ]
      }
    },
    {
      "type": "Feature",
      "properties": {
        "id": "bldg_H_267",
        "layer": "buildings",
        "building_type": "H",
        "source_type": "design_model",
        "confidence": 0.7,
        "geometry_role": "design_layer",
        "footprint_sqm": 1936.0,
        "stories": 6,
        "height_m": 24
      },
      "geometry": {
        "type": "Polygon",
        "coordinates": [
          [
            [
              2228.0,
              1210.0
            ],
            [
              2228.0,
              1254.0
            ],
            [
              2272.0,
              1254.0
            ],
            [
              2272.0,
              1210.0
            ],
            [
              2228.0,
              1210.0
            ]
          ]
        ]
      }
    },
    {
      "type": "Feature",
      "properties": {
        "id": "bldg_H_268",
        "layer": "buildings",
        "building_type": "H",
        "source_type": "design_model",
        "confidence": 0.7,
        "geometry_role": "design_layer",
        "footprint_sqm": 1936.0,
        "stories": 6,
        "height_m": 24
      },
      "geometry": {
        "type": "Polygon",
        "coordinates": [
          [
            [
              2228.0,
              1278.0
            ],
            [
              2228.0,
              1322.0
            ],
            [
              2272.0,
              1322.0
            ],
            [
              2272.0,
              1278.0
            ],
            [
              2228.0,
              1278.0
            ]
          ]
        ]
      }
    },
    {
      "type": "Feature",
      "properties": {
        "id": "bldg_H_269",
        "layer": "buildings",
        "building_type": "H",
        "source_type": "design_model",
        "confidence": 0.7,
        "geometry_role": "design_layer",
        "footprint_sqm": 1936.0,
        "stories": 6,
        "height_m": 24
      },
      "geometry": {
        "type": "Polygon",
        "coordinates": [
          [
            [
              2228.0,
              1346.0
            ],
            [
              2228.0,
              1390.0
            ],
            [
              2272.0,
              1390.0
            ],
            [
              2272.0,
              1346.0
            ],
            [
              2228.0,
              1346.0
            ]
          ]
        ]
      }
    },
    {
      "type": "Feature",
      "properties": {
        "id": "bldg_H_270",
        "layer": "buildings",
        "building_type": "H",
        "source_type": "design_model",
        "confidence": 0.7,
        "geometry_role": "design_layer",
        "footprint_sqm": 1936.0,
        "stories": 6,
        "height_m": 24
      },
      "geometry": {
        "type": "Polygon",
        "coordinates": [
          [
            [
              2228.0,
              1414.0
            ],
            [
              2228.0,
              1458.0
            ],
            [
              2272.0,
              1458.0
            ],
            [
              2272.0,
              1414.0
            ],
            [
              2228.0,
              1414.0
            ]
          ]
        ]
      }
    },
    {
      "type": "Feature",
      "properties": {
        "id": "bldg_H_271",
        "layer": "buildings",
        "building_type": "H",
        "source_type": "design_model",
        "confidence": 0.7,
        "geometry_role": "design_layer",
        "footprint_sqm": 1936.0,
        "stories": 6,
        "height_m": 24
      },
      "geometry": {
        "type": "Polygon",
        "coordinates": [
          [
            [
              2228.0,
              1482.0
            ],
            [
              2228.0,
              1526.0
            ],
            [
              2272.0,
              1526.0
            ],
            [
              2272.0,
              1482.0
            ],
            [
              2228.0,
              1482.0
            ]
          ]
        ]
      }
    },
    {
      "type": "Feature",
      "properties": {
        "id": "bldg_H_272",
        "layer": "buildings",
        "building_type": "H",
        "source_type": "design_model",
        "confidence": 0.7,
        "geometry_role": "design_layer",
        "footprint_sqm": 1936.0,
        "stories": 6,
        "height_m": 24
      },
      "geometry": {
        "type": "Polygon",
        "coordinates": [
          [
            [
              2228.0,
              1550.0
            ],
            [
              2228.0,
              1594.0
            ],
            [
              2272.0,
              1594.0
            ],
            [
              2272.0,
              1550.0
            ],
            [
              2228.0,
              1550.0
            ]
          ]
        ]
      }
    },
    {
      "type": "Feature",
      "properties": {
        "id": "bldg_H_273",
        "layer": "buildings",
        "building_type": "H",
        "source_type": "design_model",
        "confidence": 0.7,
        "geometry_role": "design_layer",
        "footprint_sqm": 1936.0,
        "stories": 6,
        "height_m": 24
      },
      "geometry": {
        "type": "Polygon",
        "coordinates": [
          [
            [
              2228.0,
              1618.0
            ],
            [
              2228.0,
              1662.0
            ],
            [
              2272.0,
              1662.0
            ],
            [
              2272.0,
              1618.0
            ],
            [
              2228.0,
              1618.0
            ]
          ]
        ]
      }
    },
    {
      "type": "Feature",
      "properties": {
        "id": "bldg_H_274",
        "layer": "buildings",
        "building_type": "H",
        "source_type": "design_model",
        "confidence": 0.7,
        "geometry_role": "design_layer",
        "footprint_sqm": 1936.0,
        "stories": 6,
        "height_m": 24
      },
      "geometry": {
        "type": "Polygon",
        "coordinates": [
          [
            [
              2228.0,
              1686.0
            ],
            [
              2228.0,
              1730.0
            ],
            [
              2272.0,
              1730.0
            ],
            [
              2272.0,
              1686.0
            ],
            [
              2228.0,
              1686.0
            ]
          ]
        ]
      }
    },
    {
      "type": "Feature",
      "properties": {
        "id": "bldg_H_275",
        "layer": "buildings",
        "building_type": "H",
        "source_type": "design_model",
        "confidence": 0.7,
        "geometry_role": "design_layer",
        "footprint_sqm": 1936.0,
        "stories": 6,
        "height_m": 24
      },
      "geometry": {
        "type": "Polygon",
        "coordinates": [
          [
            [
              2228.0,
              1754.0
            ],
            [
              2228.0,
              1798.0
            ],
            [
              2272.0,
              1798.0
            ],
            [
              2272.0,
              1754.0
            ],
            [
              2228.0,
              1754.0
            ]
          ]
        ]
      }
    },
    {
      "type": "Feature",
      "properties": {
        "id": "bldg_H_276",
        "layer": "buildings",
        "building_type": "H",
        "source_type": "design_model",
        "confidence": 0.7,
        "geometry_role": "design_layer",
        "footprint_sqm": 1936.0,
        "stories": 6,
        "height_m": 24
      },
      "geometry": {
        "type": "Polygon",
        "coordinates": [
          [
            [
              2228.0,
              1822.0
            ],
            [
              2228.0,
              1866.0
            ],
            [
              2272.0,
              1866.0
            ],
            [
              2272.0,
              1822.0
            ],
            [
              2228.0,
              1822.0
            ]
          ]
        ]
      }
    },
    {
      "type": "Feature",
      "properties": {
        "id": "bldg_H_277",
        "layer": "buildings",
        "building_type": "H",
        "source_type": "design_model",
        "confidence": 0.7,
        "geometry_role": "design_layer",
        "footprint_sqm": 1936.0,
        "stories": 6,
        "height_m": 24
      },
      "geometry": {
        "type": "Polygon",
        "coordinates": [
          [
            [
              2228.0,
              1890.0
            ],
            [
              2228.0,
              1934.0
            ],
            [
              2272.0,
              1934.0
            ],
            [
              2272.0,
              1890.0
            ],
            [
              2228.0,
              1890.0
            ]
          ]
        ]
      }
    },
    {
      "type": "Feature",
      "properties": {
        "id": "bldg_H_278",
        "layer": "buildings",
        "building_type": "H",
        "source_type": "design_model",
        "confidence": 0.7,
        "geometry_role": "design_layer",
        "footprint_sqm": 1936.0,
        "stories": 6,
        "height_m": 24
      },
      "geometry": {
        "type": "Polygon",
        "coordinates": [
          [
            [
              2228.0,
              1958.0
            ],
            [
              2228.0,
              2002.0
            ],
            [
              2272.0,
              2002.0
            ],
            [
              2272.0,
              1958.0
            ],
            [
              2228.0,
              1958.0
            ]
          ]
        ]
      }
    },
    {
      "type": "Feature",
      "properties": {
        "id": "bldg_H_279",
        "layer": "buildings",
        "building_type": "H",
        "source_type": "design_model",
        "confidence": 0.7,
        "geometry_role": "design_layer",
        "footprint_sqm": 1936.0,
        "stories": 6,
        "height_m": 24
      },
      "geometry": {
        "type": "Polygon",
        "coordinates": [
          [
            [
              2228.0,
              2026.0
            ],
            [
              2228.0,
              2070.0
            ],
            [
              2272.0,
              2070.0
            ],
            [
              2272.0,
              2026.0
            ],
            [
              2228.0,
              2026.0
            ]
          ]
        ]
      }
    },
    {
      "type": "Feature",
      "properties": {
        "id": "bldg_H_280",
        "layer": "buildings",
        "building_type": "H",
        "source_type": "design_model",
        "confidence": 0.7,
        "geometry_role": "design_layer",
        "footprint_sqm": 1936.0,
        "stories": 6,
        "height_m": 24
      },
      "geometry": {
        "type": "Polygon",
        "coordinates": [
          [
            [
              2228.0,
              2094.0
            ],
            [
              2228.0,
              2138.0
            ],
            [
              2272.0,
              2138.0
            ],
            [
              2272.0,
              2094.0
            ],
            [
              2228.0,
              2094.0
            ]
          ]
        ]
      }
    },
    {
      "type": "Feature",
      "properties": {
        "id": "bldg_H_281",
        "layer": "buildings",
        "building_type": "H",
        "source_type": "design_model",
        "confidence": 0.7,
        "geometry_role": "design_layer",
        "footprint_sqm": 1936.0,
        "stories": 6,
        "height_m": 24
      },
      "geometry": {
        "type": "Polygon",
        "coordinates": [
          [
            [
              2228.0,
              2162.0
            ],
            [
              2228.0,
              2206.0
            ],
            [
              2272.0,
              2206.0
            ],
            [
              2272.0,
              2162.0
            ],
            [
              2228.0,
              2162.0
            ]
          ]
        ]
      }
    },
    {
      "type": "Feature",
      "properties": {
        "id": "bldg_H_282",
        "layer": "buildings",
        "building_type": "H",
        "source_type": "design_model",
        "confidence": 0.7,
        "geometry_role": "design_layer",
        "footprint_sqm": 1936.0,
        "stories": 6,
        "height_m": 24
      },
      "geometry": {
        "type": "Polygon",
        "coordinates": [
          [
            [
              2228.0,
              2230.0
            ],
            [
              2228.0,
              2274.0
            ],
            [
              2272.0,
              2274.0
            ],
            [
              2272.0,
              2230.0
            ],
            [
              2228.0,
              2230.0
            ]
          ]
        ]
      }
    },
    {
      "type": "Feature",
      "properties": {
        "id": "bldg_H_283",
        "layer": "buildings",
        "building_type": "H",
        "source_type": "design_model",
        "confidence": 0.7,
        "geometry_role": "design_layer",
        "footprint_sqm": 1936.0,
        "stories": 6,
        "height_m": 24
      },
      "geometry": {
        "type": "Polygon",
        "coordinates": [
          [
            [
              2296.0,
              598.0
            ],
            [
              2296.0,
              642.0
            ],
            [
              2340.0,
              642.0
            ],
            [
              2340.0,
              598.0
            ],
            [
              2296.0,
              598.0
            ]
          ]
        ]
      }
    },
    {
      "type": "Feature",
      "properties": {
        "id": "bldg_H_284",
        "layer": "buildings",
        "building_type": "H",
        "source_type": "design_model",
        "confidence": 0.7,
        "geometry_role": "design_layer",
        "footprint_sqm": 1936.0,
        "stories": 6,
        "height_m": 24
      },
      "geometry": {
        "type": "Polygon",
        "coordinates": [
          [
            [
              2296.0,
              666.0
            ],
            [
              2296.0,
              710.0
            ],
            [
              2340.0,
              710.0
            ],
            [
              2340.0,
              666.0
            ],
            [
              2296.0,
              666.0
            ]
          ]
        ]
      }
    },
    {
      "type": "Feature",
      "properties": {
        "id": "bldg_H_285",
        "layer": "buildings",
        "building_type": "H",
        "source_type": "design_model",
        "confidence": 0.7,
        "geometry_role": "design_layer",
        "footprint_sqm": 1936.0,
        "stories": 6,
        "height_m": 24
      },
      "geometry": {
        "type": "Polygon",
        "coordinates": [
          [
            [
              2296.0,
              734.0
            ],
            [
              2296.0,
              778.0
            ],
            [
              2340.0,
              778.0
            ],
            [
              2340.0,
              734.0
            ],
            [
              2296.0,
              734.0
            ]
          ]
        ]
      }
    },
    {
      "type": "Feature",
      "properties": {
        "id": "bldg_H_286",
        "layer": "buildings",
        "building_type": "H",
        "source_type": "design_model",
        "confidence": 0.7,
        "geometry_role": "design_layer",
        "footprint_sqm": 1936.0,
        "stories": 6,
        "height_m": 24
      },
      "geometry": {
        "type": "Polygon",
        "coordinates": [
          [
            [
              2296.0,
              802.0
            ],
            [
              2296.0,
              846.0
            ],
            [
              2340.0,
              846.0
            ],
            [
              2340.0,
              802.0
            ],
            [
              2296.0,
              802.0
            ]
          ]
        ]
      }
    },
    {
      "type": "Feature",
      "properties": {
        "id": "bldg_H_287",
        "layer": "buildings",
        "building_type": "H",
        "source_type": "design_model",
        "confidence": 0.7,
        "geometry_role": "design_layer",
        "footprint_sqm": 1936.0,
        "stories": 6,
        "height_m": 24
      },
      "geometry": {
        "type": "Polygon",
        "coordinates": [
          [
            [
              2296.0,
              870.0
            ],
            [
              2296.0,
              914.0
            ],
            [
              2340.0,
              914.0
            ],
            [
              2340.0,
              870.0
            ],
            [
              2296.0,
              870.0
            ]
          ]
        ]
      }
    },
    {
      "type": "Feature",
      "properties": {
        "id": "bldg_H_288",
        "layer": "buildings",
        "building_type": "H",
        "source_type": "design_model",
        "confidence": 0.7,
        "geometry_role": "design_layer",
        "footprint_sqm": 1936.0,
        "stories": 6,
        "height_m": 24
      },
      "geometry": {
        "type": "Polygon",
        "coordinates": [
          [
            [
              2296.0,
              938.0
            ],
            [
              2296.0,
              982.0
            ],
            [
              2340.0,
              982.0
            ],
            [
              2340.0,
              938.0
            ],
            [
              2296.0,
              938.0
            ]
          ]
        ]
      }
    },
    {
      "type": "Feature",
      "properties": {
        "id": "bldg_H_289",
        "layer": "buildings",
        "building_type": "H",
        "source_type": "design_model",
        "confidence": 0.7,
        "geometry_role": "design_layer",
        "footprint_sqm": 1936.0,
        "stories": 6,
        "height_m": 24
      },
      "geometry": {
        "type": "Polygon",
        "coordinates": [
          [
            [
              2296.0,
              1006.0
            ],
            [
              2296.0,
              1050.0
            ],
            [
              2340.0,
              1050.0
            ],
            [
              2340.0,
              1006.0
            ],
            [
              2296.0,
              1006.0
            ]
          ]
        ]
      }
    },
    {
      "type": "Feature",
      "properties": {
        "id": "bldg_H_290",
        "layer": "buildings",
        "building_type": "H",
        "source_type": "design_model",
        "confidence": 0.7,
        "geometry_role": "design_layer",
        "footprint_sqm": 1936.0,
        "stories": 6,
        "height_m": 24
      },
      "geometry": {
        "type": "Polygon",
        "coordinates": [
          [
            [
              2296.0,
              1074.0
            ],
            [
              2296.0,
              1118.0
            ],
            [
              2340.0,
              1118.0
            ],
            [
              2340.0,
              1074.0
            ],
            [
              2296.0,
              1074.0
            ]
          ]
        ]
      }
    },
    {
      "type": "Feature",
      "properties": {
        "id": "bldg_H_291",
        "layer": "buildings",
        "building_type": "H",
        "source_type": "design_model",
        "confidence": 0.7,
        "geometry_role": "design_layer",
        "footprint_sqm": 1936.0,
        "stories": 6,
        "height_m": 24
      },
      "geometry": {
        "type": "Polygon",
        "coordinates": [
          [
            [
              2296.0,
              1142.0
            ],
            [
              2296.0,
              1186.0
            ],
            [
              2340.0,
              1186.0
            ],
            [
              2340.0,
              1142.0
            ],
            [
              2296.0,
              1142.0
            ]
          ]
        ]
      }
    },
    {
      "type": "Feature",
      "properties": {
        "id": "bldg_H_292",
        "layer": "buildings",
        "building_type": "H",
        "source_type": "design_model",
        "confidence": 0.7,
        "geometry_role": "design_layer",
        "footprint_sqm": 1936.0,
        "stories": 6,
        "height_m": 24
      },
      "geometry": {
        "type": "Polygon",
        "coordinates": [
          [
            [
              2296.0,
              1210.0
            ],
            [
              2296.0,
              1254.0
            ],
            [
              2340.0,
              1254.0
            ],
            [
              2340.0,
              1210.0
            ],
            [
              2296.0,
              1210.0
            ]
          ]
        ]
      }
    },
    {
      "type": "Feature",
      "properties": {
        "id": "bldg_H_293",
        "layer": "buildings",
        "building_type": "H",
        "source_type": "design_model",
        "confidence": 0.7,
        "geometry_role": "design_layer",
        "footprint_sqm": 1936.0,
        "stories": 6,
        "height_m": 24
      },
      "geometry": {
        "type": "Polygon",
        "coordinates": [
          [
            [
              2296.0,
              1278.0
            ],
            [
              2296.0,
              1322.0
            ],
            [
              2340.0,
              1322.0
            ],
            [
              2340.0,
              1278.0
            ],
            [
              2296.0,
              1278.0
            ]
          ]
        ]
      }
    },
    {
      "type": "Feature",
      "properties": {
        "id": "bldg_H_294",
        "layer": "buildings",
        "building_type": "H",
        "source_type": "design_model",
        "confidence": 0.7,
        "geometry_role": "design_layer",
        "footprint_sqm": 1936.0,
        "stories": 6,
        "height_m": 24
      },
      "geometry": {
        "type": "Polygon",
        "coordinates": [
          [
            [
              2296.0,
              1346.0
            ],
            [
              2296.0,
              1390.0
            ],
            [
              2340.0,
              1390.0
            ],
            [
              2340.0,
              1346.0
            ],
            [
              2296.0,
              1346.0
            ]
          ]
        ]
      }
    },
    {
      "type": "Feature",
      "properties": {
        "id": "bldg_H_295",
        "layer": "buildings",
        "building_type": "H",
        "source_type": "design_model",
        "confidence": 0.7,
        "geometry_role": "design_layer",
        "footprint_sqm": 1936.0,
        "stories": 6,
        "height_m": 24
      },
      "geometry": {
        "type": "Polygon",
        "coordinates": [
          [
            [
              2296.0,
              1414.0
            ],
            [
              2296.0,
              1458.0
            ],
            [
              2340.0,
              1458.0
            ],
            [
              2340.0,
              1414.0
            ],
            [
              2296.0,
              1414.0
            ]
          ]
        ]
      }
    },
    {
      "type": "Feature",
      "properties": {
        "id": "bldg_H_296",
        "layer": "buildings",
        "building_type": "H",
        "source_type": "design_model",
        "confidence": 0.7,
        "geometry_role": "design_layer",
        "footprint_sqm": 1936.0,
        "stories": 6,
        "height_m": 24
      },
      "geometry": {
        "type": "Polygon",
        "coordinates": [
          [
            [
              2296.0,
              1482.0
            ],
            [
              2296.0,
              1526.0
            ],
            [
              2340.0,
              1526.0
            ],
            [
              2340.0,
              1482.0
            ],
            [
              2296.0,
              1482.0
            ]
          ]
        ]
      }
    },
    {
      "type": "Feature",
      "properties": {
        "id": "bldg_H_297",
        "layer": "buildings",
        "building_type": "H",
        "source_type": "design_model",
        "confidence": 0.7,
        "geometry_role": "design_layer",
        "footprint_sqm": 1936.0,
        "stories": 6,
        "height_m": 24
      },
      "geometry": {
        "type": "Polygon",
        "coordinates": [
          [
            [
              2296.0,
              1550.0
            ],
            [
              2296.0,
              1594.0
            ],
            [
              2340.0,
              1594.0
            ],
            [
              2340.0,
              1550.0
            ],
            [
              2296.0,
              1550.0
            ]
          ]
        ]
      }
    },
    {
      "type": "Feature",
      "properties": {
        "id": "bldg_H_298",
        "layer": "buildings",
        "building_type": "H",
        "source_type": "design_model",
        "confidence": 0.7,
        "geometry_role": "design_layer",
        "footprint_sqm": 1936.0,
        "stories": 6,
        "height_m": 24
      },
      "geometry": {
        "type": "Polygon",
        "coordinates": [
          [
            [
              2296.0,
              1618.0
            ],
            [
              2296.0,
              1662.0
            ],
            [
              2340.0,
              1662.0
            ],
            [
              2340.0,
              1618.0
            ],
            [
              2296.0,
              1618.0
            ]
          ]
        ]
      }
    },
    {
      "type": "Feature",
      "properties": {
        "id": "bldg_H_299",
        "layer": "buildings",
        "building_type": "H",
        "source_type": "design_model",
        "confidence": 0.7,
        "geometry_role": "design_layer",
        "footprint_sqm": 1936.0,
        "stories": 6,
        "height_m": 24
      },
      "geometry": {
        "type": "Polygon",
        "coordinates": [
          [
            [
              2296.0,
              1686.0
            ],
            [
              2296.0,
              1730.0
            ],
            [
              2340.0,
              1730.0
            ],
            [
              2340.0,
              1686.0
            ],
            [
              2296.0,
              1686.0
            ]
          ]
        ]
      }
    },
    {
      "type": "Feature",
      "properties": {
        "id": "bldg_H_300",
        "layer": "buildings",
        "building_type": "H",
        "source_type": "design_model",
        "confidence": 0.7,
        "geometry_role": "design_layer",
        "footprint_sqm": 1936.0,
        "stories": 6,
        "height_m": 24
      },
      "geometry": {
        "type": "Polygon",
        "coordinates": [
          [
            [
              2296.0,
              1754.0
            ],
            [
              2296.0,
              1798.0
            ],
            [
              2340.0,
              1798.0
            ],
            [
              2340.0,
              1754.0
            ],
            [
              2296.0,
              1754.0
            ]
          ]
        ]
      }
    },
    {
      "type": "Feature",
      "properties": {
        "id": "bldg_H_301",
        "layer": "buildings",
        "building_type": "H",
        "source_type": "design_model",
        "confidence": 0.7,
        "geometry_role": "design_layer",
        "footprint_sqm": 1936.0,
        "stories": 6,
        "height_m": 24
      },
      "geometry": {
        "type": "Polygon",
        "coordinates": [
          [
            [
              2296.0,
              1822.0
            ],
            [
              2296.0,
              1866.0
            ],
            [
              2340.0,
              1866.0
            ],
            [
              2340.0,
              1822.0
            ],
            [
              2296.0,
              1822.0
            ]
          ]
        ]
      }
    },
    {
      "type": "Feature",
      "properties": {
        "id": "bldg_H_302",
        "layer": "buildings",
        "building_type": "H",
        "source_type": "design_model",
        "confidence": 0.7,
        "geometry_role": "design_layer",
        "footprint_sqm": 1936.0,
        "stories": 6,
        "height_m": 24
      },
      "geometry": {
        "type": "Polygon",
        "coordinates": [
          [
            [
              2296.0,
              1890.0
            ],
            [
              2296.0,
              1934.0
            ],
            [
              2340.0,
              1934.0
            ],
            [
              2340.0,
              1890.0
            ],
            [
              2296.0,
              1890.0
            ]
          ]
        ]
      }
    },
    {
      "type": "Feature",
      "properties": {
        "id": "bldg_H_303",
        "layer": "buildings",
        "building_type": "H",
        "source_type": "design_model",
        "confidence": 0.7,
        "geometry_role": "design_layer",
        "footprint_sqm": 1936.0,
        "stories": 6,
        "height_m": 24
      },
      "geometry": {
        "type": "Polygon",
        "coordinates": [
          [
            [
              2296.0,
              1958.0
            ],
            [
              2296.0,
              2002.0
            ],
            [
              2340.0,
              2002.0
            ],
            [
              2340.0,
              1958.0
            ],
            [
              2296.0,
              1958.0
            ]
          ]
        ]
      }
    },
    {
      "type": "Feature",
      "properties": {
        "id": "bldg_H_304",
        "layer": "buildings",
        "building_type": "H",
        "source_type": "design_model",
        "confidence": 0.7,
        "geometry_role": "design_layer",
        "footprint_sqm": 1936.0,
        "stories": 6,
        "height_m": 24
      },
      "geometry": {
        "type": "Polygon",
        "coordinates": [
          [
            [
              2296.0,
              2026.0
            ],
            [
              2296.0,
              2070.0
            ],
            [
              2340.0,
              2070.0
            ],
            [
              2340.0,
              2026.0
            ],
            [
              2296.0,
              2026.0
            ]
          ]
        ]
      }
    },
    {
      "type": "Feature",
      "properties": {
        "id": "bldg_H_305",
        "layer": "buildings",
        "building_type": "H",
        "source_type": "design_model",
        "confidence": 0.7,
        "geometry_role": "design_layer",
        "footprint_sqm": 1936.0,
        "stories": 6,
        "height_m": 24
      },
      "geometry": {
        "type": "Polygon",
        "coordinates": [
          [
            [
              2296.0,
              2094.0
            ],
            [
              2296.0,
              2138.0
            ],
            [
              2340.0,
              2138.0
            ],
            [
              2340.0,
              2094.0
            ],
            [
              2296.0,
              2094.0
            ]
          ]
        ]
      }
    },
    {
      "type": "Feature",
      "properties": {
        "id": "bldg_H_306",
        "layer": "buildings",
        "building_type": "H",
        "source_type": "design_model",
        "confidence": 0.7,
        "geometry_role": "design_layer",
        "footprint_sqm": 1936.0,
        "stories": 6,
        "height_m": 24
      },
      "geometry": {
        "type": "Polygon",
        "coordinates": [
          [
            [
              2296.0,
              2162.0
            ],
            [
              2296.0,
              2206.0
            ],
            [
              2340.0,
              2206.0
            ],
            [
              2340.0,
              2162.0
            ],
            [
              2296.0,
              2162.0
            ]
          ]
        ]
      }
    },
    {
      "type": "Feature",
      "properties": {
        "id": "bldg_H_307",
        "layer": "buildings",
        "building_type": "H",
        "source_type": "design_model",
        "confidence": 0.7,
        "geometry_role": "design_layer",
        "footprint_sqm": 1936.0,
        "stories": 6,
        "height_m": 24
      },
      "geometry": {
        "type": "Polygon",
        "coordinates": [
          [
            [
              2296.0,
              2230.0
            ],
            [
              2296.0,
              2274.0
            ],
            [
              2340.0,
              2274.0
            ],
            [
              2340.0,
              2230.0
            ],
            [
              2296.0,
              2230.0
            ]
          ]
        ]
      }
    },
    {
      "type": "Feature",
      "properties": {
        "id": "bldg_H_308",
        "layer": "buildings",
        "building_type": "H",
        "source_type": "design_model",
        "confidence": 0.7,
        "geometry_role": "design_layer",
        "footprint_sqm": 1936.0,
        "stories": 6,
        "height_m": 24
      },
      "geometry": {
        "type": "Polygon",
        "coordinates": [
          [
            [
              2364.0,
              598.0
            ],
            [
              2364.0,
              642.0
            ],
            [
              2408.0,
              642.0
            ],
            [
              2408.0,
              598.0
            ],
            [
              2364.0,
              598.0
            ]
          ]
        ]
      }
    },
    {
      "type": "Feature",
      "properties": {
        "id": "bldg_H_309",
        "layer": "buildings",
        "building_type": "H",
        "source_type": "design_model",
        "confidence": 0.7,
        "geometry_role": "design_layer",
        "footprint_sqm": 1936.0,
        "stories": 6,
        "height_m": 24
      },
      "geometry": {
        "type": "Polygon",
        "coordinates": [
          [
            [
              2364.0,
              666.0
            ],
            [
              2364.0,
              710.0
            ],
            [
              2408.0,
              710.0
            ],
            [
              2408.0,
              666.0
            ],
            [
              2364.0,
              666.0
            ]
          ]
        ]
      }
    },
    {
      "type": "Feature",
      "properties": {
        "id": "bldg_H_310",
        "layer": "buildings",
        "building_type": "H",
        "source_type": "design_model",
        "confidence": 0.7,
        "geometry_role": "design_layer",
        "footprint_sqm": 1936.0,
        "stories": 6,
        "height_m": 24
      },
      "geometry": {
        "type": "Polygon",
        "coordinates": [
          [
            [
              2364.0,
              734.0
            ],
            [
              2364.0,
              778.0
            ],
            [
              2408.0,
              778.0
            ],
            [
              2408.0,
              734.0
            ],
            [
              2364.0,
              734.0
            ]
          ]
        ]
      }
    },
    {
      "type": "Feature",
      "properties": {
        "id": "bldg_H_311",
        "layer": "buildings",
        "building_type": "H",
        "source_type": "design_model",
        "confidence": 0.7,
        "geometry_role": "design_layer",
        "footprint_sqm": 1936.0,
        "stories": 6,
        "height_m": 24
      },
      "geometry": {
        "type": "Polygon",
        "coordinates": [
          [
            [
              2364.0,
              802.0
            ],
            [
              2364.0,
              846.0
            ],
            [
              2408.0,
              846.0
            ],
            [
              2408.0,
              802.0
            ],
            [
              2364.0,
              802.0
            ]
          ]
        ]
      }
    },
    {
      "type": "Feature",
      "properties": {
        "id": "bldg_H_312",
        "layer": "buildings",
        "building_type": "H",
        "source_type": "design_model",
        "confidence": 0.7,
        "geometry_role": "design_layer",
        "footprint_sqm": 1936.0,
        "stories": 6,
        "height_m": 24
      },
      "geometry": {
        "type": "Polygon",
        "coordinates": [
          [
            [
              2364.0,
              870.0
            ],
            [
              2364.0,
              914.0
            ],
            [
              2408.0,
              914.0
            ],
            [
              2408.0,
              870.0
            ],
            [
              2364.0,
              870.0
            ]
          ]
        ]
      }
    },
    {
      "type": "Feature",
      "properties": {
        "id": "bldg_H_313",
        "layer": "buildings",
        "building_type": "H",
        "source_type": "design_model",
        "confidence": 0.7,
        "geometry_role": "design_layer",
        "footprint_sqm": 1936.0,
        "stories": 6,
        "height_m": 24
      },
      "geometry": {
        "type": "Polygon",
        "coordinates": [
          [
            [
              2364.0,
              938.0
            ],
            [
              2364.0,
              982.0
            ],
            [
              2408.0,
              982.0
            ],
            [
              2408.0,
              938.0
            ],
            [
              2364.0,
              938.0
            ]
          ]
        ]
      }
    },
    {
      "type": "Feature",
      "properties": {
        "id": "bldg_H_314",
        "layer": "buildings",
        "building_type": "H",
        "source_type": "design_model",
        "confidence": 0.7,
        "geometry_role": "design_layer",
        "footprint_sqm": 1936.0,
        "stories": 6,
        "height_m": 24
      },
      "geometry": {
        "type": "Polygon",
        "coordinates": [
          [
            [
              2364.0,
              1006.0
            ],
            [
              2364.0,
              1050.0
            ],
            [
              2408.0,
              1050.0
            ],
            [
              2408.0,
              1006.0
            ],
            [
              2364.0,
              1006.0
            ]
          ]
        ]
      }
    },
    {
      "type": "Feature",
      "properties": {
        "id": "bldg_H_315",
        "layer": "buildings",
        "building_type": "H",
        "source_type": "design_model",
        "confidence": 0.7,
        "geometry_role": "design_layer",
        "footprint_sqm": 1936.0,
        "stories": 6,
        "height_m": 24
      },
      "geometry": {
        "type": "Polygon",
        "coordinates": [
          [
            [
              2364.0,
              1074.0
            ],
            [
              2364.0,
              1118.0
            ],
            [
              2408.0,
              1118.0
            ],
            [
              2408.0,
              1074.0
            ],
            [
              2364.0,
              1074.0
            ]
          ]
        ]
      }
    },
    {
      "type": "Feature",
      "properties": {
        "id": "bldg_H_316",
        "layer": "buildings",
        "building_type": "H",
        "source_type": "design_model",
        "confidence": 0.7,
        "geometry_role": "design_layer",
        "footprint_sqm": 1936.0,
        "stories": 6,
        "height_m": 24
      },
      "geometry": {
        "type": "Polygon",
        "coordinates": [
          [
            [
              2364.0,
              1142.0
            ],
            [
              2364.0,
              1186.0
            ],
            [
              2408.0,
              1186.0
            ],
            [
              2408.0,
              1142.0
            ],
            [
              2364.0,
              1142.0
            ]
          ]
        ]
      }
    },
    {
      "type": "Feature",
      "properties": {
        "id": "bldg_H_317",
        "layer": "buildings",
        "building_type": "H",
        "source_type": "design_model",
        "confidence": 0.7,
        "geometry_role": "design_layer",
        "footprint_sqm": 1936.0,
        "stories": 6,
        "height_m": 24
      },
      "geometry": {
        "type": "Polygon",
        "coordinates": [
          [
            [
              2364.0,
              1210.0
            ],
            [
              2364.0,
              1254.0
            ],
            [
              2408.0,
              1254.0
            ],
            [
              2408.0,
              1210.0
            ],
            [
              2364.0,
              1210.0
            ]
          ]
        ]
      }
    },
    {
      "type": "Feature",
      "properties": {
        "id": "bldg_H_318",
        "layer": "buildings",
        "building_type": "H",
        "source_type": "design_model",
        "confidence": 0.7,
        "geometry_role": "design_layer",
        "footprint_sqm": 1936.0,
        "stories": 6,
        "height_m": 24
      },
      "geometry": {
        "type": "Polygon",
        "coordinates": [
          [
            [
              2364.0,
              1278.0
            ],
            [
              2364.0,
              1322.0
            ],
            [
              2408.0,
              1322.0
            ],
            [
              2408.0,
              1278.0
            ],
            [
              2364.0,
              1278.0
            ]
          ]
        ]
      }
    },
    {
      "type": "Feature",
      "properties": {
        "id": "bldg_H_319",
        "layer": "buildings",
        "building_type": "H",
        "source_type": "design_model",
        "confidence": 0.7,
        "geometry_role": "design_layer",
        "footprint_sqm": 1936.0,
        "stories": 6,
        "height_m": 24
      },
      "geometry": {
        "type": "Polygon",
        "coordinates": [
          [
            [
              2364.0,
              1346.0
            ],
            [
              2364.0,
              1390.0
            ],
            [
              2408.0,
              1390.0
            ],
            [
              2408.0,
              1346.0
            ],
            [
              2364.0,
              1346.0
            ]
          ]
        ]
      }
    },
    {
      "type": "Feature",
      "properties": {
        "id": "bldg_H_320",
        "layer": "buildings",
        "building_type": "H",
        "source_type": "design_model",
        "confidence": 0.7,
        "geometry_role": "design_layer",
        "footprint_sqm": 1936.0,
        "stories": 6,
        "height_m": 24
      },
      "geometry": {
        "type": "Polygon",
        "coordinates": [
          [
            [
              2364.0,
              1414.0
            ],
            [
              2364.0,
              1458.0
            ],
            [
              2408.0,
              1458.0
            ],
            [
              2408.0,
              1414.0
            ],
            [
              2364.0,
              1414.0
            ]
          ]
        ]
      }
    },
    {
      "type": "Feature",
      "properties": {
        "id": "bldg_H_321",
        "layer": "buildings",
        "building_type": "H",
        "source_type": "design_model",
        "confidence": 0.7,
        "geometry_role": "design_layer",
        "footprint_sqm": 1936.0,
        "stories": 6,
        "height_m": 24
      },
      "geometry": {
        "type": "Polygon",
        "coordinates": [
          [
            [
              2364.0,
              1482.0
            ],
            [
              2364.0,
              1526.0
            ],
            [
              2408.0,
              1526.0
            ],
            [
              2408.0,
              1482.0
            ],
            [
              2364.0,
              1482.0
            ]
          ]
        ]
      }
    },
    {
      "type": "Feature",
      "properties": {
        "id": "bldg_H_322",
        "layer": "buildings",
        "building_type": "H",
        "source_type": "design_model",
        "confidence": 0.7,
        "geometry_role": "design_layer",
        "footprint_sqm": 1936.0,
        "stories": 6,
        "height_m": 24
      },
      "geometry": {
        "type": "Polygon",
        "coordinates": [
          [
            [
              2364.0,
              1550.0
            ],
            [
              2364.0,
              1594.0
            ],
            [
              2408.0,
              1594.0
            ],
            [
              2408.0,
              1550.0
            ],
            [
              2364.0,
              1550.0
            ]
          ]
        ]
      }
    },
    {
      "type": "Feature",
      "properties": {
        "id": "bldg_H_323",
        "layer": "buildings",
        "building_type": "H",
        "source_type": "design_model",
        "confidence": 0.7,
        "geometry_role": "design_layer",
        "footprint_sqm": 1936.0,
        "stories": 6,
        "height_m": 24
      },
      "geometry": {
        "type": "Polygon",
        "coordinates": [
          [
            [
              2364.0,
              1618.0
            ],
            [
              2364.0,
              1662.0
            ],
            [
              2408.0,
              1662.0
            ],
            [
              2408.0,
              1618.0
            ],
            [
              2364.0,
              1618.0
            ]
          ]
        ]
      }
    },
    {
      "type": "Feature",
      "properties": {
        "id": "bldg_H_324",
        "layer": "buildings",
        "building_type": "H",
        "source_type": "design_model",
        "confidence": 0.7,
        "geometry_role": "design_layer",
        "footprint_sqm": 1936.0,
        "stories": 6,
        "height_m": 24
      },
      "geometry": {
        "type": "Polygon",
        "coordinates": [
          [
            [
              2364.0,
              1686.0
            ],
            [
              2364.0,
              1730.0
            ],
            [
              2408.0,
              1730.0
            ],
            [
              2408.0,
              1686.0
            ],
            [
              2364.0,
              1686.0
            ]
          ]
        ]
      }
    },
    {
      "type": "Feature",
      "properties": {
        "id": "bldg_H_325",
        "layer": "buildings",
        "building_type": "H",
        "source_type": "design_model",
        "confidence": 0.7,
        "geometry_role": "design_layer",
        "footprint_sqm": 1936.0,
        "stories": 6,
        "height_m": 24
      },
      "geometry": {
        "type": "Polygon",
        "coordinates": [
          [
            [
              2364.0,
              1754.0
            ],
            [
              2364.0,
              1798.0
            ],
            [
              2408.0,
              1798.0
            ],
            [
              2408.0,
              1754.0
            ],
            [
              2364.0,
              1754.0
            ]
          ]
        ]
      }
    },
    {
      "type": "Feature",
      "properties": {
        "id": "bldg_H_326",
        "layer": "buildings",
        "building_type": "H",
        "source_type": "design_model",
        "confidence": 0.7,
        "geometry_role": "design_layer",
        "footprint_sqm": 1936.0,
        "stories": 6,
        "height_m": 24
      },
      "geometry": {
        "type": "Polygon",
        "coordinates": [
          [
            [
              2364.0,
              1822.0
            ],
            [
              2364.0,
              1866.0
            ],
            [
              2408.0,
              1866.0
            ],
            [
              2408.0,
              1822.0
            ],
            [
              2364.0,
              1822.0
            ]
          ]
        ]
      }
    },
    {
      "type": "Feature",
      "properties": {
        "id": "bldg_H_327",
        "layer": "buildings",
        "building_type": "H",
        "source_type": "design_model",
        "confidence": 0.7,
        "geometry_role": "design_layer",
        "footprint_sqm": 1936.0,
        "stories": 6,
        "height_m": 24
      },
      "geometry": {
        "type": "Polygon",
        "coordinates": [
          [
            [
              2364.0,
              1890.0
            ],
            [
              2364.0,
              1934.0
            ],
            [
              2408.0,
              1934.0
            ],
            [
              2408.0,
              1890.0
            ],
            [
              2364.0,
              1890.0
            ]
          ]
        ]
      }
    },
    {
      "type": "Feature",
      "properties": {
        "id": "bldg_H_328",
        "layer": "buildings",
        "building_type": "H",
        "source_type": "design_model",
        "confidence": 0.7,
        "geometry_role": "design_layer",
        "footprint_sqm": 1936.0,
        "stories": 6,
        "height_m": 24
      },
      "geometry": {
        "type": "Polygon",
        "coordinates": [
          [
            [
              2364.0,
              1958.0
            ],
            [
              2364.0,
              2002.0
            ],
            [
              2408.0,
              2002.0
            ],
            [
              2408.0,
              1958.0
            ],
            [
              2364.0,
              1958.0
            ]
          ]
        ]
      }
    },
    {
      "type": "Feature",
      "properties": {
        "id": "bldg_H_329",
        "layer": "buildings",
        "building_type": "H",
        "source_type": "design_model",
        "confidence": 0.7,
        "geometry_role": "design_layer",
        "footprint_sqm": 1936.0,
        "stories": 6,
        "height_m": 24
      },
      "geometry": {
        "type": "Polygon",
        "coordinates": [
          [
            [
              2364.0,
              2026.0
            ],
            [
              2364.0,
              2070.0
            ],
            [
              2408.0,
              2070.0
            ],
            [
              2408.0,
              2026.0
            ],
            [
              2364.0,
              2026.0
            ]
          ]
        ]
      }
    },
    {
      "type": "Feature",
      "properties": {
        "id": "bldg_H_330",
        "layer": "buildings",
        "building_type": "H",
        "source_type": "design_model",
        "confidence": 0.7,
        "geometry_role": "design_layer",
        "footprint_sqm": 1936.0,
        "stories": 6,
        "height_m": 24
      },
      "geometry": {
        "type": "Polygon",
        "coordinates": [
          [
            [
              2364.0,
              2094.0
            ],
            [
              2364.0,
              2138.0
            ],
            [
              2408.0,
              2138.0
            ],
            [
              2408.0,
              2094.0
            ],
            [
              2364.0,
              2094.0
            ]
          ]
        ]
      }
    },
    {
      "type": "Feature",
      "properties": {
        "id": "bldg_H_331",
        "layer": "buildings",
        "building_type": "H",
        "source_type": "design_model",
        "confidence": 0.7,
        "geometry_role": "design_layer",
        "footprint_sqm": 1936.0,
        "stories": 6,
        "height_m": 24
      },
      "geometry": {
        "type": "Polygon",
        "coordinates": [
          [
            [
              2364.0,
              2162.0
            ],
            [
              2364.0,
              2206.0
            ],
            [
              2408.0,
              2206.0
            ],
            [
              2408.0,
              2162.0
            ],
            [
              2364.0,
              2162.0
            ]
          ]
        ]
      }
    },
    {
      "type": "Feature",
      "properties": {
        "id": "bldg_H_332",
        "layer": "buildings",
        "building_type": "H",
        "source_type": "design_model",
        "confidence": 0.7,
        "geometry_role": "design_layer",
        "footprint_sqm": 1936.0,
        "stories": 6,
        "height_m": 24
      },
      "geometry": {
        "type": "Polygon",
        "coordinates": [
          [
            [
              2364.0,
              2230.0
            ],
            [
              2364.0,
              2274.0
            ],
            [
              2408.0,
              2274.0
            ],
            [
              2408.0,
              2230.0
            ],
            [
              2364.0,
              2230.0
            ]
          ]
        ]
      }
    },
    {
      "type": "Feature",
      "properties": {
        "id": "bldg_H_333",
        "layer": "buildings",
        "building_type": "H",
        "source_type": "design_model",
        "confidence": 0.7,
        "geometry_role": "design_layer",
        "footprint_sqm": 1936.0,
        "stories": 6,
        "height_m": 24
      },
      "geometry": {
        "type": "Polygon",
        "coordinates": [
          [
            [
              2432.0,
              598.0
            ],
            [
              2432.0,
              642.0
            ],
            [
              2476.0,
              642.0
            ],
            [
              2476.0,
              598.0
            ],
            [
              2432.0,
              598.0
            ]
          ]
        ]
      }
    },
    {
      "type": "Feature",
      "properties": {
        "id": "bldg_H_334",
        "layer": "buildings",
        "building_type": "H",
        "source_type": "design_model",
        "confidence": 0.7,
        "geometry_role": "design_layer",
        "footprint_sqm": 1936.0,
        "stories": 6,
        "height_m": 24
      },
      "geometry": {
        "type": "Polygon",
        "coordinates": [
          [
            [
              2432.0,
              666.0
            ],
            [
              2432.0,
              710.0
            ],
            [
              2476.0,
              710.0
            ],
            [
              2476.0,
              666.0
            ],
            [
              2432.0,
              666.0
            ]
          ]
        ]
      }
    },
    {
      "type": "Feature",
      "properties": {
        "id": "bldg_H_335",
        "layer": "buildings",
        "building_type": "H",
        "source_type": "design_model",
        "confidence": 0.7,
        "geometry_role": "design_layer",
        "footprint_sqm": 1936.0,
        "stories": 6,
        "height_m": 24
      },
      "geometry": {
        "type": "Polygon",
        "coordinates": [
          [
            [
              2432.0,
              734.0
            ],
            [
              2432.0,
              778.0
            ],
            [
              2476.0,
              778.0
            ],
            [
              2476.0,
              734.0
            ],
            [
              2432.0,
              734.0
            ]
          ]
        ]
      }
    },
    {
      "type": "Feature",
      "properties": {
        "id": "bldg_H_336",
        "layer": "buildings",
        "building_type": "H",
        "source_type": "design_model",
        "confidence": 0.7,
        "geometry_role": "design_layer",
        "footprint_sqm": 1936.0,
        "stories": 6,
        "height_m": 24
      },
      "geometry": {
        "type": "Polygon",
        "coordinates": [
          [
            [
              2432.0,
              802.0
            ],
            [
              2432.0,
              846.0
            ],
            [
              2476.0,
              846.0
            ],
            [
              2476.0,
              802.0
            ],
            [
              2432.0,
              802.0
            ]
          ]
        ]
      }
    },
    {
      "type": "Feature",
      "properties": {
        "id": "bldg_H_337",
        "layer": "buildings",
        "building_type": "H",
        "source_type": "design_model",
        "confidence": 0.7,
        "geometry_role": "design_layer",
        "footprint_sqm": 1936.0,
        "stories": 6,
        "height_m": 24
      },
      "geometry": {
        "type": "Polygon",
        "coordinates": [
          [
            [
              2432.0,
              870.0
            ],
            [
              2432.0,
              914.0
            ],
            [
              2476.0,
              914.0
            ],
            [
              2476.0,
              870.0
            ],
            [
              2432.0,
              870.0
            ]
          ]
        ]
      }
    },
    {
      "type": "Feature",
      "properties": {
        "id": "bldg_H_338",
        "layer": "buildings",
        "building_type": "H",
        "source_type": "design_model",
        "confidence": 0.7,
        "geometry_role": "design_layer",
        "footprint_sqm": 1936.0,
        "stories": 6,
        "height_m": 24
      },
      "geometry": {
        "type": "Polygon",
        "coordinates": [
          [
            [
              2432.0,
              938.0
            ],
            [
              2432.0,
              982.0
            ],
            [
              2476.0,
              982.0
            ],
            [
              2476.0,
              938.0
            ],
            [
              2432.0,
              938.0
            ]
          ]
        ]
      }
    },
    {
      "type": "Feature",
      "properties": {
        "id": "bldg_H_339",
        "layer": "buildings",
        "building_type": "H",
        "source_type": "design_model",
        "confidence": 0.7,
        "geometry_role": "design_layer",
        "footprint_sqm": 1936.0,
        "stories": 6,
        "height_m": 24
      },
      "geometry": {
        "type": "Polygon",
        "coordinates": [
          [
            [
              2432.0,
              1006.0
            ],
            [
              2432.0,
              1050.0
            ],
            [
              2476.0,
              1050.0
            ],
            [
              2476.0,
              1006.0
            ],
            [
              2432.0,
              1006.0
            ]
          ]
        ]
      }
    },
    {
      "type": "Feature",
      "properties": {
        "id": "bldg_H_340",
        "layer": "buildings",
        "building_type": "H",
        "source_type": "design_model",
        "confidence": 0.7,
        "geometry_role": "design_layer",
        "footprint_sqm": 1936.0,
        "stories": 6,
        "height_m": 24
      },
      "geometry": {
        "type": "Polygon",
        "coordinates": [
          [
            [
              2432.0,
              1074.0
            ],
            [
              2432.0,
              1118.0
            ],
            [
              2476.0,
              1118.0
            ],
            [
              2476.0,
              1074.0
            ],
            [
              2432.0,
              1074.0
            ]
          ]
        ]
      }
    },
    {
      "type": "Feature",
      "properties": {
        "id": "bldg_H_341",
        "layer": "buildings",
        "building_type": "H",
        "source_type": "design_model",
        "confidence": 0.7,
        "geometry_role": "design_layer",
        "footprint_sqm": 1936.0,
        "stories": 6,
        "height_m": 24
      },
      "geometry": {
        "type": "Polygon",
        "coordinates": [
          [
            [
              2432.0,
              1142.0
            ],
            [
              2432.0,
              1186.0
            ],
            [
              2476.0,
              1186.0
            ],
            [
              2476.0,
              1142.0
            ],
            [
              2432.0,
              1142.0
            ]
          ]
        ]
      }
    },
    {
      "type": "Feature",
      "properties": {
        "id": "bldg_H_342",
        "layer": "buildings",
        "building_type": "H",
        "source_type": "design_model",
        "confidence": 0.7,
        "geometry_role": "design_layer",
        "footprint_sqm": 1936.0,
        "stories": 6,
        "height_m": 24
      },
      "geometry": {
        "type": "Polygon",
        "coordinates": [
          [
            [
              2432.0,
              1210.0
            ],
            [
              2432.0,
              1254.0
            ],
            [
              2476.0,
              1254.0
            ],
            [
              2476.0,
              1210.0
            ],
            [
              2432.0,
              1210.0
            ]
          ]
        ]
      }
    },
    {
      "type": "Feature",
      "properties": {
        "id": "bldg_H_343",
        "layer": "buildings",
        "building_type": "H",
        "source_type": "design_model",
        "confidence": 0.7,
        "geometry_role": "design_layer",
        "footprint_sqm": 1936.0,
        "stories": 6,
        "height_m": 24
      },
      "geometry": {
        "type": "Polygon",
        "coordinates": [
          [
            [
              2432.0,
              1278.0
            ],
            [
              2432.0,
              1322.0
            ],
            [
              2476.0,
              1322.0
            ],
            [
              2476.0,
              1278.0
            ],
            [
              2432.0,
              1278.0
            ]
          ]
        ]
      }
    },
    {
      "type": "Feature",
      "properties": {
        "id": "bldg_H_344",
        "layer": "buildings",
        "building_type": "H",
        "source_type": "design_model",
        "confidence": 0.7,
        "geometry_role": "design_layer",
        "footprint_sqm": 1936.0,
        "stories": 6,
        "height_m": 24
      },
      "geometry": {
        "type": "Polygon",
        "coordinates": [
          [
            [
              2432.0,
              1346.0
            ],
            [
              2432.0,
              1390.0
            ],
            [
              2476.0,
              1390.0
            ],
            [
              2476.0,
              1346.0
            ],
            [
              2432.0,
              1346.0
            ]
          ]
        ]
      }
    },
    {
      "type": "Feature",
      "properties": {
        "id": "bldg_H_345",
        "layer": "buildings",
        "building_type": "H",
        "source_type": "design_model",
        "confidence": 0.7,
        "geometry_role": "design_layer",
        "footprint_sqm": 1936.0,
        "stories": 6,
        "height_m": 24
      },
      "geometry": {
        "type": "Polygon",
        "coordinates": [
          [
            [
              2432.0,
              1414.0
            ],
            [
              2432.0,
              1458.0
            ],
            [
              2476.0,
              1458.0
            ],
            [
              2476.0,
              1414.0
            ],
            [
              2432.0,
              1414.0
            ]
          ]
        ]
      }
    },
    {
      "type": "Feature",
      "properties": {
        "id": "bldg_H_346",
        "layer": "buildings",
        "building_type": "H",
        "source_type": "design_model",
        "confidence": 0.7,
        "geometry_role": "design_layer",
        "footprint_sqm": 1936.0,
        "stories": 6,
        "height_m": 24
      },
      "geometry": {
        "type": "Polygon",
        "coordinates": [
          [
            [
              2432.0,
              1482.0
            ],
            [
              2432.0,
              1526.0
            ],
            [
              2476.0,
              1526.0
            ],
            [
              2476.0,
              1482.0
            ],
            [
              2432.0,
              1482.0
            ]
          ]
        ]
      }
    },
    {
      "type": "Feature",
      "properties": {
        "id": "bldg_H_347",
        "layer": "buildings",
        "building_type": "H",
        "source_type": "design_model",
        "confidence": 0.7,
        "geometry_role": "design_layer",
        "footprint_sqm": 1936.0,
        "stories": 6,
        "height_m": 24
      },
      "geometry": {
        "type": "Polygon",
        "coordinates": [
          [
            [
              2432.0,
              1550.0
            ],
            [
              2432.0,
              1594.0
            ],
            [
              2476.0,
              1594.0
            ],
            [
              2476.0,
              1550.0
            ],
            [
              2432.0,
              1550.0
            ]
          ]
        ]
      }
    },
    {
      "type": "Feature",
      "properties": {
        "id": "bldg_H_348",
        "layer": "buildings",
        "building_type": "H",
        "source_type": "design_model",
        "confidence": 0.7,
        "geometry_role": "design_layer",
        "footprint_sqm": 1936.0,
        "stories": 6,
        "height_m": 24
      },
      "geometry": {
        "type": "Polygon",
        "coordinates": [
          [
            [
              2432.0,
              1618.0
            ],
            [
              2432.0,
              1662.0
            ],
            [
              2476.0,
              1662.0
            ],
            [
              2476.0,
              1618.0
            ],
            [
              2432.0,
              1618.0
            ]
          ]
        ]
      }
    },
    {
      "type": "Feature",
      "properties": {
        "id": "bldg_H_349",
        "layer": "buildings",
        "building_type": "H",
        "source_type": "design_model",
        "confidence": 0.7,
        "geometry_role": "design_layer",
        "footprint_sqm": 1936.0,
        "stories": 6,
        "height_m": 24
      },
      "geometry": {
        "type": "Polygon",
        "coordinates": [
          [
            [
              2432.0,
              1686.0
            ],
            [
              2432.0,
              1730.0
            ],
            [
              2476.0,
              1730.0
            ],
            [
              2476.0,
              1686.0
            ],
            [
              2432.0,
              1686.0
            ]
          ]
        ]
      }
    },
    {
      "type": "Feature",
      "properties": {
        "id": "bldg_H_350",
        "layer": "buildings",
        "building_type": "H",
        "source_type": "design_model",
        "confidence": 0.7,
        "geometry_role": "design_layer",
        "footprint_sqm": 1936.0,
        "stories": 6,
        "height_m": 24
      },
      "geometry": {
        "type": "Polygon",
        "coordinates": [
          [
            [
              2432.0,
              1754.0
            ],
            [
              2432.0,
              1798.0
            ],
            [
              2476.0,
              1798.0
            ],
            [
              2476.0,
              1754.0
            ],
            [
              2432.0,
              1754.0
            ]
          ]
        ]
      }
    },
    {
      "type": "Feature",
      "properties": {
        "id": "bldg_H_351",
        "layer": "buildings",
        "building_type": "H",
        "source_type": "design_model",
        "confidence": 0.7,
        "geometry_role": "design_layer",
        "footprint_sqm": 1936.0,
        "stories": 6,
        "height_m": 24
      },
      "geometry": {
        "type": "Polygon",
        "coordinates": [
          [
            [
              2432.0,
              1822.0
            ],
            [
              2432.0,
              1866.0
            ],
            [
              2476.0,
              1866.0
            ],
            [
              2476.0,
              1822.0
            ],
            [
              2432.0,
              1822.0
            ]
          ]
        ]
      }
    },
    {
      "type": "Feature",
      "properties": {
        "id": "bldg_H_352",
        "layer": "buildings",
        "building_type": "H",
        "source_type": "design_model",
        "confidence": 0.7,
        "geometry_role": "design_layer",
        "footprint_sqm": 1936.0,
        "stories": 6,
        "height_m": 24
      },
      "geometry": {
        "type": "Polygon",
        "coordinates": [
          [
            [
              2432.0,
              1890.0
            ],
            [
              2432.0,
              1934.0
            ],
            [
              2476.0,
              1934.0
            ],
            [
              2476.0,
              1890.0
            ],
            [
              2432.0,
              1890.0
            ]
          ]
        ]
      }
    },
    {
      "type": "Feature",
      "properties": {
        "id": "bldg_H_353",
        "layer": "buildings",
        "building_type": "H",
        "source_type": "design_model",
        "confidence": 0.7,
        "geometry_role": "design_layer",
        "footprint_sqm": 1936.0,
        "stories": 6,
        "height_m": 24
      },
      "geometry": {
        "type": "Polygon",
        "coordinates": [
          [
            [
              2432.0,
              1958.0
            ],
            [
              2432.0,
              2002.0
            ],
            [
              2476.0,
              2002.0
            ],
            [
              2476.0,
              1958.0
            ],
            [
              2432.0,
              1958.0
            ]
          ]
        ]
      }
    },
    {
      "type": "Feature",
      "properties": {
        "id": "bldg_H_354",
        "layer": "buildings",
        "building_type": "H",
        "source_type": "design_model",
        "confidence": 0.7,
        "geometry_role": "design_layer",
        "footprint_sqm": 1936.0,
        "stories": 6,
        "height_m": 24
      },
      "geometry": {
        "type": "Polygon",
        "coordinates": [
          [
            [
              2432.0,
              2026.0
            ],
            [
              2432.0,
              2070.0
            ],
            [
              2476.0,
              2070.0
            ],
            [
              2476.0,
              2026.0
            ],
            [
              2432.0,
              2026.0
            ]
          ]
        ]
      }
    },
    {
      "type": "Feature",
      "properties": {
        "id": "bldg_H_355",
        "layer": "buildings",
        "building_type": "H",
        "source_type": "design_model",
        "confidence": 0.7,
        "geometry_role": "design_layer",
        "footprint_sqm": 1936.0,
        "stories": 6,
        "height_m": 24
      },
      "geometry": {
        "type": "Polygon",
        "coordinates": [
          [
            [
              2432.0,
              2094.0
            ],
            [
              2432.0,
              2138.0
            ],
            [
              2476.0,
              2138.0
            ],
            [
              2476.0,
              2094.0
            ],
            [
              2432.0,
              2094.0
            ]
          ]
        ]
      }
    },
    {
      "type": "Feature",
      "properties": {
        "id": "bldg_H_356",
        "layer": "buildings",
        "building_type": "H",
        "source_type": "design_model",
        "confidence": 0.7,
        "geometry_role": "design_layer",
        "footprint_sqm": 1936.0,
        "stories": 6,
        "height_m": 24
      },
      "geometry": {
        "type": "Polygon",
        "coordinates": [
          [
            [
              2432.0,
              2162.0
            ],
            [
              2432.0,
              2206.0
            ],
            [
              2476.0,
              2206.0
            ],
            [
              2476.0,
              2162.0
            ],
            [
              2432.0,
              2162.0
            ]
          ]
        ]
      }
    },
    {
      "type": "Feature",
      "properties": {
        "id": "bldg_H_357",
        "layer": "buildings",
        "building_type": "H",
        "source_type": "design_model",
        "confidence": 0.7,
        "geometry_role": "design_layer",
        "footprint_sqm": 1936.0,
        "stories": 6,
        "height_m": 24
      },
      "geometry": {
        "type": "Polygon",
        "coordinates": [
          [
            [
              2432.0,
              2230.0
            ],
            [
              2432.0,
              2274.0
            ],
            [
              2476.0,
              2274.0
            ],
            [
              2476.0,
              2230.0
            ],
            [
              2432.0,
              2230.0
            ]
          ]
        ]
      }
    },
    {
      "type": "Feature",
      "properties": {
        "id": "bldg_H_358",
        "layer": "buildings",
        "building_type": "H",
        "source_type": "design_model",
        "confidence": 0.7,
        "geometry_role": "design_layer",
        "footprint_sqm": 1936.0,
        "stories": 6,
        "height_m": 24
      },
      "geometry": {
        "type": "Polygon",
        "coordinates": [
          [
            [
              2500.0,
              598.0
            ],
            [
              2500.0,
              642.0
            ],
            [
              2544.0,
              642.0
            ],
            [
              2544.0,
              598.0
            ],
            [
              2500.0,
              598.0
            ]
          ]
        ]
      }
    },
    {
      "type": "Feature",
      "properties": {
        "id": "bldg_H_359",
        "layer": "buildings",
        "building_type": "H",
        "source_type": "design_model",
        "confidence": 0.7,
        "geometry_role": "design_layer",
        "footprint_sqm": 1936.0,
        "stories": 6,
        "height_m": 24
      },
      "geometry": {
        "type": "Polygon",
        "coordinates": [
          [
            [
              2500.0,
              666.0
            ],
            [
              2500.0,
              710.0
            ],
            [
              2544.0,
              710.0
            ],
            [
              2544.0,
              666.0
            ],
            [
              2500.0,
              666.0
            ]
          ]
        ]
      }
    },
    {
      "type": "Feature",
      "properties": {
        "id": "bldg_H_360",
        "layer": "buildings",
        "building_type": "H",
        "source_type": "design_model",
        "confidence": 0.7,
        "geometry_role": "design_layer",
        "footprint_sqm": 1936.0,
        "stories": 6,
        "height_m": 24
      },
      "geometry": {
        "type": "Polygon",
        "coordinates": [
          [
            [
              2500.0,
              734.0
            ],
            [
              2500.0,
              778.0
            ],
            [
              2544.0,
              778.0
            ],
            [
              2544.0,
              734.0
            ],
            [
              2500.0,
              734.0
            ]
          ]
        ]
      }
    },
    {
      "type": "Feature",
      "properties": {
        "id": "bldg_H_361",
        "layer": "buildings",
        "building_type": "H",
        "source_type": "design_model",
        "confidence": 0.7,
        "geometry_role": "design_layer",
        "footprint_sqm": 1936.0,
        "stories": 6,
        "height_m": 24
      },
      "geometry": {
        "type": "Polygon",
        "coordinates": [
          [
            [
              2500.0,
              802.0
            ],
            [
              2500.0,
              846.0
            ],
            [
              2544.0,
              846.0
            ],
            [
              2544.0,
              802.0
            ],
            [
              2500.0,
              802.0
            ]
          ]
        ]
      }
    },
    {
      "type": "Feature",
      "properties": {
        "id": "bldg_H_362",
        "layer": "buildings",
        "building_type": "H",
        "source_type": "design_model",
        "confidence": 0.7,
        "geometry_role": "design_layer",
        "footprint_sqm": 1936.0,
        "stories": 6,
        "height_m": 24
      },
      "geometry": {
        "type": "Polygon",
        "coordinates": [
          [
            [
              2500.0,
              870.0
            ],
            [
              2500.0,
              914.0
            ],
            [
              2544.0,
              914.0
            ],
            [
              2544.0,
              870.0
            ],
            [
              2500.0,
              870.0
            ]
          ]
        ]
      }
    },
    {
      "type": "Feature",
      "properties": {
        "id": "bldg_H_363",
        "layer": "buildings",
        "building_type": "H",
        "source_type": "design_model",
        "confidence": 0.7,
        "geometry_role": "design_layer",
        "footprint_sqm": 1936.0,
        "stories": 6,
        "height_m": 24
      },
      "geometry": {
        "type": "Polygon",
        "coordinates": [
          [
            [
              2500.0,
              938.0
            ],
            [
              2500.0,
              982.0
            ],
            [
              2544.0,
              982.0
            ],
            [
              2544.0,
              938.0
            ],
            [
              2500.0,
              938.0
            ]
          ]
        ]
      }
    },
    {
      "type": "Feature",
      "properties": {
        "id": "bldg_H_364",
        "layer": "buildings",
        "building_type": "H",
        "source_type": "design_model",
        "confidence": 0.7,
        "geometry_role": "design_layer",
        "footprint_sqm": 1936.0,
        "stories": 6,
        "height_m": 24
      },
      "geometry": {
        "type": "Polygon",
        "coordinates": [
          [
            [
              2500.0,
              1006.0
            ],
            [
              2500.0,
              1050.0
            ],
            [
              2544.0,
              1050.0
            ],
            [
              2544.0,
              1006.0
            ],
            [
              2500.0,
              1006.0
            ]
          ]
        ]
      }
    },
    {
      "type": "Feature",
      "properties": {
        "id": "bldg_H_365",
        "layer": "buildings",
        "building_type": "H",
        "source_type": "design_model",
        "confidence": 0.7,
        "geometry_role": "design_layer",
        "footprint_sqm": 1936.0,
        "stories": 6,
        "height_m": 24
      },
      "geometry": {
        "type": "Polygon",
        "coordinates": [
          [
            [
              2500.0,
              1074.0
            ],
            [
              2500.0,
              1118.0
            ],
            [
              2544.0,
              1118.0
            ],
            [
              2544.0,
              1074.0
            ],
            [
              2500.0,
              1074.0
            ]
          ]
        ]
      }
    },
    {
      "type": "Feature",
      "properties": {
        "id": "bldg_H_366",
        "layer": "buildings",
        "building_type": "H",
        "source_type": "design_model",
        "confidence": 0.7,
        "geometry_role": "design_layer",
        "footprint_sqm": 1936.0,
        "stories": 6,
        "height_m": 24
      },
      "geometry": {
        "type": "Polygon",
        "coordinates": [
          [
            [
              2500.0,
              1142.0
            ],
            [
              2500.0,
              1186.0
            ],
            [
              2544.0,
              1186.0
            ],
            [
              2544.0,
              1142.0
            ],
            [
              2500.0,
              1142.0
            ]
          ]
        ]
      }
    },
    {
      "type": "Feature",
      "properties": {
        "id": "bldg_H_367",
        "layer": "buildings",
        "building_type": "H",
        "source_type": "design_model",
        "confidence": 0.7,
        "geometry_role": "design_layer",
        "footprint_sqm": 1936.0,
        "stories": 6,
        "height_m": 24
      },
      "geometry": {
        "type": "Polygon",
        "coordinates": [
          [
            [
              2500.0,
              1210.0
            ],
            [
              2500.0,
              1254.0
            ],
            [
              2544.0,
              1254.0
            ],
            [
              2544.0,
              1210.0
            ],
            [
              2500.0,
              1210.0
            ]
          ]
        ]
      }
    },
    {
      "type": "Feature",
      "properties": {
        "id": "bldg_H_368",
        "layer": "buildings",
        "building_type": "H",
        "source_type": "design_model",
        "confidence": 0.7,
        "geometry_role": "design_layer",
        "footprint_sqm": 1936.0,
        "stories": 6,
        "height_m": 24
      },
      "geometry": {
        "type": "Polygon",
        "coordinates": [
          [
            [
              2500.0,
              1278.0
            ],
            [
              2500.0,
              1322.0
            ],
            [
              2544.0,
              1322.0
            ],
            [
              2544.0,
              1278.0
            ],
            [
              2500.0,
              1278.0
            ]
          ]
        ]
      }
    },
    {
      "type": "Feature",
      "properties": {
        "id": "bldg_H_369",
        "layer": "buildings",
        "building_type": "H",
        "source_type": "design_model",
        "confidence": 0.7,
        "geometry_role": "design_layer",
        "footprint_sqm": 1936.0,
        "stories": 6,
        "height_m": 24
      },
      "geometry": {
        "type": "Polygon",
        "coordinates": [
          [
            [
              2500.0,
              1346.0
            ],
            [
              2500.0,
              1390.0
            ],
            [
              2544.0,
              1390.0
            ],
            [
              2544.0,
              1346.0
            ],
            [
              2500.0,
              1346.0
            ]
          ]
        ]
      }
    },
    {
      "type": "Feature",
      "properties": {
        "id": "bldg_H_370",
        "layer": "buildings",
        "building_type": "H",
        "source_type": "design_model",
        "confidence": 0.7,
        "geometry_role": "design_layer",
        "footprint_sqm": 1936.0,
        "stories": 6,
        "height_m": 24
      },
      "geometry": {
        "type": "Polygon",
        "coordinates": [
          [
            [
              2500.0,
              1414.0
            ],
            [
              2500.0,
              1458.0
            ],
            [
              2544.0,
              1458.0
            ],
            [
              2544.0,
              1414.0
            ],
            [
              2500.0,
              1414.0
            ]
          ]
        ]
      }
    },
    {
      "type": "Feature",
      "properties": {
        "id": "bldg_H_371",
        "layer": "buildings",
        "building_type": "H",
        "source_type": "design_model",
        "confidence": 0.7,
        "geometry_role": "design_layer",
        "footprint_sqm": 1936.0,
        "stories": 6,
        "height_m": 24
      },
      "geometry": {
        "type": "Polygon",
        "coordinates": [
          [
            [
              2500.0,
              1482.0
            ],
            [
              2500.0,
              1526.0
            ],
            [
              2544.0,
              1526.0
            ],
            [
              2544.0,
              1482.0
            ],
            [
              2500.0,
              1482.0
            ]
          ]
        ]
      }
    },
    {
      "type": "Feature",
      "properties": {
        "id": "bldg_H_372",
        "layer": "buildings",
        "building_type": "H",
        "source_type": "design_model",
        "confidence": 0.7,
        "geometry_role": "design_layer",
        "footprint_sqm": 1936.0,
        "stories": 6,
        "height_m": 24
      },
      "geometry": {
        "type": "Polygon",
        "coordinates": [
          [
            [
              2500.0,
              1550.0
            ],
            [
              2500.0,
              1594.0
            ],
            [
              2544.0,
              1594.0
            ],
            [
              2544.0,
              1550.0
            ],
            [
              2500.0,
              1550.0
            ]
          ]
        ]
      }
    },
    {
      "type": "Feature",
      "properties": {
        "id": "bldg_H_373",
        "layer": "buildings",
        "building_type": "H",
        "source_type": "design_model",
        "confidence": 0.7,
        "geometry_role": "design_layer",
        "footprint_sqm": 1936.0,
        "stories": 6,
        "height_m": 24
      },
      "geometry": {
        "type": "Polygon",
        "coordinates": [
          [
            [
              2500.0,
              1618.0
            ],
            [
              2500.0,
              1662.0
            ],
            [
              2544.0,
              1662.0
            ],
            [
              2544.0,
              1618.0
            ],
            [
              2500.0,
              1618.0
            ]
          ]
        ]
      }
    },
    {
      "type": "Feature",
      "properties": {
        "id": "bldg_H_374",
        "layer": "buildings",
        "building_type": "H",
        "source_type": "design_model",
        "confidence": 0.7,
        "geometry_role": "design_layer",
        "footprint_sqm": 1936.0,
        "stories": 6,
        "height_m": 24
      },
      "geometry": {
        "type": "Polygon",
        "coordinates": [
          [
            [
              2500.0,
              1686.0
            ],
            [
              2500.0,
              1730.0
            ],
            [
              2544.0,
              1730.0
            ],
            [
              2544.0,
              1686.0
            ],
            [
              2500.0,
              1686.0
            ]
          ]
        ]
      }
    },
    {
      "type": "Feature",
      "properties": {
        "id": "bldg_H_375",
        "layer": "buildings",
        "building_type": "H",
        "source_type": "design_model",
        "confidence": 0.7,
        "geometry_role": "design_layer",
        "footprint_sqm": 1936.0,
        "stories": 6,
        "height_m": 24
      },
      "geometry": {
        "type": "Polygon",
        "coordinates": [
          [
            [
              2500.0,
              1754.0
            ],
            [
              2500.0,
              1798.0
            ],
            [
              2544.0,
              1798.0
            ],
            [
              2544.0,
              1754.0
            ],
            [
              2500.0,
              1754.0
            ]
          ]
        ]
      }
    },
    {
      "type": "Feature",
      "properties": {
        "id": "bldg_H_376",
        "layer": "buildings",
        "building_type": "H",
        "source_type": "design_model",
        "confidence": 0.7,
        "geometry_role": "design_layer",
        "footprint_sqm": 1936.0,
        "stories": 6,
        "height_m": 24
      },
      "geometry": {
        "type": "Polygon",
        "coordinates": [
          [
            [
              2500.0,
              1822.0
            ],
            [
              2500.0,
              1866.0
            ],
            [
              2544.0,
              1866.0
            ],
            [
              2544.0,
              1822.0
            ],
            [
              2500.0,
              1822.0
            ]
          ]
        ]
      }
    },
    {
      "type": "Feature",
      "properties": {
        "id": "bldg_H_377",
        "layer": "buildings",
        "building_type": "H",
        "source_type": "design_model",
        "confidence": 0.7,
        "geometry_role": "design_layer",
        "footprint_sqm": 1936.0,
        "stories": 6,
        "height_m": 24
      },
      "geometry": {
        "type": "Polygon",
        "coordinates": [
          [
            [
              2500.0,
              1890.0
            ],
            [
              2500.0,
              1934.0
            ],
            [
              2544.0,
              1934.0
            ],
            [
              2544.0,
              1890.0
            ],
            [
              2500.0,
              1890.0
            ]
          ]
        ]
      }
    },
    {
      "type": "Feature",
      "properties": {
        "id": "bldg_H_378",
        "layer": "buildings",
        "building_type": "H",
        "source_type": "design_model",
        "confidence": 0.7,
        "geometry_role": "design_layer",
        "footprint_sqm": 1936.0,
        "stories": 6,
        "height_m": 24
      },
      "geometry": {
        "type": "Polygon",
        "coordinates": [
          [
            [
              2500.0,
              1958.0
            ],
            [
              2500.0,
              2002.0
            ],
            [
              2544.0,
              2002.0
            ],
            [
              2544.0,
              1958.0
            ],
            [
              2500.0,
              1958.0
            ]
          ]
        ]
      }
    },
    {
      "type": "Feature",
      "properties": {
        "id": "bldg_H_379",
        "layer": "buildings",
        "building_type": "H",
        "source_type": "design_model",
        "confidence": 0.7,
        "geometry_role": "design_layer",
        "footprint_sqm": 1936.0,
        "stories": 6,
        "height_m": 24
      },
      "geometry": {
        "type": "Polygon",
        "coordinates": [
          [
            [
              2500.0,
              2026.0
            ],
            [
              2500.0,
              2070.0
            ],
            [
              2544.0,
              2070.0
            ],
            [
              2544.0,
              2026.0
            ],
            [
              2500.0,
              2026.0
            ]
          ]
        ]
      }
    },
    {
      "type": "Feature",
      "properties": {
        "id": "bldg_H_380",
        "layer": "buildings",
        "building_type": "H",
        "source_type": "design_model",
        "confidence": 0.7,
        "geometry_role": "design_layer",
        "footprint_sqm": 1936.0,
        "stories": 6,
        "height_m": 24
      },
      "geometry": {
        "type": "Polygon",
        "coordinates": [
          [
            [
              2500.0,
              2094.0
            ],
            [
              2500.0,
              2138.0
            ],
            [
              2544.0,
              2138.0
            ],
            [
              2544.0,
              2094.0
            ],
            [
              2500.0,
              2094.0
            ]
          ]
        ]
      }
    },
    {
      "type": "Feature",
      "properties": {
        "id": "bldg_H_381",
        "layer": "buildings",
        "building_type": "H",
        "source_type": "design_model",
        "confidence": 0.7,
        "geometry_role": "design_layer",
        "footprint_sqm": 1936.0,
        "stories": 6,
        "height_m": 24
      },
      "geometry": {
        "type": "Polygon",
        "coordinates": [
          [
            [
              2500.0,
              2162.0
            ],
            [
              2500.0,
              2206.0
            ],
            [
              2544.0,
              2206.0
            ],
            [
              2544.0,
              2162.0
            ],
            [
              2500.0,
              2162.0
            ]
          ]
        ]
      }
    },
    {
      "type": "Feature",
      "properties": {
        "id": "bldg_H_382",
        "layer": "buildings",
        "building_type": "H",
        "source_type": "design_model",
        "confidence": 0.7,
        "geometry_role": "design_layer",
        "footprint_sqm": 1936.0,
        "stories": 6,
        "height_m": 24
      },
      "geometry": {
        "type": "Polygon",
        "coordinates": [
          [
            [
              2500.0,
              2230.0
            ],
            [
              2500.0,
              2274.0
            ],
            [
              2544.0,
              2274.0
            ],
            [
              2544.0,
              2230.0
            ],
            [
              2500.0,
              2230.0
            ]
          ]
        ]
      }
    },
    {
      "type": "Feature",
      "properties": {
        "id": "bldg_H_383",
        "layer": "buildings",
        "building_type": "H",
        "source_type": "design_model",
        "confidence": 0.7,
        "geometry_role": "design_layer",
        "footprint_sqm": 1936.0,
        "stories": 6,
        "height_m": 24
      },
      "geometry": {
        "type": "Polygon",
        "coordinates": [
          [
            [
              2568.0,
              598.0
            ],
            [
              2568.0,
              642.0
            ],
            [
              2612.0,
              642.0
            ],
            [
              2612.0,
              598.0
            ],
            [
              2568.0,
              598.0
            ]
          ]
        ]
      }
    },
    {
      "type": "Feature",
      "properties": {
        "id": "bldg_H_384",
        "layer": "buildings",
        "building_type": "H",
        "source_type": "design_model",
        "confidence": 0.7,
        "geometry_role": "design_layer",
        "footprint_sqm": 1936.0,
        "stories": 6,
        "height_m": 24
      },
      "geometry": {
        "type": "Polygon",
        "coordinates": [
          [
            [
              2568.0,
              666.0
            ],
            [
              2568.0,
              710.0
            ],
            [
              2612.0,
              710.0
            ],
            [
              2612.0,
              666.0
            ],
            [
              2568.0,
              666.0
            ]
          ]
        ]
      }
    },
    {
      "type": "Feature",
      "properties": {
        "id": "bldg_H_385",
        "layer": "buildings",
        "building_type": "H",
        "source_type": "design_model",
        "confidence": 0.7,
        "geometry_role": "design_layer",
        "footprint_sqm": 1936.0,
        "stories": 6,
        "height_m": 24
      },
      "geometry": {
        "type": "Polygon",
        "coordinates": [
          [
            [
              2568.0,
              734.0
            ],
            [
              2568.0,
              778.0
            ],
            [
              2612.0,
              778.0
            ],
            [
              2612.0,
              734.0
            ],
            [
              2568.0,
              734.0
            ]
          ]
        ]
      }
    },
    {
      "type": "Feature",
      "properties": {
        "id": "bldg_H_386",
        "layer": "buildings",
        "building_type": "H",
        "source_type": "design_model",
        "confidence": 0.7,
        "geometry_role": "design_layer",
        "footprint_sqm": 1936.0,
        "stories": 6,
        "height_m": 24
      },
      "geometry": {
        "type": "Polygon",
        "coordinates": [
          [
            [
              2568.0,
              802.0
            ],
            [
              2568.0,
              846.0
            ],
            [
              2612.0,
              846.0
            ],
            [
              2612.0,
              802.0
            ],
            [
              2568.0,
              802.0
            ]
          ]
        ]
      }
    },
    {
      "type": "Feature",
      "properties": {
        "id": "bldg_H_387",
        "layer": "buildings",
        "building_type": "H",
        "source_type": "design_model",
        "confidence": 0.7,
        "geometry_role": "design_layer",
        "footprint_sqm": 1936.0,
        "stories": 6,
        "height_m": 24
      },
      "geometry": {
        "type": "Polygon",
        "coordinates": [
          [
            [
              2568.0,
              870.0
            ],
            [
              2568.0,
              914.0
            ],
            [
              2612.0,
              914.0
            ],
            [
              2612.0,
              870.0
            ],
            [
              2568.0,
              870.0
            ]
          ]
        ]
      }
    },
    {
      "type": "Feature",
      "properties": {
        "id": "bldg_H_388",
        "layer": "buildings",
        "building_type": "H",
        "source_type": "design_model",
        "confidence": 0.7,
        "geometry_role": "design_layer",
        "footprint_sqm": 1936.0,
        "stories": 6,
        "height_m": 24
      },
      "geometry": {
        "type": "Polygon",
        "coordinates": [
          [
            [
              2568.0,
              938.0
            ],
            [
              2568.0,
              982.0
            ],
            [
              2612.0,
              982.0
            ],
            [
              2612.0,
              938.0
            ],
            [
              2568.0,
              938.0
            ]
          ]
        ]
      }
    },
    {
      "type": "Feature",
      "properties": {
        "id": "bldg_H_389",
        "layer": "buildings",
        "building_type": "H",
        "source_type": "design_model",
        "confidence": 0.7,
        "geometry_role": "design_layer",
        "footprint_sqm": 1936.0,
        "stories": 6,
        "height_m": 24
      },
      "geometry": {
        "type": "Polygon",
        "coordinates": [
          [
            [
              2568.0,
              1006.0
            ],
            [
              2568.0,
              1050.0
            ],
            [
              2612.0,
              1050.0
            ],
            [
              2612.0,
              1006.0
            ],
            [
              2568.0,
              1006.0
            ]
          ]
        ]
      }
    },
    {
      "type": "Feature",
      "properties": {
        "id": "bldg_H_390",
        "layer": "buildings",
        "building_type": "H",
        "source_type": "design_model",
        "confidence": 0.7,
        "geometry_role": "design_layer",
        "footprint_sqm": 1936.0,
        "stories": 6,
        "height_m": 24
      },
      "geometry": {
        "type": "Polygon",
        "coordinates": [
          [
            [
              2568.0,
              1074.0
            ],
            [
              2568.0,
              1118.0
            ],
            [
              2612.0,
              1118.0
            ],
            [
              2612.0,
              1074.0
            ],
            [
              2568.0,
              1074.0
            ]
          ]
        ]
      }
    },
    {
      "type": "Feature",
      "properties": {
        "id": "bldg_H_391",
        "layer": "buildings",
        "building_type": "H",
        "source_type": "design_model",
        "confidence": 0.7,
        "geometry_role": "design_layer",
        "footprint_sqm": 1936.0,
        "stories": 6,
        "height_m": 24
      },
      "geometry": {
        "type": "Polygon",
        "coordinates": [
          [
            [
              2568.0,
              1142.0
            ],
            [
              2568.0,
              1186.0
            ],
            [
              2612.0,
              1186.0
            ],
            [
              2612.0,
              1142.0
            ],
            [
              2568.0,
              1142.0
            ]
          ]
        ]
      }
    },
    {
      "type": "Feature",
      "properties": {
        "id": "bldg_H_392",
        "layer": "buildings",
        "building_type": "H",
        "source_type": "design_model",
        "confidence": 0.7,
        "geometry_role": "design_layer",
        "footprint_sqm": 1936.0,
        "stories": 6,
        "height_m": 24
      },
      "geometry": {
        "type": "Polygon",
        "coordinates": [
          [
            [
              2568.0,
              1210.0
            ],
            [
              2568.0,
              1254.0
            ],
            [
              2612.0,
              1254.0
            ],
            [
              2612.0,
              1210.0
            ],
            [
              2568.0,
              1210.0
            ]
          ]
        ]
      }
    },
    {
      "type": "Feature",
      "properties": {
        "id": "bldg_H_393",
        "layer": "buildings",
        "building_type": "H",
        "source_type": "design_model",
        "confidence": 0.7,
        "geometry_role": "design_layer",
        "footprint_sqm": 1936.0,
        "stories": 6,
        "height_m": 24
      },
      "geometry": {
        "type": "Polygon",
        "coordinates": [
          [
            [
              2568.0,
              1278.0
            ],
            [
              2568.0,
              1322.0
            ],
            [
              2612.0,
              1322.0
            ],
            [
              2612.0,
              1278.0
            ],
            [
              2568.0,
              1278.0
            ]
          ]
        ]
      }
    },
    {
      "type": "Feature",
      "properties": {
        "id": "bldg_H_394",
        "layer": "buildings",
        "building_type": "H",
        "source_type": "design_model",
        "confidence": 0.7,
        "geometry_role": "design_layer",
        "footprint_sqm": 1936.0,
        "stories": 6,
        "height_m": 24
      },
      "geometry": {
        "type": "Polygon",
        "coordinates": [
          [
            [
              2568.0,
              1346.0
            ],
            [
              2568.0,
              1390.0
            ],
            [
              2612.0,
              1390.0
            ],
            [
              2612.0,
              1346.0
            ],
            [
              2568.0,
              1346.0
            ]
          ]
        ]
      }
    },
    {
      "type": "Feature",
      "properties": {
        "id": "bldg_H_395",
        "layer": "buildings",
        "building_type": "H",
        "source_type": "design_model",
        "confidence": 0.7,
        "geometry_role": "design_layer",
        "footprint_sqm": 1936.0,
        "stories": 6,
        "height_m": 24
      },
      "geometry": {
        "type": "Polygon",
        "coordinates": [
          [
            [
              2568.0,
              1414.0
            ],
            [
              2568.0,
              1458.0
            ],
            [
              2612.0,
              1458.0
            ],
            [
              2612.0,
              1414.0
            ],
            [
              2568.0,
              1414.0
            ]
          ]
        ]
      }
    },
    {
      "type": "Feature",
      "properties": {
        "id": "bldg_H_396",
        "layer": "buildings",
        "building_type": "H",
        "source_type": "design_model",
        "confidence": 0.7,
        "geometry_role": "design_layer",
        "footprint_sqm": 1936.0,
        "stories": 6,
        "height_m": 24
      },
      "geometry": {
        "type": "Polygon",
        "coordinates": [
          [
            [
              2568.0,
              1482.0
            ],
            [
              2568.0,
              1526.0
            ],
            [
              2612.0,
              1526.0
            ],
            [
              2612.0,
              1482.0
            ],
            [
              2568.0,
              1482.0
            ]
          ]
        ]
      }
    },
    {
      "type": "Feature",
      "properties": {
        "id": "bldg_H_397",
        "layer": "buildings",
        "building_type": "H",
        "source_type": "design_model",
        "confidence": 0.7,
        "geometry_role": "design_layer",
        "footprint_sqm": 1936.0,
        "stories": 6,
        "height_m": 24
      },
      "geometry": {
        "type": "Polygon",
        "coordinates": [
          [
            [
              2568.0,
              1550.0
            ],
            [
              2568.0,
              1594.0
            ],
            [
              2612.0,
              1594.0
            ],
            [
              2612.0,
              1550.0
            ],
            [
              2568.0,
              1550.0
            ]
          ]
        ]
      }
    },
    {
      "type": "Feature",
      "properties": {
        "id": "bldg_H_398",
        "layer": "buildings",
        "building_type": "H",
        "source_type": "design_model",
        "confidence": 0.7,
        "geometry_role": "design_layer",
        "footprint_sqm": 1936.0,
        "stories": 6,
        "height_m": 24
      },
      "geometry": {
        "type": "Polygon",
        "coordinates": [
          [
            [
              2568.0,
              1618.0
            ],
            [
              2568.0,
              1662.0
            ],
            [
              2612.0,
              1662.0
            ],
            [
              2612.0,
              1618.0
            ],
            [
              2568.0,
              1618.0
            ]
          ]
        ]
      }
    },
    {
      "type": "Feature",
      "properties": {
        "id": "bldg_H_399",
        "layer": "buildings",
        "building_type": "H",
        "source_type": "design_model",
        "confidence": 0.7,
        "geometry_role": "design_layer",
        "footprint_sqm": 1936.0,
        "stories": 6,
        "height_m": 24
      },
      "geometry": {
        "type": "Polygon",
        "coordinates": [
          [
            [
              2568.0,
              1686.0
            ],
            [
              2568.0,
              1730.0
            ],
            [
              2612.0,
              1730.0
            ],
            [
              2612.0,
              1686.0
            ],
            [
              2568.0,
              1686.0
            ]
          ]
        ]
      }
    },
    {
      "type": "Feature",
      "properties": {
        "id": "bldg_H_400",
        "layer": "buildings",
        "building_type": "H",
        "source_type": "design_model",
        "confidence": 0.7,
        "geometry_role": "design_layer",
        "footprint_sqm": 1936.0,
        "stories": 6,
        "height_m": 24
      },
      "geometry": {
        "type": "Polygon",
        "coordinates": [
          [
            [
              2568.0,
              1754.0
            ],
            [
              2568.0,
              1798.0
            ],
            [
              2612.0,
              1798.0
            ],
            [
              2612.0,
              1754.0
            ],
            [
              2568.0,
              1754.0
            ]
          ]
        ]
      }
    },
    {
      "type": "Feature",
      "properties": {
        "id": "bldg_H_401",
        "layer": "buildings",
        "building_type": "H",
        "source_type": "design_model",
        "confidence": 0.7,
        "geometry_role": "design_layer",
        "footprint_sqm": 1936.0,
        "stories": 6,
        "height_m": 24
      },
      "geometry": {
        "type": "Polygon",
        "coordinates": [
          [
            [
              2568.0,
              1822.0
            ],
            [
              2568.0,
              1866.0
            ],
            [
              2612.0,
              1866.0
            ],
            [
              2612.0,
              1822.0
            ],
            [
              2568.0,
              1822.0
            ]
          ]
        ]
      }
    },
    {
      "type": "Feature",
      "properties": {
        "id": "bldg_H_402",
        "layer": "buildings",
        "building_type": "H",
        "source_type": "design_model",
        "confidence": 0.7,
        "geometry_role": "design_layer",
        "footprint_sqm": 1936.0,
        "stories": 6,
        "height_m": 24
      },
      "geometry": {
        "type": "Polygon",
        "coordinates": [
          [
            [
              2568.0,
              1890.0
            ],
            [
              2568.0,
              1934.0
            ],
            [
              2612.0,
              1934.0
            ],
            [
              2612.0,
              1890.0
            ],
            [
              2568.0,
              1890.0
            ]
          ]
        ]
      }
    },
    {
      "type": "Feature",
      "properties": {
        "id": "bldg_H_403",
        "layer": "buildings",
        "building_type": "H",
        "source_type": "design_model",
        "confidence": 0.7,
        "geometry_role": "design_layer",
        "footprint_sqm": 1936.0,
        "stories": 6,
        "height_m": 24
      },
      "geometry": {
        "type": "Polygon",
        "coordinates": [
          [
            [
              2568.0,
              1958.0
            ],
            [
              2568.0,
              2002.0
            ],
            [
              2612.0,
              2002.0
            ],
            [
              2612.0,
              1958.0
            ],
            [
              2568.0,
              1958.0
            ]
          ]
        ]
      }
    },
    {
      "type": "Feature",
      "properties": {
        "id": "bldg_H_404",
        "layer": "buildings",
        "building_type": "H",
        "source_type": "design_model",
        "confidence": 0.7,
        "geometry_role": "design_layer",
        "footprint_sqm": 1936.0,
        "stories": 6,
        "height_m": 24
      },
      "geometry": {
        "type": "Polygon",
        "coordinates": [
          [
            [
              2568.0,
              2026.0
            ],
            [
              2568.0,
              2070.0
            ],
            [
              2612.0,
              2070.0
            ],
            [
              2612.0,
              2026.0
            ],
            [
              2568.0,
              2026.0
            ]
          ]
        ]
      }
    },
    {
      "type": "Feature",
      "properties": {
        "id": "bldg_H_405",
        "layer": "buildings",
        "building_type": "H",
        "source_type": "design_model",
        "confidence": 0.7,
        "geometry_role": "design_layer",
        "footprint_sqm": 1936.0,
        "stories": 6,
        "height_m": 24
      },
      "geometry": {
        "type": "Polygon",
        "coordinates": [
          [
            [
              2568.0,
              2094.0
            ],
            [
              2568.0,
              2138.0
            ],
            [
              2612.0,
              2138.0
            ],
            [
              2612.0,
              2094.0
            ],
            [
              2568.0,
              2094.0
            ]
          ]
        ]
      }
    },
    {
      "type": "Feature",
      "properties": {
        "id": "bldg_H_406",
        "layer": "buildings",
        "building_type": "H",
        "source_type": "design_model",
        "confidence": 0.7,
        "geometry_role": "design_layer",
        "footprint_sqm": 1936.0,
        "stories": 6,
        "height_m": 24
      },
      "geometry": {
        "type": "Polygon",
        "coordinates": [
          [
            [
              2568.0,
              2162.0
            ],
            [
              2568.0,
              2206.0
            ],
            [
              2612.0,
              2206.0
            ],
            [
              2612.0,
              2162.0
            ],
            [
              2568.0,
              2162.0
            ]
          ]
        ]
      }
    },
    {
      "type": "Feature",
      "properties": {
        "id": "bldg_H_407",
        "layer": "buildings",
        "building_type": "H",
        "source_type": "design_model",
        "confidence": 0.7,
        "geometry_role": "design_layer",
        "footprint_sqm": 1936.0,
        "stories": 6,
        "height_m": 24
      },
      "geometry": {
        "type": "Polygon",
        "coordinates": [
          [
            [
              2568.0,
              2230.0
            ],
            [
              2568.0,
              2274.0
            ],
            [
              2612.0,
              2274.0
            ],
            [
              2612.0,
              2230.0
            ],
            [
              2568.0,
              2230.0
            ]
          ]
        ]
      }
    },
    {
      "type": "Feature",
      "properties": {
        "id": "bldg_C_000",
        "layer": "buildings",
        "building_type": "C",
        "source_type": "design_model",
        "confidence": 0.7,
        "geometry_role": "design_layer",
        "footprint_sqm": 4761.0,
        "stories": 12,
        "height_m": 48
      },
      "geometry": {
        "type": "Polygon",
        "coordinates": [
          [
            [
              2958.0,
              778.0
            ],
            [
              2958.0,
              847.0
            ],
            [
              3027.0,
              847.0
            ],
            [
              3027.0,
              778.0
            ],
            [
              2958.0,
              778.0
            ]
          ]
        ]
      }
    },
    {
      "type": "Feature",
      "properties": {
        "id": "bldg_C_001",
        "layer": "buildings",
        "building_type": "C",
        "source_type": "design_model",
        "confidence": 0.7,
        "geometry_role": "design_layer",
        "footprint_sqm": 4761.0,
        "stories": 12,
        "height_m": 48
      },
      "geometry": {
        "type": "Polygon",
        "coordinates": [
          [
            [
              2958.0,
              871.0
            ],
            [
              2958.0,
              940.0
            ],
            [
              3027.0,
              940.0
            ],
            [
              3027.0,
              871.0
            ],
            [
              2958.0,
              871.0
            ]
          ]
        ]
      }
    },
    {
      "type": "Feature",
      "properties": {
        "id": "bldg_C_002",
        "layer": "buildings",
        "building_type": "C",
        "source_type": "design_model",
        "confidence": 0.7,
        "geometry_role": "design_layer",
        "footprint_sqm": 4761.0,
        "stories": 12,
        "height_m": 48
      },
      "geometry": {
        "type": "Polygon",
        "coordinates": [
          [
            [
              2958.0,
              964.0
            ],
            [
              2958.0,
              1033.0
            ],
            [
              3027.0,
              1033.0
            ],
            [
              3027.0,
              964.0
            ],
            [
              2958.0,
              964.0
            ]
          ]
        ]
      }
    },
    {
      "type": "Feature",
      "properties": {
        "id": "bldg_C_003",
        "layer": "buildings",
        "building_type": "C",
        "source_type": "design_model",
        "confidence": 0.7,
        "geometry_role": "design_layer",
        "footprint_sqm": 4761.0,
        "stories": 12,
        "height_m": 48
      },
      "geometry": {
        "type": "Polygon",
        "coordinates": [
          [
            [
              2958.0,
              1057.0
            ],
            [
              2958.0,
              1126.0
            ],
            [
              3027.0,
              1126.0
            ],
            [
              3027.0,
              1057.0
            ],
            [
              2958.0,
              1057.0
            ]
          ]
        ]
      }
    },
    {
      "type": "Feature",
      "properties": {
        "id": "bldg_C_004",
        "layer": "buildings",
        "building_type": "C",
        "source_type": "design_model",
        "confidence": 0.7,
        "geometry_role": "design_layer",
        "footprint_sqm": 4761.0,
        "stories": 12,
        "height_m": 48
      },
      "geometry": {
        "type": "Polygon",
        "coordinates": [
          [
            [
              2958.0,
              1150.0
            ],
            [
              2958.0,
              1219.0
            ],
            [
              3027.0,
              1219.0
            ],
            [
              3027.0,
              1150.0
            ],
            [
              2958.0,
              1150.0
            ]
          ]
        ]
      }
    },
    {
      "type": "Feature",
      "properties": {
        "id": "bldg_C_005",
        "layer": "buildings",
        "building_type": "C",
        "source_type": "design_model",
        "confidence": 0.7,
        "geometry_role": "design_layer",
        "footprint_sqm": 4761.0,
        "stories": 12,
        "height_m": 48
      },
      "geometry": {
        "type": "Polygon",
        "coordinates": [
          [
            [
              2958.0,
              1243.0
            ],
            [
              2958.0,
              1312.0
            ],
            [
              3027.0,
              1312.0
            ],
            [
              3027.0,
              1243.0
            ],
            [
              2958.0,
              1243.0
            ]
          ]
        ]
      }
    },
    {
      "type": "Feature",
      "properties": {
        "id": "bldg_C_006",
        "layer": "buildings",
        "building_type": "C",
        "source_type": "design_model",
        "confidence": 0.7,
        "geometry_role": "design_layer",
        "footprint_sqm": 4761.0,
        "stories": 12,
        "height_m": 48
      },
      "geometry": {
        "type": "Polygon",
        "coordinates": [
          [
            [
              2958.0,
              1336.0
            ],
            [
              2958.0,
              1405.0
            ],
            [
              3027.0,
              1405.0
            ],
            [
              3027.0,
              1336.0
            ],
            [
              2958.0,
              1336.0
            ]
          ]
        ]
      }
    },
    {
      "type": "Feature",
      "properties": {
        "id": "bldg_C_007",
        "layer": "buildings",
        "building_type": "C",
        "source_type": "design_model",
        "confidence": 0.7,
        "geometry_role": "design_layer",
        "footprint_sqm": 4761.0,
        "stories": 12,
        "height_m": 48
      },
      "geometry": {
        "type": "Polygon",
        "coordinates": [
          [
            [
              2958.0,
              1429.0
            ],
            [
              2958.0,
              1498.0
            ],
            [
              3027.0,
              1498.0
            ],
            [
              3027.0,
              1429.0
            ],
            [
              2958.0,
              1429.0
            ]
          ]
        ]
      }
    },
    {
      "type": "Feature",
      "properties": {
        "id": "bldg_C_008",
        "layer": "buildings",
        "building_type": "C",
        "source_type": "design_model",
        "confidence": 0.7,
        "geometry_role": "design_layer",
        "footprint_sqm": 4761.0,
        "stories": 12,
        "height_m": 48
      },
      "geometry": {
        "type": "Polygon",
        "coordinates": [
          [
            [
              2958.0,
              1522.0
            ],
            [
              2958.0,
              1591.0
            ],
            [
              3027.0,
              1591.0
            ],
            [
              3027.0,
              1522.0
            ],
            [
              2958.0,
              1522.0
            ]
          ]
        ]
      }
    },
    {
      "type": "Feature",
      "properties": {
        "id": "bldg_C_009",
        "layer": "buildings",
        "building_type": "C",
        "source_type": "design_model",
        "confidence": 0.7,
        "geometry_role": "design_layer",
        "footprint_sqm": 4761.0,
        "stories": 12,
        "height_m": 48
      },
      "geometry": {
        "type": "Polygon",
        "coordinates": [
          [
            [
              2958.0,
              1615.0
            ],
            [
              2958.0,
              1684.0
            ],
            [
              3027.0,
              1684.0
            ],
            [
              3027.0,
              1615.0
            ],
            [
              2958.0,
              1615.0
            ]
          ]
        ]
      }
    },
    {
      "type": "Feature",
      "properties": {
        "id": "bldg_C_010",
        "layer": "buildings",
        "building_type": "C",
        "source_type": "design_model",
        "confidence": 0.7,
        "geometry_role": "design_layer",
        "footprint_sqm": 4761.0,
        "stories": 12,
        "height_m": 48
      },
      "geometry": {
        "type": "Polygon",
        "coordinates": [
          [
            [
              2958.0,
              1708.0
            ],
            [
              2958.0,
              1777.0
            ],
            [
              3027.0,
              1777.0
            ],
            [
              3027.0,
              1708.0
            ],
            [
              2958.0,
              1708.0
            ]
          ]
        ]
      }
    },
    {
      "type": "Feature",
      "properties": {
        "id": "bldg_C_011",
        "layer": "buildings",
        "building_type": "C",
        "source_type": "design_model",
        "confidence": 0.7,
        "geometry_role": "design_layer",
        "footprint_sqm": 4761.0,
        "stories": 12,
        "height_m": 48
      },
      "geometry": {
        "type": "Polygon",
        "coordinates": [
          [
            [
              2958.0,
              1801.0
            ],
            [
              2958.0,
              1870.0
            ],
            [
              3027.0,
              1870.0
            ],
            [
              3027.0,
              1801.0
            ],
            [
              2958.0,
              1801.0
            ]
          ]
        ]
      }
    },
    {
      "type": "Feature",
      "properties": {
        "id": "bldg_C_012",
        "layer": "buildings",
        "building_type": "C",
        "source_type": "design_model",
        "confidence": 0.7,
        "geometry_role": "design_layer",
        "footprint_sqm": 4761.0,
        "stories": 12,
        "height_m": 48
      },
      "geometry": {
        "type": "Polygon",
        "coordinates": [
          [
            [
              2958.0,
              1894.0
            ],
            [
              2958.0,
              1963.0
            ],
            [
              3027.0,
              1963.0
            ],
            [
              3027.0,
              1894.0
            ],
            [
              2958.0,
              1894.0
            ]
          ]
        ]
      }
    },
    {
      "type": "Feature",
      "properties": {
        "id": "bldg_C_013",
        "layer": "buildings",
        "building_type": "C",
        "source_type": "design_model",
        "confidence": 0.7,
        "geometry_role": "design_layer",
        "footprint_sqm": 4761.0,
        "stories": 12,
        "height_m": 48
      },
      "geometry": {
        "type": "Polygon",
        "coordinates": [
          [
            [
              2958.0,
              1987.0
            ],
            [
              2958.0,
              2056.0
            ],
            [
              3027.0,
              2056.0
            ],
            [
              3027.0,
              1987.0
            ],
            [
              2958.0,
              1987.0
            ]
          ]
        ]
      }
    },
    {
      "type": "Feature",
      "properties": {
        "id": "bldg_C_014",
        "layer": "buildings",
        "building_type": "C",
        "source_type": "design_model",
        "confidence": 0.7,
        "geometry_role": "design_layer",
        "footprint_sqm": 4761.0,
        "stories": 12,
        "height_m": 48
      },
      "geometry": {
        "type": "Polygon",
        "coordinates": [
          [
            [
              2958.0,
              2080.0
            ],
            [
              2958.0,
              2149.0
            ],
            [
              3027.0,
              2149.0
            ],
            [
              3027.0,
              2080.0
            ],
            [
              2958.0,
              2080.0
            ]
          ]
        ]
      }
    },
    {
      "type": "Feature",
      "properties": {
        "id": "bldg_C_015",
        "layer": "buildings",
        "building_type": "C",
        "source_type": "design_model",
        "confidence": 0.7,
        "geometry_role": "design_layer",
        "footprint_sqm": 4761.0,
        "stories": 12,
        "height_m": 48
      },
      "geometry": {
        "type": "Polygon",
        "coordinates": [
          [
            [
              2958.0,
              2173.0
            ],
            [
              2958.0,
              2242.0
            ],
            [
              3027.0,
              2242.0
            ],
            [
              3027.0,
              2173.0
            ],
            [
              2958.0,
              2173.0
            ]
          ]
        ]
      }
    },
    {
      "type": "Feature",
      "properties": {
        "id": "bldg_C_016",
        "layer": "buildings",
        "building_type": "C",
        "source_type": "design_model",
        "confidence": 0.7,
        "geometry_role": "design_layer",
        "footprint_sqm": 4761.0,
        "stories": 12,
        "height_m": 48
      },
      "geometry": {
        "type": "Polygon",
        "coordinates": [
          [
            [
              3051.0,
              778.0
            ],
            [
              3051.0,
              847.0
            ],
            [
              3120.0,
              847.0
            ],
            [
              3120.0,
              778.0
            ],
            [
              3051.0,
              778.0
            ]
          ]
        ]
      }
    },
    {
      "type": "Feature",
      "properties": {
        "id": "bldg_C_017",
        "layer": "buildings",
        "building_type": "C",
        "source_type": "design_model",
        "confidence": 0.7,
        "geometry_role": "design_layer",
        "footprint_sqm": 4761.0,
        "stories": 12,
        "height_m": 48
      },
      "geometry": {
        "type": "Polygon",
        "coordinates": [
          [
            [
              3051.0,
              871.0
            ],
            [
              3051.0,
              940.0
            ],
            [
              3120.0,
              940.0
            ],
            [
              3120.0,
              871.0
            ],
            [
              3051.0,
              871.0
            ]
          ]
        ]
      }
    },
    {
      "type": "Feature",
      "properties": {
        "id": "bldg_C_018",
        "layer": "buildings",
        "building_type": "C",
        "source_type": "design_model",
        "confidence": 0.7,
        "geometry_role": "design_layer",
        "footprint_sqm": 4761.0,
        "stories": 12,
        "height_m": 48
      },
      "geometry": {
        "type": "Polygon",
        "coordinates": [
          [
            [
              3051.0,
              964.0
            ],
            [
              3051.0,
              1033.0
            ],
            [
              3120.0,
              1033.0
            ],
            [
              3120.0,
              964.0
            ],
            [
              3051.0,
              964.0
            ]
          ]
        ]
      }
    },
    {
      "type": "Feature",
      "properties": {
        "id": "bldg_C_019",
        "layer": "buildings",
        "building_type": "C",
        "source_type": "design_model",
        "confidence": 0.7,
        "geometry_role": "design_layer",
        "footprint_sqm": 4761.0,
        "stories": 12,
        "height_m": 48
      },
      "geometry": {
        "type": "Polygon",
        "coordinates": [
          [
            [
              3051.0,
              1057.0
            ],
            [
              3051.0,
              1126.0
            ],
            [
              3120.0,
              1126.0
            ],
            [
              3120.0,
              1057.0
            ],
            [
              3051.0,
              1057.0
            ]
          ]
        ]
      }
    },
    {
      "type": "Feature",
      "properties": {
        "id": "bldg_C_020",
        "layer": "buildings",
        "building_type": "C",
        "source_type": "design_model",
        "confidence": 0.7,
        "geometry_role": "design_layer",
        "footprint_sqm": 4761.0,
        "stories": 12,
        "height_m": 48
      },
      "geometry": {
        "type": "Polygon",
        "coordinates": [
          [
            [
              3051.0,
              1150.0
            ],
            [
              3051.0,
              1219.0
            ],
            [
              3120.0,
              1219.0
            ],
            [
              3120.0,
              1150.0
            ],
            [
              3051.0,
              1150.0
            ]
          ]
        ]
      }
    },
    {
      "type": "Feature",
      "properties": {
        "id": "bldg_C_021",
        "layer": "buildings",
        "building_type": "C",
        "source_type": "design_model",
        "confidence": 0.7,
        "geometry_role": "design_layer",
        "footprint_sqm": 4761.0,
        "stories": 12,
        "height_m": 48
      },
      "geometry": {
        "type": "Polygon",
        "coordinates": [
          [
            [
              3051.0,
              1243.0
            ],
            [
              3051.0,
              1312.0
            ],
            [
              3120.0,
              1312.0
            ],
            [
              3120.0,
              1243.0
            ],
            [
              3051.0,
              1243.0
            ]
          ]
        ]
      }
    },
    {
      "type": "Feature",
      "properties": {
        "id": "bldg_C_022",
        "layer": "buildings",
        "building_type": "C",
        "source_type": "design_model",
        "confidence": 0.7,
        "geometry_role": "design_layer",
        "footprint_sqm": 4761.0,
        "stories": 12,
        "height_m": 48
      },
      "geometry": {
        "type": "Polygon",
        "coordinates": [
          [
            [
              3051.0,
              1336.0
            ],
            [
              3051.0,
              1405.0
            ],
            [
              3120.0,
              1405.0
            ],
            [
              3120.0,
              1336.0
            ],
            [
              3051.0,
              1336.0
            ]
          ]
        ]
      }
    },
    {
      "type": "Feature",
      "properties": {
        "id": "bldg_C_023",
        "layer": "buildings",
        "building_type": "C",
        "source_type": "design_model",
        "confidence": 0.7,
        "geometry_role": "design_layer",
        "footprint_sqm": 4761.0,
        "stories": 12,
        "height_m": 48
      },
      "geometry": {
        "type": "Polygon",
        "coordinates": [
          [
            [
              3051.0,
              1429.0
            ],
            [
              3051.0,
              1498.0
            ],
            [
              3120.0,
              1498.0
            ],
            [
              3120.0,
              1429.0
            ],
            [
              3051.0,
              1429.0
            ]
          ]
        ]
      }
    },
    {
      "type": "Feature",
      "properties": {
        "id": "bldg_C_024",
        "layer": "buildings",
        "building_type": "C",
        "source_type": "design_model",
        "confidence": 0.7,
        "geometry_role": "design_layer",
        "footprint_sqm": 4761.0,
        "stories": 12,
        "height_m": 48
      },
      "geometry": {
        "type": "Polygon",
        "coordinates": [
          [
            [
              3051.0,
              1522.0
            ],
            [
              3051.0,
              1591.0
            ],
            [
              3120.0,
              1591.0
            ],
            [
              3120.0,
              1522.0
            ],
            [
              3051.0,
              1522.0
            ]
          ]
        ]
      }
    },
    {
      "type": "Feature",
      "properties": {
        "id": "bldg_C_025",
        "layer": "buildings",
        "building_type": "C",
        "source_type": "design_model",
        "confidence": 0.7,
        "geometry_role": "design_layer",
        "footprint_sqm": 4761.0,
        "stories": 12,
        "height_m": 48
      },
      "geometry": {
        "type": "Polygon",
        "coordinates": [
          [
            [
              3051.0,
              1615.0
            ],
            [
              3051.0,
              1684.0
            ],
            [
              3120.0,
              1684.0
            ],
            [
              3120.0,
              1615.0
            ],
            [
              3051.0,
              1615.0
            ]
          ]
        ]
      }
    },
    {
      "type": "Feature",
      "properties": {
        "id": "bldg_C_026",
        "layer": "buildings",
        "building_type": "C",
        "source_type": "design_model",
        "confidence": 0.7,
        "geometry_role": "design_layer",
        "footprint_sqm": 4761.0,
        "stories": 12,
        "height_m": 48
      },
      "geometry": {
        "type": "Polygon",
        "coordinates": [
          [
            [
              3051.0,
              1708.0
            ],
            [
              3051.0,
              1777.0
            ],
            [
              3120.0,
              1777.0
            ],
            [
              3120.0,
              1708.0
            ],
            [
              3051.0,
              1708.0
            ]
          ]
        ]
      }
    },
    {
      "type": "Feature",
      "properties": {
        "id": "bldg_C_027",
        "layer": "buildings",
        "building_type": "C",
        "source_type": "design_model",
        "confidence": 0.7,
        "geometry_role": "design_layer",
        "footprint_sqm": 4761.0,
        "stories": 12,
        "height_m": 48
      },
      "geometry": {
        "type": "Polygon",
        "coordinates": [
          [
            [
              3051.0,
              1801.0
            ],
            [
              3051.0,
              1870.0
            ],
            [
              3120.0,
              1870.0
            ],
            [
              3120.0,
              1801.0
            ],
            [
              3051.0,
              1801.0
            ]
          ]
        ]
      }
    },
    {
      "type": "Feature",
      "properties": {
        "id": "bldg_C_028",
        "layer": "buildings",
        "building_type": "C",
        "source_type": "design_model",
        "confidence": 0.7,
        "geometry_role": "design_layer",
        "footprint_sqm": 4761.0,
        "stories": 12,
        "height_m": 48
      },
      "geometry": {
        "type": "Polygon",
        "coordinates": [
          [
            [
              3051.0,
              1894.0
            ],
            [
              3051.0,
              1963.0
            ],
            [
              3120.0,
              1963.0
            ],
            [
              3120.0,
              1894.0
            ],
            [
              3051.0,
              1894.0
            ]
          ]
        ]
      }
    },
    {
      "type": "Feature",
      "properties": {
        "id": "bldg_C_029",
        "layer": "buildings",
        "building_type": "C",
        "source_type": "design_model",
        "confidence": 0.7,
        "geometry_role": "design_layer",
        "footprint_sqm": 4761.0,
        "stories": 12,
        "height_m": 48
      },
      "geometry": {
        "type": "Polygon",
        "coordinates": [
          [
            [
              3051.0,
              1987.0
            ],
            [
              3051.0,
              2056.0
            ],
            [
              3120.0,
              2056.0
            ],
            [
              3120.0,
              1987.0
            ],
            [
              3051.0,
              1987.0
            ]
          ]
        ]
      }
    },
    {
      "type": "Feature",
      "properties": {
        "id": "bldg_C_030",
        "layer": "buildings",
        "building_type": "C",
        "source_type": "design_model",
        "confidence": 0.7,
        "geometry_role": "design_layer",
        "footprint_sqm": 4761.0,
        "stories": 12,
        "height_m": 48
      },
      "geometry": {
        "type": "Polygon",
        "coordinates": [
          [
            [
              3051.0,
              2080.0
            ],
            [
              3051.0,
              2149.0
            ],
            [
              3120.0,
              2149.0
            ],
            [
              3120.0,
              2080.0
            ],
            [
              3051.0,
              2080.0
            ]
          ]
        ]
      }
    },
    {
      "type": "Feature",
      "properties": {
        "id": "bldg_C_031",
        "layer": "buildings",
        "building_type": "C",
        "source_type": "design_model",
        "confidence": 0.7,
        "geometry_role": "design_layer",
        "footprint_sqm": 4761.0,
        "stories": 12,
        "height_m": 48
      },
      "geometry": {
        "type": "Polygon",
        "coordinates": [
          [
            [
              3051.0,
              2173.0
            ],
            [
              3051.0,
              2242.0
            ],
            [
              3120.0,
              2242.0
            ],
            [
              3120.0,
              2173.0
            ],
            [
              3051.0,
              2173.0
            ]
          ]
        ]
      }
    },
    {
      "type": "Feature",
      "properties": {
        "id": "bldg_C_032",
        "layer": "buildings",
        "building_type": "C",
        "source_type": "design_model",
        "confidence": 0.7,
        "geometry_role": "design_layer",
        "footprint_sqm": 4761.0,
        "stories": 12,
        "height_m": 48
      },
      "geometry": {
        "type": "Polygon",
        "coordinates": [
          [
            [
              3144.0,
              778.0
            ],
            [
              3144.0,
              847.0
            ],
            [
              3213.0,
              847.0
            ],
            [
              3213.0,
              778.0
            ],
            [
              3144.0,
              778.0
            ]
          ]
        ]
      }
    },
    {
      "type": "Feature",
      "properties": {
        "id": "bldg_C_033",
        "layer": "buildings",
        "building_type": "C",
        "source_type": "design_model",
        "confidence": 0.7,
        "geometry_role": "design_layer",
        "footprint_sqm": 4761.0,
        "stories": 12,
        "height_m": 48
      },
      "geometry": {
        "type": "Polygon",
        "coordinates": [
          [
            [
              3144.0,
              871.0
            ],
            [
              3144.0,
              940.0
            ],
            [
              3213.0,
              940.0
            ],
            [
              3213.0,
              871.0
            ],
            [
              3144.0,
              871.0
            ]
          ]
        ]
      }
    },
    {
      "type": "Feature",
      "properties": {
        "id": "bldg_C_034",
        "layer": "buildings",
        "building_type": "C",
        "source_type": "design_model",
        "confidence": 0.7,
        "geometry_role": "design_layer",
        "footprint_sqm": 4761.0,
        "stories": 12,
        "height_m": 48
      },
      "geometry": {
        "type": "Polygon",
        "coordinates": [
          [
            [
              3144.0,
              964.0
            ],
            [
              3144.0,
              1033.0
            ],
            [
              3213.0,
              1033.0
            ],
            [
              3213.0,
              964.0
            ],
            [
              3144.0,
              964.0
            ]
          ]
        ]
      }
    },
    {
      "type": "Feature",
      "properties": {
        "id": "bldg_C_035",
        "layer": "buildings",
        "building_type": "C",
        "source_type": "design_model",
        "confidence": 0.7,
        "geometry_role": "design_layer",
        "footprint_sqm": 4761.0,
        "stories": 12,
        "height_m": 48
      },
      "geometry": {
        "type": "Polygon",
        "coordinates": [
          [
            [
              3144.0,
              1057.0
            ],
            [
              3144.0,
              1126.0
            ],
            [
              3213.0,
              1126.0
            ],
            [
              3213.0,
              1057.0
            ],
            [
              3144.0,
              1057.0
            ]
          ]
        ]
      }
    },
    {
      "type": "Feature",
      "properties": {
        "id": "bldg_C_036",
        "layer": "buildings",
        "building_type": "C",
        "source_type": "design_model",
        "confidence": 0.7,
        "geometry_role": "design_layer",
        "footprint_sqm": 4761.0,
        "stories": 12,
        "height_m": 48
      },
      "geometry": {
        "type": "Polygon",
        "coordinates": [
          [
            [
              3144.0,
              1150.0
            ],
            [
              3144.0,
              1219.0
            ],
            [
              3213.0,
              1219.0
            ],
            [
              3213.0,
              1150.0
            ],
            [
              3144.0,
              1150.0
            ]
          ]
        ]
      }
    },
    {
      "type": "Feature",
      "properties": {
        "id": "bldg_C_037",
        "layer": "buildings",
        "building_type": "C",
        "source_type": "design_model",
        "confidence": 0.7,
        "geometry_role": "design_layer",
        "footprint_sqm": 4761.0,
        "stories": 12,
        "height_m": 48
      },
      "geometry": {
        "type": "Polygon",
        "coordinates": [
          [
            [
              3144.0,
              1243.0
            ],
            [
              3144.0,
              1312.0
            ],
            [
              3213.0,
              1312.0
            ],
            [
              3213.0,
              1243.0
            ],
            [
              3144.0,
              1243.0
            ]
          ]
        ]
      }
    },
    {
      "type": "Feature",
      "properties": {
        "id": "bldg_C_038",
        "layer": "buildings",
        "building_type": "C",
        "source_type": "design_model",
        "confidence": 0.7,
        "geometry_role": "design_layer",
        "footprint_sqm": 4761.0,
        "stories": 12,
        "height_m": 48
      },
      "geometry": {
        "type": "Polygon",
        "coordinates": [
          [
            [
              3144.0,
              1336.0
            ],
            [
              3144.0,
              1405.0
            ],
            [
              3213.0,
              1405.0
            ],
            [
              3213.0,
              1336.0
            ],
            [
              3144.0,
              1336.0
            ]
          ]
        ]
      }
    },
    {
      "type": "Feature",
      "properties": {
        "id": "bldg_C_039",
        "layer": "buildings",
        "building_type": "C",
        "source_type": "design_model",
        "confidence": 0.7,
        "geometry_role": "design_layer",
        "footprint_sqm": 4761.0,
        "stories": 12,
        "height_m": 48
      },
      "geometry": {
        "type": "Polygon",
        "coordinates": [
          [
            [
              3144.0,
              1429.0
            ],
            [
              3144.0,
              1498.0
            ],
            [
              3213.0,
              1498.0
            ],
            [
              3213.0,
              1429.0
            ],
            [
              3144.0,
              1429.0
            ]
          ]
        ]
      }
    },
    {
      "type": "Feature",
      "properties": {
        "id": "bldg_C_040",
        "layer": "buildings",
        "building_type": "C",
        "source_type": "design_model",
        "confidence": 0.7,
        "geometry_role": "design_layer",
        "footprint_sqm": 4761.0,
        "stories": 12,
        "height_m": 48
      },
      "geometry": {
        "type": "Polygon",
        "coordinates": [
          [
            [
              3144.0,
              1522.0
            ],
            [
              3144.0,
              1591.0
            ],
            [
              3213.0,
              1591.0
            ],
            [
              3213.0,
              1522.0
            ],
            [
              3144.0,
              1522.0
            ]
          ]
        ]
      }
    },
    {
      "type": "Feature",
      "properties": {
        "id": "bldg_C_041",
        "layer": "buildings",
        "building_type": "C",
        "source_type": "design_model",
        "confidence": 0.7,
        "geometry_role": "design_layer",
        "footprint_sqm": 4761.0,
        "stories": 12,
        "height_m": 48
      },
      "geometry": {
        "type": "Polygon",
        "coordinates": [
          [
            [
              3144.0,
              1615.0
            ],
            [
              3144.0,
              1684.0
            ],
            [
              3213.0,
              1684.0
            ],
            [
              3213.0,
              1615.0
            ],
            [
              3144.0,
              1615.0
            ]
          ]
        ]
      }
    },
    {
      "type": "Feature",
      "properties": {
        "id": "bldg_C_042",
        "layer": "buildings",
        "building_type": "C",
        "source_type": "design_model",
        "confidence": 0.7,
        "geometry_role": "design_layer",
        "footprint_sqm": 4761.0,
        "stories": 12,
        "height_m": 48
      },
      "geometry": {
        "type": "Polygon",
        "coordinates": [
          [
            [
              3144.0,
              1708.0
            ],
            [
              3144.0,
              1777.0
            ],
            [
              3213.0,
              1777.0
            ],
            [
              3213.0,
              1708.0
            ],
            [
              3144.0,
              1708.0
            ]
          ]
        ]
      }
    },
    {
      "type": "Feature",
      "properties": {
        "id": "bldg_C_043",
        "layer": "buildings",
        "building_type": "C",
        "source_type": "design_model",
        "confidence": 0.7,
        "geometry_role": "design_layer",
        "footprint_sqm": 4761.0,
        "stories": 12,
        "height_m": 48
      },
      "geometry": {
        "type": "Polygon",
        "coordinates": [
          [
            [
              3144.0,
              1801.0
            ],
            [
              3144.0,
              1870.0
            ],
            [
              3213.0,
              1870.0
            ],
            [
              3213.0,
              1801.0
            ],
            [
              3144.0,
              1801.0
            ]
          ]
        ]
      }
    },
    {
      "type": "Feature",
      "properties": {
        "id": "bldg_C_044",
        "layer": "buildings",
        "building_type": "C",
        "source_type": "design_model",
        "confidence": 0.7,
        "geometry_role": "design_layer",
        "footprint_sqm": 4761.0,
        "stories": 12,
        "height_m": 48
      },
      "geometry": {
        "type": "Polygon",
        "coordinates": [
          [
            [
              3144.0,
              1894.0
            ],
            [
              3144.0,
              1963.0
            ],
            [
              3213.0,
              1963.0
            ],
            [
              3213.0,
              1894.0
            ],
            [
              3144.0,
              1894.0
            ]
          ]
        ]
      }
    },
    {
      "type": "Feature",
      "properties": {
        "id": "bldg_C_045",
        "layer": "buildings",
        "building_type": "C",
        "source_type": "design_model",
        "confidence": 0.7,
        "geometry_role": "design_layer",
        "footprint_sqm": 4761.0,
        "stories": 12,
        "height_m": 48
      },
      "geometry": {
        "type": "Polygon",
        "coordinates": [
          [
            [
              3144.0,
              1987.0
            ],
            [
              3144.0,
              2056.0
            ],
            [
              3213.0,
              2056.0
            ],
            [
              3213.0,
              1987.0
            ],
            [
              3144.0,
              1987.0
            ]
          ]
        ]
      }
    },
    {
      "type": "Feature",
      "properties": {
        "id": "bldg_C_046",
        "layer": "buildings",
        "building_type": "C",
        "source_type": "design_model",
        "confidence": 0.7,
        "geometry_role": "design_layer",
        "footprint_sqm": 4761.0,
        "stories": 12,
        "height_m": 48
      },
      "geometry": {
        "type": "Polygon",
        "coordinates": [
          [
            [
              3144.0,
              2080.0
            ],
            [
              3144.0,
              2149.0
            ],
            [
              3213.0,
              2149.0
            ],
            [
              3213.0,
              2080.0
            ],
            [
              3144.0,
              2080.0
            ]
          ]
        ]
      }
    },
    {
      "type": "Feature",
      "properties": {
        "id": "bldg_C_047",
        "layer": "buildings",
        "building_type": "C",
        "source_type": "design_model",
        "confidence": 0.7,
        "geometry_role": "design_layer",
        "footprint_sqm": 4761.0,
        "stories": 12,
        "height_m": 48
      },
      "geometry": {
        "type": "Polygon",
        "coordinates": [
          [
            [
              3144.0,
              2173.0
            ],
            [
              3144.0,
              2242.0
            ],
            [
              3213.0,
              2242.0
            ],
            [
              3213.0,
              2173.0
            ],
            [
              3144.0,
              2173.0
            ]
          ]
        ]
      }
    },
    {
      "type": "Feature",
      "properties": {
        "id": "bldg_C_048",
        "layer": "buildings",
        "building_type": "C",
        "source_type": "design_model",
        "confidence": 0.7,
        "geometry_role": "design_layer",
        "footprint_sqm": 4761.0,
        "stories": 12,
        "height_m": 48
      },
      "geometry": {
        "type": "Polygon",
        "coordinates": [
          [
            [
              3237.0,
              778.0
            ],
            [
              3237.0,
              847.0
            ],
            [
              3306.0,
              847.0
            ],
            [
              3306.0,
              778.0
            ],
            [
              3237.0,
              778.0
            ]
          ]
        ]
      }
    },
    {
      "type": "Feature",
      "properties": {
        "id": "bldg_C_049",
        "layer": "buildings",
        "building_type": "C",
        "source_type": "design_model",
        "confidence": 0.7,
        "geometry_role": "design_layer",
        "footprint_sqm": 4761.0,
        "stories": 12,
        "height_m": 48
      },
      "geometry": {
        "type": "Polygon",
        "coordinates": [
          [
            [
              3237.0,
              871.0
            ],
            [
              3237.0,
              940.0
            ],
            [
              3306.0,
              940.0
            ],
            [
              3306.0,
              871.0
            ],
            [
              3237.0,
              871.0
            ]
          ]
        ]
      }
    },
    {
      "type": "Feature",
      "properties": {
        "id": "bldg_C_050",
        "layer": "buildings",
        "building_type": "C",
        "source_type": "design_model",
        "confidence": 0.7,
        "geometry_role": "design_layer",
        "footprint_sqm": 4761.0,
        "stories": 12,
        "height_m": 48
      },
      "geometry": {
        "type": "Polygon",
        "coordinates": [
          [
            [
              3237.0,
              964.0
            ],
            [
              3237.0,
              1033.0
            ],
            [
              3306.0,
              1033.0
            ],
            [
              3306.0,
              964.0
            ],
            [
              3237.0,
              964.0
            ]
          ]
        ]
      }
    },
    {
      "type": "Feature",
      "properties": {
        "id": "bldg_C_051",
        "layer": "buildings",
        "building_type": "C",
        "source_type": "design_model",
        "confidence": 0.7,
        "geometry_role": "design_layer",
        "footprint_sqm": 4761.0,
        "stories": 12,
        "height_m": 48
      },
      "geometry": {
        "type": "Polygon",
        "coordinates": [
          [
            [
              3237.0,
              1057.0
            ],
            [
              3237.0,
              1126.0
            ],
            [
              3306.0,
              1126.0
            ],
            [
              3306.0,
              1057.0
            ],
            [
              3237.0,
              1057.0
            ]
          ]
        ]
      }
    },
    {
      "type": "Feature",
      "properties": {
        "id": "bldg_C_052",
        "layer": "buildings",
        "building_type": "C",
        "source_type": "design_model",
        "confidence": 0.7,
        "geometry_role": "design_layer",
        "footprint_sqm": 4761.0,
        "stories": 12,
        "height_m": 48
      },
      "geometry": {
        "type": "Polygon",
        "coordinates": [
          [
            [
              3237.0,
              1150.0
            ],
            [
              3237.0,
              1219.0
            ],
            [
              3306.0,
              1219.0
            ],
            [
              3306.0,
              1150.0
            ],
            [
              3237.0,
              1150.0
            ]
          ]
        ]
      }
    },
    {
      "type": "Feature",
      "properties": {
        "id": "bldg_C_053",
        "layer": "buildings",
        "building_type": "C",
        "source_type": "design_model",
        "confidence": 0.7,
        "geometry_role": "design_layer",
        "footprint_sqm": 4761.0,
        "stories": 12,
        "height_m": 48
      },
      "geometry": {
        "type": "Polygon",
        "coordinates": [
          [
            [
              3237.0,
              1243.0
            ],
            [
              3237.0,
              1312.0
            ],
            [
              3306.0,
              1312.0
            ],
            [
              3306.0,
              1243.0
            ],
            [
              3237.0,
              1243.0
            ]
          ]
        ]
      }
    },
    {
      "type": "Feature",
      "properties": {
        "id": "bldg_C_054",
        "layer": "buildings",
        "building_type": "C",
        "source_type": "design_model",
        "confidence": 0.7,
        "geometry_role": "design_layer",
        "footprint_sqm": 4761.0,
        "stories": 12,
        "height_m": 48
      },
      "geometry": {
        "type": "Polygon",
        "coordinates": [
          [
            [
              3237.0,
              1336.0
            ],
            [
              3237.0,
              1405.0
            ],
            [
              3306.0,
              1405.0
            ],
            [
              3306.0,
              1336.0
            ],
            [
              3237.0,
              1336.0
            ]
          ]
        ]
      }
    },
    {
      "type": "Feature",
      "properties": {
        "id": "bldg_C_055",
        "layer": "buildings",
        "building_type": "C",
        "source_type": "design_model",
        "confidence": 0.7,
        "geometry_role": "design_layer",
        "footprint_sqm": 4761.0,
        "stories": 12,
        "height_m": 48
      },
      "geometry": {
        "type": "Polygon",
        "coordinates": [
          [
            [
              3237.0,
              1429.0
            ],
            [
              3237.0,
              1498.0
            ],
            [
              3306.0,
              1498.0
            ],
            [
              3306.0,
              1429.0
            ],
            [
              3237.0,
              1429.0
            ]
          ]
        ]
      }
    },
    {
      "type": "Feature",
      "properties": {
        "id": "bldg_C_056",
        "layer": "buildings",
        "building_type": "C",
        "source_type": "design_model",
        "confidence": 0.7,
        "geometry_role": "design_layer",
        "footprint_sqm": 4761.0,
        "stories": 12,
        "height_m": 48
      },
      "geometry": {
        "type": "Polygon",
        "coordinates": [
          [
            [
              3237.0,
              1522.0
            ],
            [
              3237.0,
              1591.0
            ],
            [
              3306.0,
              1591.0
            ],
            [
              3306.0,
              1522.0
            ],
            [
              3237.0,
              1522.0
            ]
          ]
        ]
      }
    },
    {
      "type": "Feature",
      "properties": {
        "id": "bldg_C_057",
        "layer": "buildings",
        "building_type": "C",
        "source_type": "design_model",
        "confidence": 0.7,
        "geometry_role": "design_layer",
        "footprint_sqm": 4761.0,
        "stories": 12,
        "height_m": 48
      },
      "geometry": {
        "type": "Polygon",
        "coordinates": [
          [
            [
              3237.0,
              1615.0
            ],
            [
              3237.0,
              1684.0
            ],
            [
              3306.0,
              1684.0
            ],
            [
              3306.0,
              1615.0
            ],
            [
              3237.0,
              1615.0
            ]
          ]
        ]
      }
    },
    {
      "type": "Feature",
      "properties": {
        "id": "bldg_C_058",
        "layer": "buildings",
        "building_type": "C",
        "source_type": "design_model",
        "confidence": 0.7,
        "geometry_role": "design_layer",
        "footprint_sqm": 4761.0,
        "stories": 12,
        "height_m": 48
      },
      "geometry": {
        "type": "Polygon",
        "coordinates": [
          [
            [
              3237.0,
              1708.0
            ],
            [
              3237.0,
              1777.0
            ],
            [
              3306.0,
              1777.0
            ],
            [
              3306.0,
              1708.0
            ],
            [
              3237.0,
              1708.0
            ]
          ]
        ]
      }
    },
    {
      "type": "Feature",
      "properties": {
        "id": "bldg_C_059",
        "layer": "buildings",
        "building_type": "C",
        "source_type": "design_model",
        "confidence": 0.7,
        "geometry_role": "design_layer",
        "footprint_sqm": 4761.0,
        "stories": 12,
        "height_m": 48
      },
      "geometry": {
        "type": "Polygon",
        "coordinates": [
          [
            [
              3237.0,
              1801.0
            ],
            [
              3237.0,
              1870.0
            ],
            [
              3306.0,
              1870.0
            ],
            [
              3306.0,
              1801.0
            ],
            [
              3237.0,
              1801.0
            ]
          ]
        ]
      }
    },
    {
      "type": "Feature",
      "properties": {
        "id": "bldg_C_060",
        "layer": "buildings",
        "building_type": "C",
        "source_type": "design_model",
        "confidence": 0.7,
        "geometry_role": "design_layer",
        "footprint_sqm": 4761.0,
        "stories": 12,
        "height_m": 48
      },
      "geometry": {
        "type": "Polygon",
        "coordinates": [
          [
            [
              3237.0,
              1894.0
            ],
            [
              3237.0,
              1963.0
            ],
            [
              3306.0,
              1963.0
            ],
            [
              3306.0,
              1894.0
            ],
            [
              3237.0,
              1894.0
            ]
          ]
        ]
      }
    },
    {
      "type": "Feature",
      "properties": {
        "id": "bldg_C_061",
        "layer": "buildings",
        "building_type": "C",
        "source_type": "design_model",
        "confidence": 0.7,
        "geometry_role": "design_layer",
        "footprint_sqm": 4761.0,
        "stories": 12,
        "height_m": 48
      },
      "geometry": {
        "type": "Polygon",
        "coordinates": [
          [
            [
              3237.0,
              1987.0
            ],
            [
              3237.0,
              2056.0
            ],
            [
              3306.0,
              2056.0
            ],
            [
              3306.0,
              1987.0
            ],
            [
              3237.0,
              1987.0
            ]
          ]
        ]
      }
    },
    {
      "type": "Feature",
      "properties": {
        "id": "bldg_C_062",
        "layer": "buildings",
        "building_type": "C",
        "source_type": "design_model",
        "confidence": 0.7,
        "geometry_role": "design_layer",
        "footprint_sqm": 4761.0,
        "stories": 12,
        "height_m": 48
      },
      "geometry": {
        "type": "Polygon",
        "coordinates": [
          [
            [
              3237.0,
              2080.0
            ],
            [
              3237.0,
              2149.0
            ],
            [
              3306.0,
              2149.0
            ],
            [
              3306.0,
              2080.0
            ],
            [
              3237.0,
              2080.0
            ]
          ]
        ]
      }
    },
    {
      "type": "Feature",
      "properties": {
        "id": "bldg_C_063",
        "layer": "buildings",
        "building_type": "C",
        "source_type": "design_model",
        "confidence": 0.7,
        "geometry_role": "design_layer",
        "footprint_sqm": 4761.0,
        "stories": 12,
        "height_m": 48
      },
      "geometry": {
        "type": "Polygon",
        "coordinates": [
          [
            [
              3237.0,
              2173.0
            ],
            [
              3237.0,
              2242.0
            ],
            [
              3306.0,
              2242.0
            ],
            [
              3306.0,
              2173.0
            ],
            [
              3237.0,
              2173.0
            ]
          ]
        ]
      }
    },
    {
      "type": "Feature",
      "properties": {
        "id": "bldg_C_064",
        "layer": "buildings",
        "building_type": "C",
        "source_type": "design_model",
        "confidence": 0.7,
        "geometry_role": "design_layer",
        "footprint_sqm": 4761.0,
        "stories": 12,
        "height_m": 48
      },
      "geometry": {
        "type": "Polygon",
        "coordinates": [
          [
            [
              3330.0,
              778.0
            ],
            [
              3330.0,
              847.0
            ],
            [
              3399.0,
              847.0
            ],
            [
              3399.0,
              778.0
            ],
            [
              3330.0,
              778.0
            ]
          ]
        ]
      }
    },
    {
      "type": "Feature",
      "properties": {
        "id": "bldg_C_065",
        "layer": "buildings",
        "building_type": "C",
        "source_type": "design_model",
        "confidence": 0.7,
        "geometry_role": "design_layer",
        "footprint_sqm": 4761.0,
        "stories": 12,
        "height_m": 48
      },
      "geometry": {
        "type": "Polygon",
        "coordinates": [
          [
            [
              3330.0,
              871.0
            ],
            [
              3330.0,
              940.0
            ],
            [
              3399.0,
              940.0
            ],
            [
              3399.0,
              871.0
            ],
            [
              3330.0,
              871.0
            ]
          ]
        ]
      }
    },
    {
      "type": "Feature",
      "properties": {
        "id": "bldg_C_066",
        "layer": "buildings",
        "building_type": "C",
        "source_type": "design_model",
        "confidence": 0.7,
        "geometry_role": "design_layer",
        "footprint_sqm": 4761.0,
        "stories": 12,
        "height_m": 48
      },
      "geometry": {
        "type": "Polygon",
        "coordinates": [
          [
            [
              3330.0,
              964.0
            ],
            [
              3330.0,
              1033.0
            ],
            [
              3399.0,
              1033.0
            ],
            [
              3399.0,
              964.0
            ],
            [
              3330.0,
              964.0
            ]
          ]
        ]
      }
    },
    {
      "type": "Feature",
      "properties": {
        "id": "bldg_C_067",
        "layer": "buildings",
        "building_type": "C",
        "source_type": "design_model",
        "confidence": 0.7,
        "geometry_role": "design_layer",
        "footprint_sqm": 4761.0,
        "stories": 12,
        "height_m": 48
      },
      "geometry": {
        "type": "Polygon",
        "coordinates": [
          [
            [
              3330.0,
              1057.0
            ],
            [
              3330.0,
              1126.0
            ],
            [
              3399.0,
              1126.0
            ],
            [
              3399.0,
              1057.0
            ],
            [
              3330.0,
              1057.0
            ]
          ]
        ]
      }
    },
    {
      "type": "Feature",
      "properties": {
        "id": "bldg_C_068",
        "layer": "buildings",
        "building_type": "C",
        "source_type": "design_model",
        "confidence": 0.7,
        "geometry_role": "design_layer",
        "footprint_sqm": 4761.0,
        "stories": 12,
        "height_m": 48
      },
      "geometry": {
        "type": "Polygon",
        "coordinates": [
          [
            [
              3330.0,
              1150.0
            ],
            [
              3330.0,
              1219.0
            ],
            [
              3399.0,
              1219.0
            ],
            [
              3399.0,
              1150.0
            ],
            [
              3330.0,
              1150.0
            ]
          ]
        ]
      }
    },
    {
      "type": "Feature",
      "properties": {
        "id": "bldg_C_069",
        "layer": "buildings",
        "building_type": "C",
        "source_type": "design_model",
        "confidence": 0.7,
        "geometry_role": "design_layer",
        "footprint_sqm": 4761.0,
        "stories": 12,
        "height_m": 48
      },
      "geometry": {
        "type": "Polygon",
        "coordinates": [
          [
            [
              3330.0,
              1243.0
            ],
            [
              3330.0,
              1312.0
            ],
            [
              3399.0,
              1312.0
            ],
            [
              3399.0,
              1243.0
            ],
            [
              3330.0,
              1243.0
            ]
          ]
        ]
      }
    },
    {
      "type": "Feature",
      "properties": {
        "id": "bldg_C_070",
        "layer": "buildings",
        "building_type": "C",
        "source_type": "design_model",
        "confidence": 0.7,
        "geometry_role": "design_layer",
        "footprint_sqm": 4761.0,
        "stories": 12,
        "height_m": 48
      },
      "geometry": {
        "type": "Polygon",
        "coordinates": [
          [
            [
              3330.0,
              1336.0
            ],
            [
              3330.0,
              1405.0
            ],
            [
              3399.0,
              1405.0
            ],
            [
              3399.0,
              1336.0
            ],
            [
              3330.0,
              1336.0
            ]
          ]
        ]
      }
    },
    {
      "type": "Feature",
      "properties": {
        "id": "bldg_C_071",
        "layer": "buildings",
        "building_type": "C",
        "source_type": "design_model",
        "confidence": 0.7,
        "geometry_role": "design_layer",
        "footprint_sqm": 4761.0,
        "stories": 12,
        "height_m": 48
      },
      "geometry": {
        "type": "Polygon",
        "coordinates": [
          [
            [
              3330.0,
              1429.0
            ],
            [
              3330.0,
              1498.0
            ],
            [
              3399.0,
              1498.0
            ],
            [
              3399.0,
              1429.0
            ],
            [
              3330.0,
              1429.0
            ]
          ]
        ]
      }
    },
    {
      "type": "Feature",
      "properties": {
        "id": "bldg_C_072",
        "layer": "buildings",
        "building_type": "C",
        "source_type": "design_model",
        "confidence": 0.7,
        "geometry_role": "design_layer",
        "footprint_sqm": 4761.0,
        "stories": 12,
        "height_m": 48
      },
      "geometry": {
        "type": "Polygon",
        "coordinates": [
          [
            [
              3330.0,
              1522.0
            ],
            [
              3330.0,
              1591.0
            ],
            [
              3399.0,
              1591.0
            ],
            [
              3399.0,
              1522.0
            ],
            [
              3330.0,
              1522.0
            ]
          ]
        ]
      }
    },
    {
      "type": "Feature",
      "properties": {
        "id": "bldg_C_073",
        "layer": "buildings",
        "building_type": "C",
        "source_type": "design_model",
        "confidence": 0.7,
        "geometry_role": "design_layer",
        "footprint_sqm": 4761.0,
        "stories": 12,
        "height_m": 48
      },
      "geometry": {
        "type": "Polygon",
        "coordinates": [
          [
            [
              3330.0,
              1615.0
            ],
            [
              3330.0,
              1684.0
            ],
            [
              3399.0,
              1684.0
            ],
            [
              3399.0,
              1615.0
            ],
            [
              3330.0,
              1615.0
            ]
          ]
        ]
      }
    },
    {
      "type": "Feature",
      "properties": {
        "id": "bldg_C_074",
        "layer": "buildings",
        "building_type": "C",
        "source_type": "design_model",
        "confidence": 0.7,
        "geometry_role": "design_layer",
        "footprint_sqm": 4761.0,
        "stories": 12,
        "height_m": 48
      },
      "geometry": {
        "type": "Polygon",
        "coordinates": [
          [
            [
              3330.0,
              1708.0
            ],
            [
              3330.0,
              1777.0
            ],
            [
              3399.0,
              1777.0
            ],
            [
              3399.0,
              1708.0
            ],
            [
              3330.0,
              1708.0
            ]
          ]
        ]
      }
    },
    {
      "type": "Feature",
      "properties": {
        "id": "bldg_C_075",
        "layer": "buildings",
        "building_type": "C",
        "source_type": "design_model",
        "confidence": 0.7,
        "geometry_role": "design_layer",
        "footprint_sqm": 4761.0,
        "stories": 12,
        "height_m": 48
      },
      "geometry": {
        "type": "Polygon",
        "coordinates": [
          [
            [
              3330.0,
              1801.0
            ],
            [
              3330.0,
              1870.0
            ],
            [
              3399.0,
              1870.0
            ],
            [
              3399.0,
              1801.0
            ],
            [
              3330.0,
              1801.0
            ]
          ]
        ]
      }
    },
    {
      "type": "Feature",
      "properties": {
        "id": "bldg_C_076",
        "layer": "buildings",
        "building_type": "C",
        "source_type": "design_model",
        "confidence": 0.7,
        "geometry_role": "design_layer",
        "footprint_sqm": 4761.0,
        "stories": 12,
        "height_m": 48
      },
      "geometry": {
        "type": "Polygon",
        "coordinates": [
          [
            [
              3330.0,
              1894.0
            ],
            [
              3330.0,
              1963.0
            ],
            [
              3399.0,
              1963.0
            ],
            [
              3399.0,
              1894.0
            ],
            [
              3330.0,
              1894.0
            ]
          ]
        ]
      }
    },
    {
      "type": "Feature",
      "properties": {
        "id": "bldg_C_077",
        "layer": "buildings",
        "building_type": "C",
        "source_type": "design_model",
        "confidence": 0.7,
        "geometry_role": "design_layer",
        "footprint_sqm": 4761.0,
        "stories": 12,
        "height_m": 48
      },
      "geometry": {
        "type": "Polygon",
        "coordinates": [
          [
            [
              3330.0,
              1987.0
            ],
            [
              3330.0,
              2056.0
            ],
            [
              3399.0,
              2056.0
            ],
            [
              3399.0,
              1987.0
            ],
            [
              3330.0,
              1987.0
            ]
          ]
        ]
      }
    },
    {
      "type": "Feature",
      "properties": {
        "id": "bldg_C_078",
        "layer": "buildings",
        "building_type": "C",
        "source_type": "design_model",
        "confidence": 0.7,
        "geometry_role": "design_layer",
        "footprint_sqm": 4761.0,
        "stories": 12,
        "height_m": 48
      },
      "geometry": {
        "type": "Polygon",
        "coordinates": [
          [
            [
              3330.0,
              2080.0
            ],
            [
              3330.0,
              2149.0
            ],
            [
              3399.0,
              2149.0
            ],
            [
              3399.0,
              2080.0
            ],
            [
              3330.0,
              2080.0
            ]
          ]
        ]
      }
    },
    {
      "type": "Feature",
      "properties": {
        "id": "bldg_C_079",
        "layer": "buildings",
        "building_type": "C",
        "source_type": "design_model",
        "confidence": 0.7,
        "geometry_role": "design_layer",
        "footprint_sqm": 4761.0,
        "stories": 12,
        "height_m": 48
      },
      "geometry": {
        "type": "Polygon",
        "coordinates": [
          [
            [
              3330.0,
              2173.0
            ],
            [
              3330.0,
              2242.0
            ],
            [
              3399.0,
              2242.0
            ],
            [
              3399.0,
              2173.0
            ],
            [
              3330.0,
              2173.0
            ]
          ]
        ]
      }
    },
    {
      "type": "Feature",
      "properties": {
        "id": "bldg_C_080",
        "layer": "buildings",
        "building_type": "C",
        "source_type": "design_model",
        "confidence": 0.7,
        "geometry_role": "design_layer",
        "footprint_sqm": 4761.0,
        "stories": 12,
        "height_m": 48
      },
      "geometry": {
        "type": "Polygon",
        "coordinates": [
          [
            [
              3423.0,
              778.0
            ],
            [
              3423.0,
              847.0
            ],
            [
              3492.0,
              847.0
            ],
            [
              3492.0,
              778.0
            ],
            [
              3423.0,
              778.0
            ]
          ]
        ]
      }
    },
    {
      "type": "Feature",
      "properties": {
        "id": "bldg_C_081",
        "layer": "buildings",
        "building_type": "C",
        "source_type": "design_model",
        "confidence": 0.7,
        "geometry_role": "design_layer",
        "footprint_sqm": 4761.0,
        "stories": 12,
        "height_m": 48
      },
      "geometry": {
        "type": "Polygon",
        "coordinates": [
          [
            [
              3423.0,
              871.0
            ],
            [
              3423.0,
              940.0
            ],
            [
              3492.0,
              940.0
            ],
            [
              3492.0,
              871.0
            ],
            [
              3423.0,
              871.0
            ]
          ]
        ]
      }
    },
    {
      "type": "Feature",
      "properties": {
        "id": "bldg_C_082",
        "layer": "buildings",
        "building_type": "C",
        "source_type": "design_model",
        "confidence": 0.7,
        "geometry_role": "design_layer",
        "footprint_sqm": 4761.0,
        "stories": 12,
        "height_m": 48
      },
      "geometry": {
        "type": "Polygon",
        "coordinates": [
          [
            [
              3423.0,
              964.0
            ],
            [
              3423.0,
              1033.0
            ],
            [
              3492.0,
              1033.0
            ],
            [
              3492.0,
              964.0
            ],
            [
              3423.0,
              964.0
            ]
          ]
        ]
      }
    },
    {
      "type": "Feature",
      "properties": {
        "id": "bldg_C_083",
        "layer": "buildings",
        "building_type": "C",
        "source_type": "design_model",
        "confidence": 0.7,
        "geometry_role": "design_layer",
        "footprint_sqm": 4761.0,
        "stories": 12,
        "height_m": 48
      },
      "geometry": {
        "type": "Polygon",
        "coordinates": [
          [
            [
              3423.0,
              1057.0
            ],
            [
              3423.0,
              1126.0
            ],
            [
              3492.0,
              1126.0
            ],
            [
              3492.0,
              1057.0
            ],
            [
              3423.0,
              1057.0
            ]
          ]
        ]
      }
    },
    {
      "type": "Feature",
      "properties": {
        "id": "bldg_C_084",
        "layer": "buildings",
        "building_type": "C",
        "source_type": "design_model",
        "confidence": 0.7,
        "geometry_role": "design_layer",
        "footprint_sqm": 4761.0,
        "stories": 12,
        "height_m": 48
      },
      "geometry": {
        "type": "Polygon",
        "coordinates": [
          [
            [
              3423.0,
              1150.0
            ],
            [
              3423.0,
              1219.0
            ],
            [
              3492.0,
              1219.0
            ],
            [
              3492.0,
              1150.0
            ],
            [
              3423.0,
              1150.0
            ]
          ]
        ]
      }
    },
    {
      "type": "Feature",
      "properties": {
        "id": "bldg_C_085",
        "layer": "buildings",
        "building_type": "C",
        "source_type": "design_model",
        "confidence": 0.7,
        "geometry_role": "design_layer",
        "footprint_sqm": 4761.0,
        "stories": 12,
        "height_m": 48
      },
      "geometry": {
        "type": "Polygon",
        "coordinates": [
          [
            [
              3423.0,
              1243.0
            ],
            [
              3423.0,
              1312.0
            ],
            [
              3492.0,
              1312.0
            ],
            [
              3492.0,
              1243.0
            ],
            [
              3423.0,
              1243.0
            ]
          ]
        ]
      }
    },
    {
      "type": "Feature",
      "properties": {
        "id": "bldg_C_086",
        "layer": "buildings",
        "building_type": "C",
        "source_type": "design_model",
        "confidence": 0.7,
        "geometry_role": "design_layer",
        "footprint_sqm": 4761.0,
        "stories": 12,
        "height_m": 48
      },
      "geometry": {
        "type": "Polygon",
        "coordinates": [
          [
            [
              3423.0,
              1336.0
            ],
            [
              3423.0,
              1405.0
            ],
            [
              3492.0,
              1405.0
            ],
            [
              3492.0,
              1336.0
            ],
            [
              3423.0,
              1336.0
            ]
          ]
        ]
      }
    },
    {
      "type": "Feature",
      "properties": {
        "id": "bldg_C_087",
        "layer": "buildings",
        "building_type": "C",
        "source_type": "design_model",
        "confidence": 0.7,
        "geometry_role": "design_layer",
        "footprint_sqm": 4761.0,
        "stories": 12,
        "height_m": 48
      },
      "geometry": {
        "type": "Polygon",
        "coordinates": [
          [
            [
              3423.0,
              1429.0
            ],
            [
              3423.0,
              1498.0
            ],
            [
              3492.0,
              1498.0
            ],
            [
              3492.0,
              1429.0
            ],
            [
              3423.0,
              1429.0
            ]
          ]
        ]
      }
    },
    {
      "type": "Feature",
      "properties": {
        "id": "bldg_C_088",
        "layer": "buildings",
        "building_type": "C",
        "source_type": "design_model",
        "confidence": 0.7,
        "geometry_role": "design_layer",
        "footprint_sqm": 4761.0,
        "stories": 12,
        "height_m": 48
      },
      "geometry": {
        "type": "Polygon",
        "coordinates": [
          [
            [
              3423.0,
              1522.0
            ],
            [
              3423.0,
              1591.0
            ],
            [
              3492.0,
              1591.0
            ],
            [
              3492.0,
              1522.0
            ],
            [
              3423.0,
              1522.0
            ]
          ]
        ]
      }
    },
    {
      "type": "Feature",
      "properties": {
        "id": "bldg_C_089",
        "layer": "buildings",
        "building_type": "C",
        "source_type": "design_model",
        "confidence": 0.7,
        "geometry_role": "design_layer",
        "footprint_sqm": 4761.0,
        "stories": 12,
        "height_m": 48
      },
      "geometry": {
        "type": "Polygon",
        "coordinates": [
          [
            [
              3423.0,
              1615.0
            ],
            [
              3423.0,
              1684.0
            ],
            [
              3492.0,
              1684.0
            ],
            [
              3492.0,
              1615.0
            ],
            [
              3423.0,
              1615.0
            ]
          ]
        ]
      }
    },
    {
      "type": "Feature",
      "properties": {
        "id": "bldg_C_090",
        "layer": "buildings",
        "building_type": "C",
        "source_type": "design_model",
        "confidence": 0.7,
        "geometry_role": "design_layer",
        "footprint_sqm": 4761.0,
        "stories": 12,
        "height_m": 48
      },
      "geometry": {
        "type": "Polygon",
        "coordinates": [
          [
            [
              3423.0,
              1708.0
            ],
            [
              3423.0,
              1777.0
            ],
            [
              3492.0,
              1777.0
            ],
            [
              3492.0,
              1708.0
            ],
            [
              3423.0,
              1708.0
            ]
          ]
        ]
      }
    },
    {
      "type": "Feature",
      "properties": {
        "id": "bldg_C_091",
        "layer": "buildings",
        "building_type": "C",
        "source_type": "design_model",
        "confidence": 0.7,
        "geometry_role": "design_layer",
        "footprint_sqm": 4761.0,
        "stories": 12,
        "height_m": 48
      },
      "geometry": {
        "type": "Polygon",
        "coordinates": [
          [
            [
              3423.0,
              1801.0
            ],
            [
              3423.0,
              1870.0
            ],
            [
              3492.0,
              1870.0
            ],
            [
              3492.0,
              1801.0
            ],
            [
              3423.0,
              1801.0
            ]
          ]
        ]
      }
    },
    {
      "type": "Feature",
      "properties": {
        "id": "bldg_C_092",
        "layer": "buildings",
        "building_type": "C",
        "source_type": "design_model",
        "confidence": 0.7,
        "geometry_role": "design_layer",
        "footprint_sqm": 4761.0,
        "stories": 12,
        "height_m": 48
      },
      "geometry": {
        "type": "Polygon",
        "coordinates": [
          [
            [
              3423.0,
              1894.0
            ],
            [
              3423.0,
              1963.0
            ],
            [
              3492.0,
              1963.0
            ],
            [
              3492.0,
              1894.0
            ],
            [
              3423.0,
              1894.0
            ]
          ]
        ]
      }
    },
    {
      "type": "Feature",
      "properties": {
        "id": "bldg_C_093",
        "layer": "buildings",
        "building_type": "C",
        "source_type": "design_model",
        "confidence": 0.7,
        "geometry_role": "design_layer",
        "footprint_sqm": 4761.0,
        "stories": 12,
        "height_m": 48
      },
      "geometry": {
        "type": "Polygon",
        "coordinates": [
          [
            [
              3423.0,
              1987.0
            ],
            [
              3423.0,
              2056.0
            ],
            [
              3492.0,
              2056.0
            ],
            [
              3492.0,
              1987.0
            ],
            [
              3423.0,
              1987.0
            ]
          ]
        ]
      }
    },
    {
      "type": "Feature",
      "properties": {
        "id": "bldg_C_094",
        "layer": "buildings",
        "building_type": "C",
        "source_type": "design_model",
        "confidence": 0.7,
        "geometry_role": "design_layer",
        "footprint_sqm": 4761.0,
        "stories": 12,
        "height_m": 48
      },
      "geometry": {
        "type": "Polygon",
        "coordinates": [
          [
            [
              3423.0,
              2080.0
            ],
            [
              3423.0,
              2149.0
            ],
            [
              3492.0,
              2149.0
            ],
            [
              3492.0,
              2080.0
            ],
            [
              3423.0,
              2080.0
            ]
          ]
        ]
      }
    },
    {
      "type": "Feature",
      "properties": {
        "id": "bldg_C_095",
        "layer": "buildings",
        "building_type": "C",
        "source_type": "design_model",
        "confidence": 0.7,
        "geometry_role": "design_layer",
        "footprint_sqm": 4761.0,
        "stories": 12,
        "height_m": 48
      },
      "geometry": {
        "type": "Polygon",
        "coordinates": [
          [
            [
              3423.0,
              2173.0
            ],
            [
              3423.0,
              2242.0
            ],
            [
              3492.0,
              2242.0
            ],
            [
              3492.0,
              2173.0
            ],
            [
              3423.0,
              2173.0
            ]
          ]
        ]
      }
    },
    {
      "type": "Feature",
      "properties": {
        "id": "bldg_C_096",
        "layer": "buildings",
        "building_type": "C",
        "source_type": "design_model",
        "confidence": 0.7,
        "geometry_role": "design_layer",
        "footprint_sqm": 4761.0,
        "stories": 12,
        "height_m": 48
      },
      "geometry": {
        "type": "Polygon",
        "coordinates": [
          [
            [
              3516.0,
              778.0
            ],
            [
              3516.0,
              847.0
            ],
            [
              3585.0,
              847.0
            ],
            [
              3585.0,
              778.0
            ],
            [
              3516.0,
              778.0
            ]
          ]
        ]
      }
    },
    {
      "type": "Feature",
      "properties": {
        "id": "bldg_C_097",
        "layer": "buildings",
        "building_type": "C",
        "source_type": "design_model",
        "confidence": 0.7,
        "geometry_role": "design_layer",
        "footprint_sqm": 4761.0,
        "stories": 12,
        "height_m": 48
      },
      "geometry": {
        "type": "Polygon",
        "coordinates": [
          [
            [
              3516.0,
              871.0
            ],
            [
              3516.0,
              940.0
            ],
            [
              3585.0,
              940.0
            ],
            [
              3585.0,
              871.0
            ],
            [
              3516.0,
              871.0
            ]
          ]
        ]
      }
    },
    {
      "type": "Feature",
      "properties": {
        "id": "bldg_C_098",
        "layer": "buildings",
        "building_type": "C",
        "source_type": "design_model",
        "confidence": 0.7,
        "geometry_role": "design_layer",
        "footprint_sqm": 4761.0,
        "stories": 12,
        "height_m": 48
      },
      "geometry": {
        "type": "Polygon",
        "coordinates": [
          [
            [
              3516.0,
              964.0
            ],
            [
              3516.0,
              1033.0
            ],
            [
              3585.0,
              1033.0
            ],
            [
              3585.0,
              964.0
            ],
            [
              3516.0,
              964.0
            ]
          ]
        ]
      }
    },
    {
      "type": "Feature",
      "properties": {
        "id": "bldg_C_099",
        "layer": "buildings",
        "building_type": "C",
        "source_type": "design_model",
        "confidence": 0.7,
        "geometry_role": "design_layer",
        "footprint_sqm": 4761.0,
        "stories": 12,
        "height_m": 48
      },
      "geometry": {
        "type": "Polygon",
        "coordinates": [
          [
            [
              3516.0,
              1057.0
            ],
            [
              3516.0,
              1126.0
            ],
            [
              3585.0,
              1126.0
            ],
            [
              3585.0,
              1057.0
            ],
            [
              3516.0,
              1057.0
            ]
          ]
        ]
      }
    },
    {
      "type": "Feature",
      "properties": {
        "id": "bldg_C_100",
        "layer": "buildings",
        "building_type": "C",
        "source_type": "design_model",
        "confidence": 0.7,
        "geometry_role": "design_layer",
        "footprint_sqm": 4761.0,
        "stories": 12,
        "height_m": 48
      },
      "geometry": {
        "type": "Polygon",
        "coordinates": [
          [
            [
              3516.0,
              1150.0
            ],
            [
              3516.0,
              1219.0
            ],
            [
              3585.0,
              1219.0
            ],
            [
              3585.0,
              1150.0
            ],
            [
              3516.0,
              1150.0
            ]
          ]
        ]
      }
    },
    {
      "type": "Feature",
      "properties": {
        "id": "bldg_C_101",
        "layer": "buildings",
        "building_type": "C",
        "source_type": "design_model",
        "confidence": 0.7,
        "geometry_role": "design_layer",
        "footprint_sqm": 4761.0,
        "stories": 12,
        "height_m": 48
      },
      "geometry": {
        "type": "Polygon",
        "coordinates": [
          [
            [
              3516.0,
              1243.0
            ],
            [
              3516.0,
              1312.0
            ],
            [
              3585.0,
              1312.0
            ],
            [
              3585.0,
              1243.0
            ],
            [
              3516.0,
              1243.0
            ]
          ]
        ]
      }
    },
    {
      "type": "Feature",
      "properties": {
        "id": "bldg_C_102",
        "layer": "buildings",
        "building_type": "C",
        "source_type": "design_model",
        "confidence": 0.7,
        "geometry_role": "design_layer",
        "footprint_sqm": 4761.0,
        "stories": 12,
        "height_m": 48
      },
      "geometry": {
        "type": "Polygon",
        "coordinates": [
          [
            [
              3516.0,
              1336.0
            ],
            [
              3516.0,
              1405.0
            ],
            [
              3585.0,
              1405.0
            ],
            [
              3585.0,
              1336.0
            ],
            [
              3516.0,
              1336.0
            ]
          ]
        ]
      }
    },
    {
      "type": "Feature",
      "properties": {
        "id": "bldg_C_103",
        "layer": "buildings",
        "building_type": "C",
        "source_type": "design_model",
        "confidence": 0.7,
        "geometry_role": "design_layer",
        "footprint_sqm": 4761.0,
        "stories": 12,
        "height_m": 48
      },
      "geometry": {
        "type": "Polygon",
        "coordinates": [
          [
            [
              3516.0,
              1429.0
            ],
            [
              3516.0,
              1498.0
            ],
            [
              3585.0,
              1498.0
            ],
            [
              3585.0,
              1429.0
            ],
            [
              3516.0,
              1429.0
            ]
          ]
        ]
      }
    },
    {
      "type": "Feature",
      "properties": {
        "id": "bldg_C_104",
        "layer": "buildings",
        "building_type": "C",
        "source_type": "design_model",
        "confidence": 0.7,
        "geometry_role": "design_layer",
        "footprint_sqm": 4761.0,
        "stories": 12,
        "height_m": 48
      },
      "geometry": {
        "type": "Polygon",
        "coordinates": [
          [
            [
              3516.0,
              1522.0
            ],
            [
              3516.0,
              1591.0
            ],
            [
              3585.0,
              1591.0
            ],
            [
              3585.0,
              1522.0
            ],
            [
              3516.0,
              1522.0
            ]
          ]
        ]
      }
    },
    {
      "type": "Feature",
      "properties": {
        "id": "bldg_C_105",
        "layer": "buildings",
        "building_type": "C",
        "source_type": "design_model",
        "confidence": 0.7,
        "geometry_role": "design_layer",
        "footprint_sqm": 4761.0,
        "stories": 12,
        "height_m": 48
      },
      "geometry": {
        "type": "Polygon",
        "coordinates": [
          [
            [
              3516.0,
              1615.0
            ],
            [
              3516.0,
              1684.0
            ],
            [
              3585.0,
              1684.0
            ],
            [
              3585.0,
              1615.0
            ],
            [
              3516.0,
              1615.0
            ]
          ]
        ]
      }
    },
    {
      "type": "Feature",
      "properties": {
        "id": "bldg_C_106",
        "layer": "buildings",
        "building_type": "C",
        "source_type": "design_model",
        "confidence": 0.7,
        "geometry_role": "design_layer",
        "footprint_sqm": 4761.0,
        "stories": 12,
        "height_m": 48
      },
      "geometry": {
        "type": "Polygon",
        "coordinates": [
          [
            [
              3516.0,
              1708.0
            ],
            [
              3516.0,
              1777.0
            ],
            [
              3585.0,
              1777.0
            ],
            [
              3585.0,
              1708.0
            ],
            [
              3516.0,
              1708.0
            ]
          ]
        ]
      }
    },
    {
      "type": "Feature",
      "properties": {
        "id": "bldg_C_107",
        "layer": "buildings",
        "building_type": "C",
        "source_type": "design_model",
        "confidence": 0.7,
        "geometry_role": "design_layer",
        "footprint_sqm": 4761.0,
        "stories": 12,
        "height_m": 48
      },
      "geometry": {
        "type": "Polygon",
        "coordinates": [
          [
            [
              3516.0,
              1801.0
            ],
            [
              3516.0,
              1870.0
            ],
            [
              3585.0,
              1870.0
            ],
            [
              3585.0,
              1801.0
            ],
            [
              3516.0,
              1801.0
            ]
          ]
        ]
      }
    },
    {
      "type": "Feature",
      "properties": {
        "id": "bldg_C_108",
        "layer": "buildings",
        "building_type": "C",
        "source_type": "design_model",
        "confidence": 0.7,
        "geometry_role": "design_layer",
        "footprint_sqm": 4761.0,
        "stories": 12,
        "height_m": 48
      },
      "geometry": {
        "type": "Polygon",
        "coordinates": [
          [
            [
              3516.0,
              1894.0
            ],
            [
              3516.0,
              1963.0
            ],
            [
              3585.0,
              1963.0
            ],
            [
              3585.0,
              1894.0
            ],
            [
              3516.0,
              1894.0
            ]
          ]
        ]
      }
    },
    {
      "type": "Feature",
      "properties": {
        "id": "bldg_C_109",
        "layer": "buildings",
        "building_type": "C",
        "source_type": "design_model",
        "confidence": 0.7,
        "geometry_role": "design_layer",
        "footprint_sqm": 4761.0,
        "stories": 12,
        "height_m": 48
      },
      "geometry": {
        "type": "Polygon",
        "coordinates": [
          [
            [
              3516.0,
              1987.0
            ],
            [
              3516.0,
              2056.0
            ],
            [
              3585.0,
              2056.0
            ],
            [
              3585.0,
              1987.0
            ],
            [
              3516.0,
              1987.0
            ]
          ]
        ]
      }
    },
    {
      "type": "Feature",
      "properties": {
        "id": "bldg_C_110",
        "layer": "buildings",
        "building_type": "C",
        "source_type": "design_model",
        "confidence": 0.7,
        "geometry_role": "design_layer",
        "footprint_sqm": 4761.0,
        "stories": 12,
        "height_m": 48
      },
      "geometry": {
        "type": "Polygon",
        "coordinates": [
          [
            [
              3516.0,
              2080.0
            ],
            [
              3516.0,
              2149.0
            ],
            [
              3585.0,
              2149.0
            ],
            [
              3585.0,
              2080.0
            ],
            [
              3516.0,
              2080.0
            ]
          ]
        ]
      }
    },
    {
      "type": "Feature",
      "properties": {
        "id": "bldg_C_111",
        "layer": "buildings",
        "building_type": "C",
        "source_type": "design_model",
        "confidence": 0.7,
        "geometry_role": "design_layer",
        "footprint_sqm": 4761.0,
        "stories": 12,
        "height_m": 48
      },
      "geometry": {
        "type": "Polygon",
        "coordinates": [
          [
            [
              3516.0,
              2173.0
            ],
            [
              3516.0,
              2242.0
            ],
            [
              3585.0,
              2242.0
            ],
            [
              3585.0,
              2173.0
            ],
            [
              3516.0,
              2173.0
            ]
          ]
        ]
      }
    },
    {
      "type": "Feature",
      "properties": {
        "id": "bldg_C_112",
        "layer": "buildings",
        "building_type": "C",
        "source_type": "design_model",
        "confidence": 0.7,
        "geometry_role": "design_layer",
        "footprint_sqm": 4761.0,
        "stories": 12,
        "height_m": 48
      },
      "geometry": {
        "type": "Polygon",
        "coordinates": [
          [
            [
              3609.0,
              778.0
            ],
            [
              3609.0,
              847.0
            ],
            [
              3678.0,
              847.0
            ],
            [
              3678.0,
              778.0
            ],
            [
              3609.0,
              778.0
            ]
          ]
        ]
      }
    },
    {
      "type": "Feature",
      "properties": {
        "id": "bldg_C_113",
        "layer": "buildings",
        "building_type": "C",
        "source_type": "design_model",
        "confidence": 0.7,
        "geometry_role": "design_layer",
        "footprint_sqm": 4761.0,
        "stories": 12,
        "height_m": 48
      },
      "geometry": {
        "type": "Polygon",
        "coordinates": [
          [
            [
              3609.0,
              871.0
            ],
            [
              3609.0,
              940.0
            ],
            [
              3678.0,
              940.0
            ],
            [
              3678.0,
              871.0
            ],
            [
              3609.0,
              871.0
            ]
          ]
        ]
      }
    },
    {
      "type": "Feature",
      "properties": {
        "id": "bldg_C_114",
        "layer": "buildings",
        "building_type": "C",
        "source_type": "design_model",
        "confidence": 0.7,
        "geometry_role": "design_layer",
        "footprint_sqm": 4761.0,
        "stories": 12,
        "height_m": 48
      },
      "geometry": {
        "type": "Polygon",
        "coordinates": [
          [
            [
              3609.0,
              964.0
            ],
            [
              3609.0,
              1033.0
            ],
            [
              3678.0,
              1033.0
            ],
            [
              3678.0,
              964.0
            ],
            [
              3609.0,
              964.0
            ]
          ]
        ]
      }
    },
    {
      "type": "Feature",
      "properties": {
        "id": "bldg_C_115",
        "layer": "buildings",
        "building_type": "C",
        "source_type": "design_model",
        "confidence": 0.7,
        "geometry_role": "design_layer",
        "footprint_sqm": 4761.0,
        "stories": 12,
        "height_m": 48
      },
      "geometry": {
        "type": "Polygon",
        "coordinates": [
          [
            [
              3609.0,
              1057.0
            ],
            [
              3609.0,
              1126.0
            ],
            [
              3678.0,
              1126.0
            ],
            [
              3678.0,
              1057.0
            ],
            [
              3609.0,
              1057.0
            ]
          ]
        ]
      }
    },
    {
      "type": "Feature",
      "properties": {
        "id": "bldg_C_116",
        "layer": "buildings",
        "building_type": "C",
        "source_type": "design_model",
        "confidence": 0.7,
        "geometry_role": "design_layer",
        "footprint_sqm": 4761.0,
        "stories": 12,
        "height_m": 48
      },
      "geometry": {
        "type": "Polygon",
        "coordinates": [
          [
            [
              3609.0,
              1150.0
            ],
            [
              3609.0,
              1219.0
            ],
            [
              3678.0,
              1219.0
            ],
            [
              3678.0,
              1150.0
            ],
            [
              3609.0,
              1150.0
            ]
          ]
        ]
      }
    },
    {
      "type": "Feature",
      "properties": {
        "id": "bldg_C_117",
        "layer": "buildings",
        "building_type": "C",
        "source_type": "design_model",
        "confidence": 0.7,
        "geometry_role": "design_layer",
        "footprint_sqm": 4761.0,
        "stories": 12,
        "height_m": 48
      },
      "geometry": {
        "type": "Polygon",
        "coordinates": [
          [
            [
              3609.0,
              1243.0
            ],
            [
              3609.0,
              1312.0
            ],
            [
              3678.0,
              1312.0
            ],
            [
              3678.0,
              1243.0
            ],
            [
              3609.0,
              1243.0
            ]
          ]
        ]
      }
    },
    {
      "type": "Feature",
      "properties": {
        "id": "bldg_C_118",
        "layer": "buildings",
        "building_type": "C",
        "source_type": "design_model",
        "confidence": 0.7,
        "geometry_role": "design_layer",
        "footprint_sqm": 4761.0,
        "stories": 12,
        "height_m": 48
      },
      "geometry": {
        "type": "Polygon",
        "coordinates": [
          [
            [
              3609.0,
              1336.0
            ],
            [
              3609.0,
              1405.0
            ],
            [
              3678.0,
              1405.0
            ],
            [
              3678.0,
              1336.0
            ],
            [
              3609.0,
              1336.0
            ]
          ]
        ]
      }
    },
    {
      "type": "Feature",
      "properties": {
        "id": "bldg_C_119",
        "layer": "buildings",
        "building_type": "C",
        "source_type": "design_model",
        "confidence": 0.7,
        "geometry_role": "design_layer",
        "footprint_sqm": 4761.0,
        "stories": 12,
        "height_m": 48
      },
      "geometry": {
        "type": "Polygon",
        "coordinates": [
          [
            [
              3609.0,
              1429.0
            ],
            [
              3609.0,
              1498.0
            ],
            [
              3678.0,
              1498.0
            ],
            [
              3678.0,
              1429.0
            ],
            [
              3609.0,
              1429.0
            ]
          ]
        ]
      }
    },
    {
      "type": "Feature",
      "properties": {
        "id": "bldg_C_120",
        "layer": "buildings",
        "building_type": "C",
        "source_type": "design_model",
        "confidence": 0.7,
        "geometry_role": "design_layer",
        "footprint_sqm": 4761.0,
        "stories": 12,
        "height_m": 48
      },
      "geometry": {
        "type": "Polygon",
        "coordinates": [
          [
            [
              3609.0,
              1522.0
            ],
            [
              3609.0,
              1591.0
            ],
            [
              3678.0,
              1591.0
            ],
            [
              3678.0,
              1522.0
            ],
            [
              3609.0,
              1522.0
            ]
          ]
        ]
      }
    },
    {
      "type": "Feature",
      "properties": {
        "id": "bldg_C_121",
        "layer": "buildings",
        "building_type": "C",
        "source_type": "design_model",
        "confidence": 0.7,
        "geometry_role": "design_layer",
        "footprint_sqm": 4761.0,
        "stories": 12,
        "height_m": 48
      },
      "geometry": {
        "type": "Polygon",
        "coordinates": [
          [
            [
              3609.0,
              1615.0
            ],
            [
              3609.0,
              1684.0
            ],
            [
              3678.0,
              1684.0
            ],
            [
              3678.0,
              1615.0
            ],
            [
              3609.0,
              1615.0
            ]
          ]
        ]
      }
    },
    {
      "type": "Feature",
      "properties": {
        "id": "bldg_C_122",
        "layer": "buildings",
        "building_type": "C",
        "source_type": "design_model",
        "confidence": 0.7,
        "geometry_role": "design_layer",
        "footprint_sqm": 4761.0,
        "stories": 12,
        "height_m": 48
      },
      "geometry": {
        "type": "Polygon",
        "coordinates": [
          [
            [
              3609.0,
              1708.0
            ],
            [
              3609.0,
              1777.0
            ],
            [
              3678.0,
              1777.0
            ],
            [
              3678.0,
              1708.0
            ],
            [
              3609.0,
              1708.0
            ]
          ]
        ]
      }
    },
    {
      "type": "Feature",
      "properties": {
        "id": "bldg_C_123",
        "layer": "buildings",
        "building_type": "C",
        "source_type": "design_model",
        "confidence": 0.7,
        "geometry_role": "design_layer",
        "footprint_sqm": 4761.0,
        "stories": 12,
        "height_m": 48
      },
      "geometry": {
        "type": "Polygon",
        "coordinates": [
          [
            [
              3609.0,
              1801.0
            ],
            [
              3609.0,
              1870.0
            ],
            [
              3678.0,
              1870.0
            ],
            [
              3678.0,
              1801.0
            ],
            [
              3609.0,
              1801.0
            ]
          ]
        ]
      }
    },
    {
      "type": "Feature",
      "properties": {
        "id": "bldg_C_124",
        "layer": "buildings",
        "building_type": "C",
        "source_type": "design_model",
        "confidence": 0.7,
        "geometry_role": "design_layer",
        "footprint_sqm": 4761.0,
        "stories": 12,
        "height_m": 48
      },
      "geometry": {
        "type": "Polygon",
        "coordinates": [
          [
            [
              3609.0,
              1894.0
            ],
            [
              3609.0,
              1963.0
            ],
            [
              3678.0,
              1963.0
            ],
            [
              3678.0,
              1894.0
            ],
            [
              3609.0,
              1894.0
            ]
          ]
        ]
      }
    },
    {
      "type": "Feature",
      "properties": {
        "id": "bldg_C_125",
        "layer": "buildings",
        "building_type": "C",
        "source_type": "design_model",
        "confidence": 0.7,
        "geometry_role": "design_layer",
        "footprint_sqm": 4761.0,
        "stories": 12,
        "height_m": 48
      },
      "geometry": {
        "type": "Polygon",
        "coordinates": [
          [
            [
              3609.0,
              1987.0
            ],
            [
              3609.0,
              2056.0
            ],
            [
              3678.0,
              2056.0
            ],
            [
              3678.0,
              1987.0
            ],
            [
              3609.0,
              1987.0
            ]
          ]
        ]
      }
    },
    {
      "type": "Feature",
      "properties": {
        "id": "bldg_C_126",
        "layer": "buildings",
        "building_type": "C",
        "source_type": "design_model",
        "confidence": 0.7,
        "geometry_role": "design_layer",
        "footprint_sqm": 4761.0,
        "stories": 12,
        "height_m": 48
      },
      "geometry": {
        "type": "Polygon",
        "coordinates": [
          [
            [
              3609.0,
              2080.0
            ],
            [
              3609.0,
              2149.0
            ],
            [
              3678.0,
              2149.0
            ],
            [
              3678.0,
              2080.0
            ],
            [
              3609.0,
              2080.0
            ]
          ]
        ]
      }
    },
    {
      "type": "Feature",
      "properties": {
        "id": "bldg_C_127",
        "layer": "buildings",
        "building_type": "C",
        "source_type": "design_model",
        "confidence": 0.7,
        "geometry_role": "design_layer",
        "footprint_sqm": 4761.0,
        "stories": 12,
        "height_m": 48
      },
      "geometry": {
        "type": "Polygon",
        "coordinates": [
          [
            [
              3702.0,
              778.0
            ],
            [
              3702.0,
              847.0
            ],
            [
              3771.0,
              847.0
            ],
            [
              3771.0,
              778.0
            ],
            [
              3702.0,
              778.0
            ]
          ]
        ]
      }
    },
    {
      "type": "Feature",
      "properties": {
        "id": "bldg_C_128",
        "layer": "buildings",
        "building_type": "C",
        "source_type": "design_model",
        "confidence": 0.7,
        "geometry_role": "design_layer",
        "footprint_sqm": 4761.0,
        "stories": 12,
        "height_m": 48
      },
      "geometry": {
        "type": "Polygon",
        "coordinates": [
          [
            [
              3702.0,
              871.0
            ],
            [
              3702.0,
              940.0
            ],
            [
              3771.0,
              940.0
            ],
            [
              3771.0,
              871.0
            ],
            [
              3702.0,
              871.0
            ]
          ]
        ]
      }
    },
    {
      "type": "Feature",
      "properties": {
        "id": "bldg_C_129",
        "layer": "buildings",
        "building_type": "C",
        "source_type": "design_model",
        "confidence": 0.7,
        "geometry_role": "design_layer",
        "footprint_sqm": 4761.0,
        "stories": 12,
        "height_m": 48
      },
      "geometry": {
        "type": "Polygon",
        "coordinates": [
          [
            [
              3702.0,
              964.0
            ],
            [
              3702.0,
              1033.0
            ],
            [
              3771.0,
              1033.0
            ],
            [
              3771.0,
              964.0
            ],
            [
              3702.0,
              964.0
            ]
          ]
        ]
      }
    },
    {
      "type": "Feature",
      "properties": {
        "id": "bldg_C_130",
        "layer": "buildings",
        "building_type": "C",
        "source_type": "design_model",
        "confidence": 0.7,
        "geometry_role": "design_layer",
        "footprint_sqm": 4761.0,
        "stories": 12,
        "height_m": 48
      },
      "geometry": {
        "type": "Polygon",
        "coordinates": [
          [
            [
              3702.0,
              1057.0
            ],
            [
              3702.0,
              1126.0
            ],
            [
              3771.0,
              1126.0
            ],
            [
              3771.0,
              1057.0
            ],
            [
              3702.0,
              1057.0
            ]
          ]
        ]
      }
    },
    {
      "type": "Feature",
      "properties": {
        "id": "bldg_C_131",
        "layer": "buildings",
        "building_type": "C",
        "source_type": "design_model",
        "confidence": 0.7,
        "geometry_role": "design_layer",
        "footprint_sqm": 4761.0,
        "stories": 12,
        "height_m": 48
      },
      "geometry": {
        "type": "Polygon",
        "coordinates": [
          [
            [
              3702.0,
              1150.0
            ],
            [
              3702.0,
              1219.0
            ],
            [
              3771.0,
              1219.0
            ],
            [
              3771.0,
              1150.0
            ],
            [
              3702.0,
              1150.0
            ]
          ]
        ]
      }
    },
    {
      "type": "Feature",
      "properties": {
        "id": "bldg_C_132",
        "layer": "buildings",
        "building_type": "C",
        "source_type": "design_model",
        "confidence": 0.7,
        "geometry_role": "design_layer",
        "footprint_sqm": 4761.0,
        "stories": 12,
        "height_m": 48
      },
      "geometry": {
        "type": "Polygon",
        "coordinates": [
          [
            [
              3702.0,
              1243.0
            ],
            [
              3702.0,
              1312.0
            ],
            [
              3771.0,
              1312.0
            ],
            [
              3771.0,
              1243.0
            ],
            [
              3702.0,
              1243.0
            ]
          ]
        ]
      }
    },
    {
      "type": "Feature",
      "properties": {
        "id": "bldg_C_133",
        "layer": "buildings",
        "building_type": "C",
        "source_type": "design_model",
        "confidence": 0.7,
        "geometry_role": "design_layer",
        "footprint_sqm": 4761.0,
        "stories": 12,
        "height_m": 48
      },
      "geometry": {
        "type": "Polygon",
        "coordinates": [
          [
            [
              3702.0,
              1336.0
            ],
            [
              3702.0,
              1405.0
            ],
            [
              3771.0,
              1405.0
            ],
            [
              3771.0,
              1336.0
            ],
            [
              3702.0,
              1336.0
            ]
          ]
        ]
      }
    },
    {
      "type": "Feature",
      "properties": {
        "id": "bldg_C_134",
        "layer": "buildings",
        "building_type": "C",
        "source_type": "design_model",
        "confidence": 0.7,
        "geometry_role": "design_layer",
        "footprint_sqm": 4761.0,
        "stories": 12,
        "height_m": 48
      },
      "geometry": {
        "type": "Polygon",
        "coordinates": [
          [
            [
              3702.0,
              1429.0
            ],
            [
              3702.0,
              1498.0
            ],
            [
              3771.0,
              1498.0
            ],
            [
              3771.0,
              1429.0
            ],
            [
              3702.0,
              1429.0
            ]
          ]
        ]
      }
    },
    {
      "type": "Feature",
      "properties": {
        "id": "bldg_C_135",
        "layer": "buildings",
        "building_type": "C",
        "source_type": "design_model",
        "confidence": 0.7,
        "geometry_role": "design_layer",
        "footprint_sqm": 4761.0,
        "stories": 12,
        "height_m": 48
      },
      "geometry": {
        "type": "Polygon",
        "coordinates": [
          [
            [
              3702.0,
              1522.0
            ],
            [
              3702.0,
              1591.0
            ],
            [
              3771.0,
              1591.0
            ],
            [
              3771.0,
              1522.0
            ],
            [
              3702.0,
              1522.0
            ]
          ]
        ]
      }
    },
    {
      "type": "Feature",
      "properties": {
        "id": "bldg_C_136",
        "layer": "buildings",
        "building_type": "C",
        "source_type": "design_model",
        "confidence": 0.7,
        "geometry_role": "design_layer",
        "footprint_sqm": 4761.0,
        "stories": 12,
        "height_m": 48
      },
      "geometry": {
        "type": "Polygon",
        "coordinates": [
          [
            [
              3702.0,
              1615.0
            ],
            [
              3702.0,
              1684.0
            ],
            [
              3771.0,
              1684.0
            ],
            [
              3771.0,
              1615.0
            ],
            [
              3702.0,
              1615.0
            ]
          ]
        ]
      }
    },
    {
      "type": "Feature",
      "properties": {
        "id": "bldg_C_137",
        "layer": "buildings",
        "building_type": "C",
        "source_type": "design_model",
        "confidence": 0.7,
        "geometry_role": "design_layer",
        "footprint_sqm": 4761.0,
        "stories": 12,
        "height_m": 48
      },
      "geometry": {
        "type": "Polygon",
        "coordinates": [
          [
            [
              3702.0,
              1708.0
            ],
            [
              3702.0,
              1777.0
            ],
            [
              3771.0,
              1777.0
            ],
            [
              3771.0,
              1708.0
            ],
            [
              3702.0,
              1708.0
            ]
          ]
        ]
      }
    },
    {
      "type": "Feature",
      "properties": {
        "id": "bldg_C_138",
        "layer": "buildings",
        "building_type": "C",
        "source_type": "design_model",
        "confidence": 0.7,
        "geometry_role": "design_layer",
        "footprint_sqm": 4761.0,
        "stories": 12,
        "height_m": 48
      },
      "geometry": {
        "type": "Polygon",
        "coordinates": [
          [
            [
              3702.0,
              1801.0
            ],
            [
              3702.0,
              1870.0
            ],
            [
              3771.0,
              1870.0
            ],
            [
              3771.0,
              1801.0
            ],
            [
              3702.0,
              1801.0
            ]
          ]
        ]
      }
    },
    {
      "type": "Feature",
      "properties": {
        "id": "bldg_C_139",
        "layer": "buildings",
        "building_type": "C",
        "source_type": "design_model",
        "confidence": 0.7,
        "geometry_role": "design_layer",
        "footprint_sqm": 4761.0,
        "stories": 12,
        "height_m": 48
      },
      "geometry": {
        "type": "Polygon",
        "coordinates": [
          [
            [
              3702.0,
              1894.0
            ],
            [
              3702.0,
              1963.0
            ],
            [
              3771.0,
              1963.0
            ],
            [
              3771.0,
              1894.0
            ],
            [
              3702.0,
              1894.0
            ]
          ]
        ]
      }
    },
    {
      "type": "Feature",
      "properties": {
        "id": "bldg_C_140",
        "layer": "buildings",
        "building_type": "C",
        "source_type": "design_model",
        "confidence": 0.7,
        "geometry_role": "design_layer",
        "footprint_sqm": 4761.0,
        "stories": 12,
        "height_m": 48
      },
      "geometry": {
        "type": "Polygon",
        "coordinates": [
          [
            [
              3702.0,
              1987.0
            ],
            [
              3702.0,
              2056.0
            ],
            [
              3771.0,
              2056.0
            ],
            [
              3771.0,
              1987.0
            ],
            [
              3702.0,
              1987.0
            ]
          ]
        ]
      }
    },
    {
      "type": "Feature",
      "properties": {
        "id": "bldg_C_141",
        "layer": "buildings",
        "building_type": "C",
        "source_type": "design_model",
        "confidence": 0.7,
        "geometry_role": "design_layer",
        "footprint_sqm": 4761.0,
        "stories": 12,
        "height_m": 48
      },
      "geometry": {
        "type": "Polygon",
        "coordinates": [
          [
            [
              3702.0,
              2080.0
            ],
            [
              3702.0,
              2149.0
            ],
            [
              3771.0,
              2149.0
            ],
            [
              3771.0,
              2080.0
            ],
            [
              3702.0,
              2080.0
            ]
          ]
        ]
      }
    },
    {
      "type": "Feature",
      "properties": {
        "id": "bldg_P_000",
        "layer": "buildings",
        "building_type": "P",
        "source_type": "design_model",
        "confidence": 0.7,
        "geometry_role": "design_layer",
        "footprint_sqm": 6241.0,
        "stories": 3,
        "height_m": 15
      },
      "geometry": {
        "type": "Polygon",
        "coordinates": [
          [
            [
              2688.0,
              1458.0
            ],
            [
              2688.0,
              1537.0
            ],
            [
              2767.0,
              1537.0
            ],
            [
              2767.0,
              1458.0
            ],
            [
              2688.0,
              1458.0
            ]
          ]
        ]
      }
    },
    {
      "type": "Feature",
      "properties": {
        "id": "bldg_P_001",
        "layer": "buildings",
        "building_type": "P",
        "source_type": "design_model",
        "confidence": 0.7,
        "geometry_role": "design_layer",
        "footprint_sqm": 6241.0,
        "stories": 3,
        "height_m": 15
      },
      "geometry": {
        "type": "Polygon",
        "coordinates": [
          [
            [
              2688.0,
              1561.0
            ],
            [
              2688.0,
              1640.0
            ],
            [
              2767.0,
              1640.0
            ],
            [
              2767.0,
              1561.0
            ],
            [
              2688.0,
              1561.0
            ]
          ]
        ]
      }
    },
    {
      "type": "Feature",
      "properties": {
        "id": "bldg_P_002",
        "layer": "buildings",
        "building_type": "P",
        "source_type": "design_model",
        "confidence": 0.7,
        "geometry_role": "design_layer",
        "footprint_sqm": 6241.0,
        "stories": 3,
        "height_m": 15
      },
      "geometry": {
        "type": "Polygon",
        "coordinates": [
          [
            [
              2791.0,
              1458.0
            ],
            [
              2791.0,
              1537.0
            ],
            [
              2870.0,
              1537.0
            ],
            [
              2870.0,
              1458.0
            ],
            [
              2791.0,
              1458.0
            ]
          ]
        ]
      }
    },
    {
      "type": "Feature",
      "properties": {
        "id": "bldg_P_003",
        "layer": "buildings",
        "building_type": "P",
        "source_type": "design_model",
        "confidence": 0.7,
        "geometry_role": "design_layer",
        "footprint_sqm": 6241.0,
        "stories": 3,
        "height_m": 15
      },
      "geometry": {
        "type": "Polygon",
        "coordinates": [
          [
            [
              2791.0,
              1561.0
            ],
            [
              2791.0,
              1640.0
            ],
            [
              2870.0,
              1640.0
            ],
            [
              2870.0,
              1561.0
            ],
            [
              2791.0,
              1561.0
            ]
          ]
        ]
      }
    },
    {
      "type": "Feature",
      "properties": {
        "id": "bldg_D_000",
        "layer": "buildings",
        "building_type": "D",
        "source_type": "design_model",
        "confidence": 0.7,
        "geometry_role": "design_layer",
        "footprint_sqm": 10816.0,
        "stories": 3,
        "height_m": 15
      },
      "geometry": {
        "type": "Polygon",
        "coordinates": [
          [
            [
              488.0,
              1518.0
            ],
            [
              488.0,
              1622.0
            ],
            [
              592.0,
              1622.0
            ],
            [
              592.0,
              1518.0
            ],
            [
              488.0,
              1518.0
            ]
          ]
        ]
      }
    },
    {
      "type": "Feature",
      "properties": {
        "id": "bldg_D_001",
        "layer": "buildings",
        "building_type": "D",
        "source_type": "design_model",
        "confidence": 0.7,
        "geometry_role": "design_layer",
        "footprint_sqm": 10816.0,
        "stories": 3,
        "height_m": 15
      },
      "geometry": {
        "type": "Polygon",
        "coordinates": [
          [
            [
              488.0,
              1646.0
            ],
            [
              488.0,
              1750.0
            ],
            [
              592.0,
              1750.0
            ],
            [
              592.0,
              1646.0
            ],
            [
              488.0,
              1646.0
            ]
          ]
        ]
      }
    },
    {
      "type": "Feature",
      "properties": {
        "id": "bldg_D_002",
        "layer": "buildings",
        "building_type": "D",
        "source_type": "design_model",
        "confidence": 0.7,
        "geometry_role": "design_layer",
        "footprint_sqm": 10816.0,
        "stories": 3,
        "height_m": 15
      },
      "geometry": {
        "type": "Polygon",
        "coordinates": [
          [
            [
              616.0,
              1518.0
            ],
            [
              616.0,
              1622.0
            ],
            [
              720.0,
              1622.0
            ],
            [
              720.0,
              1518.0
            ],
            [
              616.0,
              1518.0
            ]
          ]
        ]
      }
    },
    {
      "type": "Feature",
      "properties": {
        "id": "bldg_D_003",
        "layer": "buildings",
        "building_type": "D",
        "source_type": "design_model",
        "confidence": 0.7,
        "geometry_role": "design_layer",
        "footprint_sqm": 10816.0,
        "stories": 3,
        "height_m": 15
      },
      "geometry": {
        "type": "Polygon",
        "coordinates": [
          [
            [
              616.0,
              1646.0
            ],
            [
              616.0,
              1750.0
            ],
            [
              720.0,
              1750.0
            ],
            [
              720.0,
              1646.0
            ],
            [
              616.0,
              1646.0
            ]
          ]
        ]
      }
    },
    {
      "type": "Feature",
      "properties": {
        "id": "bldg_D_004",
        "layer": "buildings",
        "building_type": "D",
        "source_type": "design_model",
        "confidence": 0.7,
        "geometry_role": "design_layer",
        "footprint_sqm": 10816.0,
        "stories": 3,
        "height_m": 15
      },
      "geometry": {
        "type": "Polygon",
        "coordinates": [
          [
            [
              744.0,
              1518.0
            ],
            [
              744.0,
              1622.0
            ],
            [
              848.0,
              1622.0
            ],
            [
              848.0,
              1518.0
            ],
            [
              744.0,
              1518.0
            ]
          ]
        ]
      }
    },
    {
      "type": "Feature",
      "properties": {
        "id": "bldg_D_005",
        "layer": "buildings",
        "building_type": "D",
        "source_type": "design_model",
        "confidence": 0.7,
        "geometry_role": "design_layer",
        "footprint_sqm": 10816.0,
        "stories": 3,
        "height_m": 15
      },
      "geometry": {
        "type": "Polygon",
        "coordinates": [
          [
            [
              744.0,
              1646.0
            ],
            [
              744.0,
              1750.0
            ],
            [
              848.0,
              1750.0
            ],
            [
              848.0,
              1646.0
            ],
            [
              744.0,
              1646.0
            ]
          ]
        ]
      }
    }
  ]
}